rebalance_date,entry_date,exit_date,n_long,n_short,long_names,short_names,weighted_return,turnover_frac,cost,capital_before,capital_after,net_pnl
2020-07-22 00:00:00+00:00,2020-07-23 00:00:00+00:00,2020-07-30 00:00:00+00:00,3,3,"STX,SNX,CHZ","COMP,NEO,XTZ",0.01859324630423204,0.49999999999999994,14.999999999999998,10000.0,10170.93246304232,170.9324630423198
2020-07-29 00:00:00+00:00,2020-07-30 00:00:00+00:00,2020-08-06 00:00:00+00:00,3,3,"STX,SNX,CHZ","COMP,NEO,XTZ",0.061265660002376376,0.0,0.0,10170.93246304232,10794.061353230203,623.1288901878834
2020-08-05 00:00:00+00:00,2020-08-06 00:00:00+00:00,2020-08-13 00:00:00+00:00,3,3,"STX,CHZ,SNX","COMP,NEO,XTZ",-0.0286638090409162,0.0,0.0,10794.061353230203,10484.662439825279,-309.3989134049243
2020-08-12 00:00:00+00:00,2020-08-13 00:00:00+00:00,2020-08-20 00:00:00+00:00,3,3,"DCR,STX,CHZ","COMP,NEO,XTZ",0.03233971956628208,0.16666666666666666,5.242331219912639,10484.662439825279,10818.491151656444,333.8287118311655
2020-08-19 00:00:00+00:00,2020-08-20 00:00:00+00:00,2020-08-27 00:00:00+00:00,3,3,"DCR,STX,MANA","COMP,NEO,XTZ",0.022964859458759902,0.16666666666666666,5.409245575828222,10818.491151656444,11061.527034934243,243.03588327779835
2020-08-26 00:00:00+00:00,2020-08-27 00:00:00+00:00,2020-09-03 00:00:00+00:00,4,4,"DCR,MANA,STX,CHZ","THETA,COMP,NEO,XTZ",-0.06202327446247939,0.24999999999999994,8.296145276200681,11061.527034934243,10367.15876239618,-694.3682725380622
2020-09-02 00:00:00+00:00,2020-09-03 00:00:00+00:00,2020-09-10 00:00:00+00:00,4,4,"DCR,MANA,CHZ,STX","COMP,CRV,NEO,XTZ",0.0707172349989568,0.125,3.887684535898568,10367.15876239618,11096.407880332146,729.2491179359658
2020-09-09 00:00:00+00:00,2020-09-10 00:00:00+00:00,2020-09-17 00:00:00+00:00,4,4,"DCR,MANA,CHZ,STX","COMP,CRV,NEO,XTZ",0.033723297364956925,0.0,0.0,11096.407880332146,11470.615342963438,374.2074626312915
2020-09-16 00:00:00+00:00,2020-09-17 00:00:00+00:00,2020-09-24 00:00:00+00:00,5,5,"DCR,MANA,CHZ,STX,RUNE","THETA,COMP,CRV,NEO,XTZ",-0.04476307963260227,0.2,6.882369205778063,11470.615342963438,10950.272905725638,-520.3424372377995
2020-09-23 00:00:00+00:00,2020-09-24 00:00:00+00:00,2020-10-01 00:00:00+00:00,5,5,"DCR,MANA,CHZ,STX,FET","COMP,THETA,CRV,NEO,XTZ",0.03398212840151802,0.1,3.285081871717692,10950.272905725638,11319.101403767952,368.8284980423141
2020-09-30 00:00:00+00:00,2020-10-01 00:00:00+00:00,2020-10-08 00:00:00+00:00,5,5,"DCR,CHZ,MANA,STX,RUNE","COMP,CRV,THETA,XTZ,NEO",0.03399049205892214,0.1,3.3957304211303856,11319.101403767952,11700.447499725731,381.34609595777874
2020-10-07 00:00:00+00:00,2020-10-08 00:00:00+00:00,2020-10-15 00:00:00+00:00,5,5,"DCR,STX,CHZ,MANA,FET","COMP,CRV,THETA,XTZ,NEO",0.03551039266073171,0.1,3.5101342499177193,11700.447499725731,12112.42485049735,411.97735077161815
2020-10-14 00:00:00+00:00,2020-10-15 00:00:00+00:00,2020-10-22 00:00:00+00:00,5,5,"DCR,STX,MANA,CHZ,FET","CRV,COMP,THETA,XTZ,NEO",0.03297711390460825,0.0,0.0,12112.42485049735,12511.857664453208,399.43281395585836
2020-10-21 00:00:00+00:00,2020-10-22 00:00:00+00:00,2020-10-29 00:00:00+00:00,5,5,"DCR,MANA,STX,CHZ,FET","CRV,COMP,THETA,XTZ,NEO",-0.04705930548290223,0.0,0.0,12511.857664453208,11923.058332463112,-588.7993319900961
2020-10-28 00:00:00+00:00,2020-10-29 00:00:00+00:00,2020-11-05 00:00:00+00:00,5,5,"DCR,MANA,STX,CHZ,FET","CRV,COMP,THETA,XTZ,NEO",0.06069732607461682,0.0,0.0,11923.058332463112,12646.756091875302,723.6977594121909
2020-11-04 00:00:00+00:00,2020-11-05 00:00:00+00:00,2020-11-12 00:00:00+00:00,5,5,"DCR,STX,MANA,CHZ,FET","CRV,COMP,THETA,NEO,XTZ",0.007429547140841252,0.0,0.0,12646.756091875302,12740.71576243861,93.95967056330846
2020-11-11 00:00:00+00:00,2020-11-12 00:00:00+00:00,2020-11-19 00:00:00+00:00,5,5,"DCR,STX,MANA,CHZ,SAND","COMP,CRV,THETA,NEO,XTZ",-0.04472937337526074,0.1,3.8222147287315837,12740.71576243861,12167.009315303692,-573.7064471349186
2020-11-18 00:00:00+00:00,2020-11-19 00:00:00+00:00,2020-11-26 00:00:00+00:00,5,5,"DCR,CHZ,STX,FET,RUNE","COMP,CRV,THETA,NEO,XTZ",0.01761021342686359,0.2,7.300205589182215,12167.009315303692,12373.972740523646,206.96342521995393
2020-11-25 00:00:00+00:00,2020-11-26 00:00:00+00:00,2020-12-03 00:00:00+00:00,5,5,"DCR,STX,CHZ,FET,INJ","COMP,THETA,NEO,CRV,XTZ",0.04419599571166125,0.1,3.712191822157094,12373.972740523646,12917.140594877887,543.1678543542403
2020-12-02 00:00:00+00:00,2020-12-03 00:00:00+00:00,2020-12-10 00:00:00+00:00,5,5,"DCR,STX,CHZ,SAND,INJ","EGLD,THETA,CRV,NEO,XTZ",0.06704658174784103,0.2,7.750284356926732,12917.140594877887,13775.440433363794,858.2998384859075
2020-12-09 00:00:00+00:00,2020-12-10 00:00:00+00:00,2020-12-17 00:00:00+00:00,5,5,"DCR,STX,FET,CHZ,SAND","EGLD,THETA,CRV,NEO,XTZ",-0.02987716183733045,0.1,4.132632130009139,13775.440433363794,13359.73673802567,-415.7036953381248
2020-12-16 00:00:00+00:00,2020-12-17 00:00:00+00:00,2020-12-24 00:00:00+00:00,5,5,"DCR,STX,MANA,CHZ,FET","COMP,CRV,THETA,NEO,XTZ",0.0657634059313564,0.2,8.015842042815402,13359.73673802567,14230.30268622169,870.565948196021
2020-12-23 00:00:00+00:00,2020-12-24 00:00:00+00:00,2020-12-31 00:00:00+00:00,5,5,"DCR,MANA,STX,FET,SAND","CRV,EGLD,THETA,NEO,XTZ",-0.04140590459081207,0.2,8.538181611733014,14230.30268622169,13632.545949285884,-597.7567369358057
2020-12-30 00:00:00+00:00,2020-12-31 00:00:00+00:00,2021-01-07 00:00:00+00:00,6,6,"DCR,STX,FET,SAND,MANA,AXS","XTZ,EGLD,THETA,NEO,SNX,GRT",-0.04984487962007881,0.24999999999999997,10.224409461964413,13632.545949285884,12942.808928066574,-689.7370212193109
2021-01-06 00:00:00+00:00,2021-01-07 00:00:00+00:00,2021-01-14 00:00:00+00:00,6,6,"DCR,SAND,FET,MANA,STX,AXS","SNX,EGLD,XTZ,NEO,THETA,GRT",-0.01613571261902927,0.0,0.0,12942.808928066574,12733.967482720285,-208.8414453462883
2021-01-13 00:00:00+00:00,2021-01-14 00:00:00+00:00,2021-01-21 00:00:00+00:00,6,6,"DCR,SAND,FET,MANA,AXS,INJ","CRV,EGLD,XTZ,NEO,GRT,THETA",-0.048532870345419456,0.16666666666666666,6.366983741360142,12733.967482720285,12109.584506157275,-624.3829765630107
2021-01-20 00:00:00+00:00,2021-01-21 00:00:00+00:00,2021-01-28 00:00:00+00:00,6,6,"DCR,AXS,FET,SAND,MANA,STX","EGLD,XTZ,GRT,SNX,THETA,NEO",0.06864935729758674,0.16666666666666666,6.054792253078637,12109.584506157275,12934.844907392708,825.2604012354332
2021-01-27 00:00:00+00:00,2021-01-28 00:00:00+00:00,2021-02-04 00:00:00+00:00,6,6,"DCR,FET,AXS,SAND,STX,INJ","CRV,EGLD,THETA,XTZ,GRT,NEO",0.02462652394286924,0.16666666666666666,6.467422453696353,12934.844907392708,13246.917752748217,312.07284535550934
2021-02-03 00:00:00+00:00,2021-02-04 00:00:00+00:00,2021-02-11 00:00:00+00:00,6,6,"DCR,FET,STX,AXS,MANA,COMP","THETA,XTZ,EGLD,NEO,GRT,CRV",-0.09984212967288245,0.16666666666666666,6.623458876374109,13246.917752748217,11917.693813835947,-1329.2239389122697
2021-02-10 00:00:00+00:00,2021-02-11 00:00:00+00:00,2021-02-18 00:00:00+00:00,6,6,"DCR,AXS,FET,STX,INJ,SAND","NEO,EGLD,XTZ,1INCH,GRT,CRV",0.0605256656400756,0.24999999999999997,8.93827036037696,11917.693813835947,12630.081894452604,712.3880806166562
2021-02-17 00:00:00+00:00,2021-02-18 00:00:00+00:00,2021-02-25 00:00:00+00:00,6,6,"DCR,AXS,FET,TWT,STX,INJ","THETA,EGLD,CRV,NEO,1INCH,GRT",0.09093774340637037,0.16666666666666666,6.315040947226302,12630.081894452604,13772.318000024552,1142.2361055719484
2021-02-24 00:00:00+00:00,2021-02-25 00:00:00+00:00,2021-03-04 00:00:00+00:00,7,7,"AXS,DCR,STX,TWT,INJ,MANA,FET","IOTA,XTZ,THETA,1INCH,NEO,EGLD,GRT",0.05350946036180501,0.2142857142857143,8.853633000015783,13772.318000024552,14500.413671137023,728.0956711124709
2021-03-03 00:00:00+00:00,2021-03-04 00:00:00+00:00,2021-03-11 00:00:00+00:00,7,7,"AXS,DCR,TWT,STX,INJ,MANA,FET","THETA,IOTA,XTZ,1INCH,NEO,GRT,EGLD",0.04528233226701774,0.0,0.0,14500.413671137023,15157.026221002656,656.6125498656329
2021-03-10 00:00:00+00:00,2021-03-11 00:00:00+00:00,2021-03-18 00:00:00+00:00,7,7,"DCR,AXS,TWT,INJ,MANA,FET,SAND","XTZ,IOTA,CHZ,1INCH,EGLD,NEO,GRT",0.049259973197931954,0.14285714285714285,6.495868380429709,15157.026221002656,15897.16505802917,740.138837026514
2021-03-17 00:00:00+00:00,2021-03-18 00:00:00+00:00,2021-03-25 00:00:00+00:00,7,7,"DCR,TWT,INJ,AXS,STX,COMP,FET","IOTA,1INCH,NEO,EGLD,THETA,GRT,CHZ",-0.03419554372324764,0.21428571428571425,10.219606108733036,15897.16505802917,15343.333249102916,-553.8318089262539
2021-03-24 00:00:00+00:00,2021-03-25 00:00:00+00:00,2021-04-01 00:00:00+00:00,7,7,"DCR,STX,TWT,INJ,AXS,COMP,SNX","MANA,IOTA,NEO,EGLD,GRT,THETA,CHZ",0.01833834575918231,0.14285714285714285,6.575714249615535,15343.333249102916,15618.12888507371,274.7956359707932
2021-03-31 00:00:00+00:00,2021-04-01 00:00:00+00:00,2021-04-08 00:00:00+00:00,7,7,"DCR,INJ,TWT,STX,AXS,RUNE,SNX","MANA,IOTA,SAND,GRT,NEO,THETA,CHZ",0.08983622765077125,0.14285714285714285,6.693483807888732,15618.12888507371,17014.50918326439,1396.3802981906792
2021-04-07 00:00:00+00:00,2021-04-08 00:00:00+00:00,2021-04-15 00:00:00+00:00,7,7,"DCR,INJ,STX,TWT,AXS,SNX,RUNE","CRV,EGLD,MANA,GRT,NEO,THETA,CHZ",0.044473872141841383,0.14285714285714285,7.291932507113309,17014.50918326439,17763.918356729962,749.409173465574
2021-04-14 00:00:00+00:00,2021-04-15 00:00:00+00:00,2021-04-22 00:00:00+00:00,7,7,"DCR,INJ,CFX,STX,TWT,AXS,SNX","1INCH,EGLD,MANA,GRT,NEO,THETA,CHZ",-0.034552682857324005,0.14285714285714285,7.613107867169983,17763.918356729962,17142.514211579302,-621.40414515066
2021-04-21 00:00:00+00:00,2021-04-22 00:00:00+00:00,2021-04-29 00:00:00+00:00,7,7,"DCR,INJ,TWT,CFX,STX,FET,AXS","XTZ,1INCH,MANA,GRT,NEO,THETA,CHZ",0.046358324171337145,0.14285714285714285,7.346791804962558,17142.514211579302,17929.86565070649,787.3514391271892
2021-04-28 00:00:00+00:00,2021-04-29 00:00:00+00:00,2021-05-06 00:00:00+00:00,7,7,"DCR,CFX,TWT,STX,FET,INJ,SAND","EGLD,COMP,XTZ,IOTA,THETA,NEO,CHZ",-0.021869984255885613,0.28571428571428564,15.36845627203413,17929.86565070649,17522.371314943364,-407.4943357631273
2021-05-05 00:00:00+00:00,2021-05-06 00:00:00+00:00,2021-05-13 00:00:00+00:00,7,7,"DCR,CFX,TWT,STX,FET,SAND,SNX","RUNE,CRV,COMP,IOTA,THETA,NEO,CHZ",-0.02314238152011253,0.21428571428571425,11.264381559606447,17522.371314943364,17105.597531276264,-416.77378366710036
2021-05-12 00:00:00+00:00,2021-05-13 00:00:00+00:00,2021-05-20 00:00:00+00:00,7,7,"DCR,CFX,STX,AXS,TWT,INJ,SAND","1INCH,CRV,GRT,IOTA,NEO,THETA,CHZ",-0.008622084703478163,0.28571428571428564,14.661940741093938,17105.597531276264,16943.449679716898,-162.14785155936625
2021-05-19 00:00:00+00:00,2021-05-20 00:00:00+00:00,2021-05-27 00:00:00+00:00,7,7,"DCR,CFX,STX,FET,SAND,INJ,AXS","1INCH,IOTA,GRT,CRV,NEO,THETA,CHZ",0.004321535886861291,0.07142857142857142,3.6307392170821924,16943.449679716898,17013.04066633794,69.59098662104225
2021-05-26 00:00:00+00:00,2021-05-27 00:00:00+00:00,2021-06-03 00:00:00+00:00,7,7,"CFX,DCR,AR,STX,TWT,AXS,SFP","SNX,IOTA,CRV,RUNE,NEO,CHZ,THETA",0.0006211461359599334,0.35714285714285704,18.228257856790645,17013.04066633794,17005.379992951977,-7.660673385962582
2021-06-02 00:00:00+00:00,2021-06-03 00:00:00+00:00,2021-06-10 00:00:00+00:00,7,7,"CFX,DCR,AR,INJ,TWT,SFP,STX","IOTA,CRV,XTZ,NEO,RUNE,CHZ,THETA",-0.03830011258903915,0.14285714285714285,7.288019996979418,17005.379992951977,16346.784004605543,-658.5959883464348
2021-06-09 00:00:00+00:00,2021-06-10 00:00:00+00:00,2021-06-17 00:00:00+00:00,7,7,"CFX,DCR,AR,INJ,TWT,STX,AXS","GRT,XTZ,CRV,NEO,RUNE,CHZ,THETA",-0.02655362580282783,0.14285714285714285,7.0057645734023755,16346.784004605543,15905.711854494193,-441.0721501113494
2021-06-16 00:00:00+00:00,2021-06-17 00:00:00+00:00,2021-06-24 00:00:00+00:00,7,7,"DCR,CFX,AR,INJ,AXS,STX,SAND","1INCH,XTZ,RUNE,NEO,CRV,CHZ,THETA",0.016413714551969518,0.14285714285714285,6.816733651926083,15905.711854494193,16159.966934967815,254.255080473622
2021-06-23 00:00:00+00:00,2021-06-24 00:00:00+00:00,2021-07-01 00:00:00+00:00,7,7,"DCR,CFX,AR,INJ,STX,SFP,AXS","GRT,1INCH,CRV,RUNE,NEO,CHZ,THETA",0.054211358112926517,0.14285714285714285,6.925700114986207,16159.966934967815,17029.09498945742,869.1280544896035
2021-06-30 00:00:00+00:00,2021-07-01 00:00:00+00:00,2021-07-08 00:00:00+00:00,7,7,"DCR,CFX,AR,INJ,STX,SFP,AXS","GRT,1INCH,CRV,NEO,RUNE,CHZ,THETA",0.10941680320565278,0.0,0.0,17029.09498945742,18892.36412468925,1863.2691352318325
2021-07-07 00:00:00+00:00,2021-07-08 00:00:00+00:00,2021-07-15 00:00:00+00:00,7,7,"DCR,CFX,INJ,AR,STX,TWT,SFP","COMP,1INCH,CRV,NEO,RUNE,CHZ,THETA",0.044318962673030496,0.14285714285714285,8.09672748200968,18892.36412468925,19721.557377654644,829.1932529653932
2021-07-14 00:00:00+00:00,2021-07-15 00:00:00+00:00,2021-07-22 00:00:00+00:00,7,7,"CFX,DCR,AR,TWT,INJ,SFP,STX","EGLD,AXS,COMP,RUNE,NEO,CHZ,THETA",0.004729938441020558,0.14285714285714285,8.452096018994848,19721.557377654644,19806.387033993014,84.82965633837011
2021-07-21 00:00:00+00:00,2021-07-22 00:00:00+00:00,2021-07-29 00:00:00+00:00,7,7,"DCR,CFX,AR,TWT,INJ,STX,FET","NEO,SAND,COMP,RUNE,CHZ,THETA,AXS",-0.06744031520123006,0.14285714285714285,8.488451585997005,19806.387033993014,18462.149597836975,-1344.2374361560396
2021-07-28 00:00:00+00:00,2021-07-29 00:00:00+00:00,2021-08-05 00:00:00+00:00,7,7,"DCR,CFX,AR,TWT,INJ,STX,SFP","NEO,SAND,RUNE,COMP,CHZ,THETA,AXS",-0.026401811185005303,0.07142857142857142,3.9561749138222084,18462.149597836975,17970.75923517174,-491.39036266523544
2021-08-04 00:00:00+00:00,2021-08-05 00:00:00+00:00,2021-08-12 00:00:00+00:00,7,7,"DCR,CFX,AR,TWT,INJ,STX,SFP","MANA,RUNE,SAND,COMP,CHZ,THETA,AXS",0.04421300605070311,0.07142857142857142,3.8508769789653723,17970.75923517174,18761.44964499315,790.6904098214109
2021-08-11 00:00:00+00:00,2021-08-12 00:00:00+00:00,2021-08-19 00:00:00+00:00,7,7,"DCR,CFX,STX,AR,TWT,INJ,SFP","COMP,NEO,RUNE,SAND,CHZ,THETA,AXS",0.1216236887723736,0.07142857142857142,4.020310638212818,18761.44964499315,21039.266046896144,2277.8164019029937
2021-08-18 00:00:00+00:00,2021-08-19 00:00:00+00:00,2021-08-26 00:00:00+00:00,7,7,"DCR,CFX,STX,AR,SFP,TWT,INJ","GRT,SAND,NEO,RUNE,CHZ,THETA,AXS",0.002713174258199035,0.07142857142857142,4.508414152906316,21039.266046896144,21091.840827793072,52.57478089692813
2021-08-25 00:00:00+00:00,2021-08-26 00:00:00+00:00,2021-09-02 00:00:00+00:00,8,8,"DCR,CFX,STX,AR,SFP,INJ,RAY,TWT","SAND,NEO,EGLD,GRT,RUNE,CHZ,THETA,AXS",0.08642091295410287,0.12499999999999997,7.909440310422401,21091.840827793072,22906.70752770315,1814.8666999100788
2021-09-01 00:00:00+00:00,2021-09-02 00:00:00+00:00,2021-09-09 00:00:00+00:00,8,8,"DCR,CFX,STX,INJ,FET,SFP,AR,IOTA","EGLD,GRT,NEO,RUNE,SAND,CHZ,THETA,AXS",0.035044253823169245,0.125,8.590015322888682,22906.70752770315,23700.86598523419,794.1584575310408
2021-09-08 00:00:00+00:00,2021-09-09 00:00:00+00:00,2021-09-16 00:00:00+00:00,8,8,"DCR,STX,INJ,CFX,FET,SFP,TWT,AR","GRT,NEO,XTZ,RUNE,SAND,CHZ,THETA,AXS",-0.04732821450987049,0.125,8.887824744462822,23700.86598523419,22570.258491070872,-1130.6074941633196
2021-09-15 00:00:00+00:00,2021-09-16 00:00:00+00:00,2021-09-23 00:00:00+00:00,8,8,"GNO,DCR,CFX,STX,INJ,SFP,SNX,COMP","IOTA,EGLD,RAY,XEC,XTZ,CHZ,THETA,AXS",0.028206818922866646,0.4375,29.62346426953052,22570.258491070872,23177.27022110127,607.0117300303973
2021-09-22 00:00:00+00:00,2021-09-23 00:00:00+00:00,2021-09-30 00:00:00+00:00,8,8,"GNO,DCR,STX,CFX,SFP,INJ,MANA,COMP","IOTA,FET,XEC,CHZ,EGLD,XTZ,AXS,THETA",-0.03090804223697316,0.125,8.691476332912977,23177.27022110127,22452.21469783682,-725.055523264451
2021-09-29 00:00:00+00:00,2021-09-30 00:00:00+00:00,2021-10-07 00:00:00+00:00,8,8,"GNO,DCR,STX,SFP,INJ,MANA,RAY,AR","GRT,XEC,CRV,CHZ,EGLD,XTZ,THETA,AXS",-0.0051439036209619815,0.25,16.839161023377613,22452.21469783682,22319.883508330622,-132.3311895061961
2021-10-06 00:00:00+00:00,2021-10-07 00:00:00+00:00,2021-10-14 00:00:00+00:00,8,8,"GNO,DCR,STX,SFP,INJ,MANA,AR,SNX","GRT,XEC,CRV,CHZ,XTZ,EGLD,THETA,AXS",0.13213154339566374,0.0625,4.184978157811992,22319.883508330622,25264.859186539958,2944.9756782093355
2021-10-13 00:00:00+00:00,2021-10-14 00:00:00+00:00,2021-10-21 00:00:00+00:00,8,8,"GNO,DCR,SFP,INJ,STX,MANA,RAY,CFX","CRV,XEC,FET,EGLD,CHZ,XTZ,THETA,AXS",0.020889528770767066,0.1875,14.211483292428728,25264.859186539958,25778.41870611414,513.5595195741807
2021-10-20 00:00:00+00:00,2021-10-21 00:00:00+00:00,2021-10-28 00:00:00+00:00,8,8,"GNO,DCR,INJ,RAY,CFX,STX,MANA,SFP","IOTA,XEC,EGLD,FET,CHZ,XTZ,THETA,AXS",-0.032611308808002275,0.0625,4.833453507396401,25778.41870611414,24932.917279599675,-845.5014265144637
2021-10-27 00:00:00+00:00,2021-10-28 00:00:00+00:00,2021-11-04 00:00:00+00:00,8,8,"GNO,DCR,INJ,CFX,RAY,SNX,STX,AR","NEO,EGLD,GRT,XEC,CHZ,XTZ,THETA,AXS",0.013760164590076826,0.25,18.699687959699755,24932.917279599675,25257.298637118038,324.3813575183631
2021-11-03 00:00:00+00:00,2021-11-04 00:00:00+00:00,2021-11-11 00:00:00+00:00,8,8,"GNO,DCR,INJ,CFX,RAY,AR,STX,SNX","XEC,CRV,XTZ,1INCH,GRT,CHZ,THETA,AXS",-0.019668624237632035,0.125,9.471486988919265,25257.298637118038,24751.050833977988,-506.24780314004965
2021-11-10 00:00:00+00:00,2021-11-11 00:00:00+00:00,2021-11-18 00:00:00+00:00,8,8,"GNO,DCR,INJ,CFX,RAY,STX,SFP,AR","XTZ,SAND,CRV,GRT,MANA,CHZ,THETA,AXS",-0.06853966784526325,0.1875,13.922466094112618,24751.050833977988,23040.6995649018,-1710.351269076189
2021-11-17 00:00:00+00:00,2021-11-18 00:00:00+00:00,2021-11-25 00:00:00+00:00,8,8,"DCR,GNO,INJ,CFX,SFP,RAY,STX,SNX","XTZ,GRT,EGLD,THETA,CHZ,AXS,SAND,MANA",-0.11428479569560493,0.125,8.640262336838175,23040.6995649018,20398.857660106347,-2641.841904795452
2021-11-24 00:00:00+00:00,2021-11-25 00:00:00+00:00,2021-12-02 00:00:00+00:00,9,9,"GNO,DCR,CFX,INJ,SFP,RAY,STX,SNX,COMP","ENS,GRT,CRV,THETA,EGLD,CHZ,AXS,SAND,MANA",0.06859381377952485,0.16666666666666663,10.19942883005317,20398.857660106347,21787.893674928662,1389.0360148223153
2021-12-01 00:00:00+00:00,2021-12-02 00:00:00+00:00,2021-12-09 00:00:00+00:00,9,9,"GNO,DCR,CFX,INJ,STX,SFP,RAY,SNX,COMP","GRT,IOTA,THETA,CRV,CHZ,EGLD,AXS,MANA,SAND",0.011516407994334432,0.05555555555555555,3.6313156124881103,21787.893674928662,22035.18063221383,247.28695728516686
2021-12-08 00:00:00+00:00,2021-12-09 00:00:00+00:00,2021-12-16 00:00:00+00:00,9,9,"GNO,DCR,CFX,INJ,STX,COMP,RAY,TWT,JASMY","GRT,ENS,CRV,CHZ,EGLD,THETA,AXS,MANA,SAND",-0.010075508228917934,0.16666666666666669,11.017590316106915,22035.18063221383,21802.14739811216,-233.03323410166922
2021-12-15 00:00:00+00:00,2021-12-16 00:00:00+00:00,2021-12-23 00:00:00+00:00,9,9,"GNO,DCR,CFX,INJ,RAY,TWT,STX,JASMY,FET","ENS,1INCH,CRV,CHZ,THETA,EGLD,AXS,MANA,SAND",-0.01055695602391666,0.1111111111111111,7.267382466037386,21802.14739811216,21564.7157043373,-237.431693774859
2021-12-22 00:00:00+00:00,2021-12-23 00:00:00+00:00,2021-12-30 00:00:00+00:00,9,9,"GNO,DCR,CFX,RAY,INJ,TWT,STX,FET,JASMY","1INCH,CHZ,XTZ,CRV,THETA,AXS,EGLD,MANA,SAND",-0.02704144083236013,0.05555555555555555,3.594119284056217,21564.7157043373,20977.98060126774,-586.7351030695609
2021-12-29 00:00:00+00:00,2021-12-30 00:00:00+00:00,2022-01-06 00:00:00+00:00,9,9,"DCR,GNO,INJ,CFX,RAY,STX,TWT,FET,JASMY","ENS,CHZ,1INCH,THETA,CRV,AXS,EGLD,MANA,SAND",0.03499848799583352,0.05555555555555555,3.49633010021129,20977.98060126774,21708.68187341783,730.7012721500905
2022-01-05 00:00:00+00:00,2022-01-06 00:00:00+00:00,2022-01-13 00:00:00+00:00,9,9,"DCR,GNO,INJ,CFX,RAY,STX,TWT,CVX,XEC","GRT,1INCH,IOTA,THETA,AXS,EGLD,CRV,MANA,SAND",-0.013148965711104368,0.22222222222222227,14.472454582278557,21708.68187341783,21408.762705248708,-299.9191681691227
2022-01-12 00:00:00+00:00,2022-01-13 00:00:00+00:00,2022-01-20 00:00:00+00:00,9,9,"DCR,GNO,CFX,INJ,RAY,TWT,STX,SFP,CVX","XTZ,CHZ,GRT,THETA,AXS,EGLD,CRV,MANA,SAND",0.015980461981403384,0.16666666666666669,10.704381352624356,21408.762705248708,21740.1802423762,331.4175371274905
2022-01-19 00:00:00+00:00,2022-01-20 00:00:00+00:00,2022-01-27 00:00:00+00:00,9,9,"DCR,GNO,CFX,INJ,RAY,TWT,SFP,CVX,XEC","GRT,1INCH,CHZ,EGLD,THETA,AXS,MANA,CRV,SAND",0.005279599230838572,0.1111111111111111,7.246726747458732,21740.1802423762,21847.712954514678,107.53271213847984
2022-01-26 00:00:00+00:00,2022-01-27 00:00:00+00:00,2022-02-03 00:00:00+00:00,10,10,"GNO,DCR,INJ,CFX,TWT,RAY,CVX,SFP,XEC,IMX","AR,1INCH,CHZ,GRT,EGLD,AXS,THETA,CRV,MANA,SAND",-0.02053234497722852,0.09999999999999987,6.554313886354395,21847.712954514678,21392.573861282763,-455.13909323191547
2022-02-02 00:00:00+00:00,2022-02-03 00:00:00+00:00,2022-02-10 00:00:00+00:00,10,10,"GNO,DCR,INJ,CFX,TWT,RAY,CVX,IMX,SFP,XEC","1INCH,RUNE,GRT,CHZ,EGLD,AXS,CRV,THETA,MANA,SAND",-0.049368516444107634,0.05,3.2088860791924145,21392.573861282763,20333.245340751044,-1059.3285205317188
2022-02-09 00:00:00+00:00,2022-02-10 00:00:00+00:00,2022-02-17 00:00:00+00:00,10,10,"GNO,DCR,INJ,CFX,TWT,CVX,RAY,STX,SFP,FET","GRT,IOTA,XTZ,CHZ,EGLD,THETA,CRV,AXS,MANA,SAND",0.007376201518052511,0.19999999999999998,12.199947204450625,20333.245340751044,20471.027508695974,137.78216794492982
2022-02-16 00:00:00+00:00,2022-02-17 00:00:00+00:00,2022-02-24 00:00:00+00:00,10,10,"GNO,DCR,CFX,INJ,TWT,CVX,RAY,STX,SFP,FET","IOTA,CHZ,IMX,XTZ,CRV,EGLD,THETA,AXS,MANA,SAND",0.02886113075951434,0.05,3.070654126304396,20471.027508695974,21058.773856279757,587.7463475837831
2022-02-23 00:00:00+00:00,2022-02-24 00:00:00+00:00,2022-03-03 00:00:00+00:00,10,10,"GNO,DCR,CFX,TWT,CVX,STX,RAY,SFP,FET,COMP","NEO,GRT,XTZ,CHZ,CRV,THETA,EGLD,AXS,MANA,SAND",0.0058142566886810855,0.15,9.47644823532589,21058.773856279757,21171.738524793727,112.96466851397054
2022-03-02 00:00:00+00:00,2022-03-03 00:00:00+00:00,2022-03-10 00:00:00+00:00,10,10,"DCR,GNO,CFX,TWT,CVX,SFP,STX,RAY,FET,XEC","XTZ,NEO,GRT,CHZ,CRV,THETA,EGLD,AXS,SAND,MANA",0.01674787656115885,0.05,3.1757607787190594,21171.738524793727,21523.144427413386,351.4059026196592
2022-03-09 00:00:00+00:00,2022-03-10 00:00:00+00:00,2022-03-17 00:00:00+00:00,10,10,"DCR,GNO,CFX,RAY,STX,TWT,CVX,SFP,COMP,XEC","JASMY,RUNE,GRT,CRV,CHZ,THETA,EGLD,AXS,MANA,SAND",-0.06680483621561567,0.15,9.685414992336025,21523.144427413386,20075.608874102658,-1447.5355533107286
2022-03-16 00:00:00+00:00,2022-03-17 00:00:00+00:00,2022-03-24 00:00:00+00:00,10,10,"GNO,DCR,RAY,CFX,STX,COMP,CVX,TWT,SNX,XEC","AR,GRT,CRV,THETA,AXS,EGLD,RUNE,CHZ,MANA,SAND",0.04173572079084288,0.1,6.022682662230798,20075.608874102658,20907.456198116142,831.8473240134845
2022-03-23 00:00:00+00:00,2022-03-24 00:00:00+00:00,2022-03-31 00:00:00+00:00,10,10,"GNO,DCR,CVX,RAY,CFX,COMP,TWT,INJ,STX,SFP","JASMY,CRV,IMX,GRT,AXS,CHZ,EGLD,RUNE,MANA,SAND",0.05638150674743503,0.19999999999999998,12.544473718869686,20907.456198116142,22073.705607103064,1166.2494089869215
2022-03-30 00:00:00+00:00,2022-03-31 00:00:00+00:00,2022-04-07 00:00:00+00:00,10,10,"GNO,DCR,CVX,SFP,CFX,INJ,RAY,STX,FET,COMP","IMX,CHZ,GRT,EGLD,AXS,JASMY,RUNE,MANA,SAND,APE",0.04439329455361163,0.1,6.62211168213092,22073.705607103064,23047.008010326765,973.3024032237008
2022-04-06 00:00:00+00:00,2022-04-07 00:00:00+00:00,2022-04-14 00:00:00+00:00,10,10,"DCR,GNO,CVX,STX,INJ,CFX,RAY,SFP,FET,TWT","GRT,EGLD,THETA,CHZ,RUNE,JASMY,AXS,MANA,SAND,APE",-0.011033560092924222,0.1,6.91410240309803,23047.008010326765,22785.80336007962,-261.20465024714576
2022-04-13 00:00:00+00:00,2022-04-14 00:00:00+00:00,2022-04-21 00:00:00+00:00,10,10,"DCR,GNO,STX,RAY,INJ,CFX,SFP,CVX,SNX,TWT","CRV,EGLD,CHZ,THETA,RUNE,JASMY,MANA,AXS,SAND,APE",0.003072371643764416,0.1,6.835741008023887,22785.80336007962,22848.974075195496,63.1707151158771
2022-04-20 00:00:00+00:00,2022-04-21 00:00:00+00:00,2022-04-28 00:00:00+00:00,10,10,"DCR,GNO,CVX,RAY,STX,INJ,SFP,CFX,SNX,1INCH","CRV,THETA,CHZ,EGLD,RUNE,MANA,AXS,JASMY,SAND,APE",-0.016780085369074618,0.05,3.4273461112793244,22848.974075195496,22462.138993506665,-386.83508168883054
2022-04-27 00:00:00+00:00,2022-04-28 00:00:00+00:00,2022-05-05 00:00:00+00:00,10,10,"GNO,DCR,CVX,RAY,INJ,STX,CFX,SFP,1INCH,FET","THETA,GRT,CHZ,EGLD,AXS,RUNE,MANA,SAND,JASMY,APE",0.014814056908410348,0.1,6.738641698052,22462.138993506665,22788.155757143042,326.0167636363767
2022-05-04 00:00:00+00:00,2022-05-05 00:00:00+00:00,2022-05-12 00:00:00+00:00,10,10,"GNO,RAY,CVX,DCR,STX,INJ,FET,CFX,SFP,COMP","ENS,THETA,EGLD,AXS,GRT,MANA,RUNE,SAND,JASMY,APE",0.047330658102197685,0.1,6.8364467271429135,22788.155757143042,23859.897719336866,1071.7419621938243
2022-05-11 00:00:00+00:00,2022-05-12 00:00:00+00:00,2022-05-19 00:00:00+00:00,10,10,"GNO,DCR,RAY,STX,CVX,CFX,FET,INJ,SFP,TWT","THETA,GRT,EGLD,MANA,AXS,RUNE,ENS,JASMY,SAND,APE",-0.0628222984257388,0.05,3.57898465790053,23859.897719336866,22357.38511974718,-1502.5125995896851
2022-05-18 00:00:00+00:00,2022-05-19 00:00:00+00:00,2022-05-26 00:00:00+00:00,10,10,"GNO,DCR,STX,CFX,INJ,CVX,RAY,FET,SFP,TWT","THETA,CRV,EGLD,RUNE,ENS,MANA,JASMY,AXS,SAND,APE",-0.009440994487640264,0.05,3.3536077679620773,22357.38511974718,22142.955562305633,-214.42955744154824
2022-05-25 00:00:00+00:00,2022-05-26 00:00:00+00:00,2022-06-02 00:00:00+00:00,10,10,"GNO,DCR,STX,CFX,CVX,LDO,FET,RAY,INJ,TWT","CHZ,CRV,RUNE,ENS,EGLD,JASMY,MANA,SAND,AXS,APE",-0.000543223699263717,0.1,6.64288666869169,22142.955562305633,22124.284097403754,-18.671464901879517
2022-06-01 00:00:00+00:00,2022-06-02 00:00:00+00:00,2022-06-09 00:00:00+00:00,10,10,"GNO,DCR,CVX,LDO,STX,CFX,FET,RAY,INJ,TWT","CHZ,EGLD,ENS,RUNE,CRV,JASMY,AXS,MANA,SAND,APE",-0.005197530905280974,0.0,0.0,22124.284097403754,22009.29244705028,-114.99165035347323
2022-06-08 00:00:00+00:00,2022-06-09 00:00:00+00:00,2022-06-16 00:00:00+00:00,10,10,"GNO,DCR,CVX,INJ,CFX,STX,LDO,RAY,FET,TWT","GRT,CHZ,ENS,RUNE,EGLD,AXS,JASMY,MANA,SAND,APE",-0.03218939038763696,0.05,3.301393867057542,22009.29244705028,21297.525346449453,-711.7671006008277
2022-06-15 00:00:00+00:00,2022-06-16 00:00:00+00:00,2022-06-23 00:00:00+00:00,11,11,"GNO,DCR,LDO,CFX,CVX,STX,INJ,RAY,XEC,SFP,TWT","THETA,CHZ,RUNE,ENS,AXS,EGLD,OP,MANA,JASMY,SAND,APE",0.020328129052775656,0.18181818181818185,11.61683200715425,21297.525346449453,21718.847358189683,421.32201174023066
2022-06-22 00:00:00+00:00,2022-06-23 00:00:00+00:00,2022-06-30 00:00:00+00:00,11,11,"GNO,DCR,LDO,CFX,STX,RAY,CVX,INJ,XEC,SFP,SNX","CHZ,OP,RUNE,AXS,EGLD,ENS,THETA,JASMY,MANA,SAND,APE",-0.04189260201419412,0.045454545454545456,2.9616610033895023,21718.847358189683,20806.026668602623,-912.8206895870608
2022-06-29 00:00:00+00:00,2022-06-30 00:00:00+00:00,2022-07-07 00:00:00+00:00,11,11,"DCR,GNO,RAY,CFX,LDO,CVX,STX,INJ,XEC,SFP,COMP","CHZ,ENS,OP,THETA,EGLD,AXS,RUNE,JASMY,MANA,SAND,APE",0.007401868821984122,0.045454545454545456,2.8371854548094486,20806.026668602623,20957.192963255515,151.16629465289225
2022-07-06 00:00:00+00:00,2022-07-07 00:00:00+00:00,2022-07-14 00:00:00+00:00,11,11,"DCR,GNO,CFX,RAY,LDO,CVX,STX,INJ,SFP,TWT,XEC","CHZ,OP,SNX,THETA,AXS,EGLD,JASMY,RUNE,MANA,SAND,APE",0.0469524807292894,0.09090909090909091,5.715598080887868,20957.192963255515,21935.469563921877,978.2766006663624
2022-07-13 00:00:00+00:00,2022-07-14 00:00:00+00:00,2022-07-21 00:00:00+00:00,11,11,"DCR,GNO,CFX,RAY,LDO,STX,SFP,CVX,INJ,FET,TWT","COMP,SNX,CRV,CHZ,AXS,EGLD,JASMY,MANA,RUNE,SAND,APE",0.022977361797837915,0.13636363636363638,8.973601185240769,21935.469563921877,22430.515183112333,495.0456191904559
2022-07-20 00:00:00+00:00,2022-07-21 00:00:00+00:00,2022-07-28 00:00:00+00:00,11,11,"GNO,DCR,CFX,STX,RAY,SFP,FET,INJ,CVX,LDO,XEC","XTZ,CRV,THETA,CHZ,AXS,EGLD,MANA,RUNE,JASMY,APE,SAND",-0.010870675235047549,0.13636363636363638,9.176119847636866,22430.515183112333,22177.504217354275,-253.01096575805786
2022-07-27 00:00:00+00:00,2022-07-28 00:00:00+00:00,2022-08-04 00:00:00+00:00,11,11,"GNO,DCR,CFX,STX,RAY,CVX,SFP,FET,INJ,XEC,1INCH","THETA,ENS,CHZ,AXS,EGLD,OP,MANA,RUNE,JASMY,SAND,APE",-0.032677740747076134,0.13636363636363638,9.072615361644933,22177.504217354275,21443.720868760738,-733.7833485935371
2022-08-03 00:00:00+00:00,2022-08-04 00:00:00+00:00,2022-08-11 00:00:00+00:00,11,11,"DCR,GNO,CFX,RAY,STX,SFP,CVX,XEC,FET,INJ,IOTA","CHZ,CRV,EGLD,AXS,ENS,JASMY,MANA,OP,RUNE,SAND,APE",0.04225482007616151,0.09090909090909091,5.84828750966202,21443.720868760738,22343.97314832399,900.2522795632503
2022-08-10 00:00:00+00:00,2022-08-11 00:00:00+00:00,2022-08-18 00:00:00+00:00,11,11,"DCR,GNO,CFX,CVX,STX,RAY,XEC,SFP,INJ,FET,IOTA","EGLD,CRV,AXS,CHZ,ENS,MANA,JASMY,RUNE,OP,SAND,APE",-0.009691926184420416,0.0,0.0,22343.97314832399,22127.417009903762,-216.5561384202265
2022-08-17 00:00:00+00:00,2022-08-18 00:00:00+00:00,2022-08-25 00:00:00+00:00,11,11,"GNO,DCR,CVX,CFX,STX,RAY,XEC,SFP,FET,INJ,IOTA","THETA,LDO,ENS,AXS,MANA,JASMY,RUNE,CHZ,OP,SAND,APE",0.018586631177914426,0.09090909090909091,6.034750093610117,22127.417009903762,22532.65639869314,405.2393887893777
2022-08-24 00:00:00+00:00,2022-08-25 00:00:00+00:00,2022-09-01 00:00:00+00:00,11,11,"GNO,DCR,CVX,CFX,RAY,STX,SFP,XEC,FET,IOTA,1INCH","EGLD,LDO,ENS,AXS,MANA,JASMY,RUNE,OP,CHZ,SAND,APE",0.014620178100057741,0.09090909090909091,6.145269926916312,22532.65639869314,22855.94257838252,323.28617968938124
2022-08-31 00:00:00+00:00,2022-09-01 00:00:00+00:00,2022-09-08 00:00:00+00:00,11,11,"GNO,DCR,CFX,CVX,RAY,STX,FET,XEC,SFP,1INCH,INJ","EGLD,CRV,LDO,AXS,MANA,JASMY,RUNE,OP,SAND,APE,CHZ",0.014056501764502578,0.09090909090909091,6.233438885013416,22855.94257838252,23170.98373667991,315.0411582973902
2022-09-07 00:00:00+00:00,2022-09-08 00:00:00+00:00,2022-09-15 00:00:00+00:00,11,11,"GNO,DCR,CFX,RAY,STX,CVX,FET,SFP,1INCH,INJ,XEC","CRV,SNX,LDO,AXS,JASMY,MANA,RUNE,OP,SAND,APE,CHZ",0.013388430852903643,0.045454545454545456,3.159679600456352,23170.98373667991,23478.047170631748,307.0634339518365
2022-09-14 00:00:00+00:00,2022-09-15 00:00:00+00:00,2022-09-22 00:00:00+00:00,11,11,"GNO,DCR,STX,CFX,RAY,CVX,SFP,FET,IOTA,XTZ,1INCH","CRV,ENS,LDO,JASMY,RUNE,AXS,MANA,OP,SAND,APE,CHZ",-0.030069626800465505,0.13636363636363638,9.604655660712988,23478.047170631748,22762.46639854641,-715.5807720853372
2022-09-21 00:00:00+00:00,2022-09-22 00:00:00+00:00,2022-09-29 00:00:00+00:00,11,11,"GNO,DCR,STX,RAY,CFX,SFP,CVX,FET,TWT,1INCH,IOTA","AXS,RUNE,MANA,JASMY,LDO,ENS,SAND,OP,LUNC,APE,CHZ",0.019476908828891165,0.09090909090909091,6.207945381421748,22762.46639854641,23199.60093593017,437.1345373837612
2022-09-28 00:00:00+00:00,2022-09-29 00:00:00+00:00,2022-10-06 00:00:00+00:00,11,11,"GNO,DCR,STX,RAY,SFP,CFX,CVX,FET,TWT,1INCH,IMX","EGLD,LDO,ENS,RUNE,MANA,JASMY,SAND,OP,LUNC,APE,CHZ",0.00987224693535603,0.09090909090909091,6.32716389161732,23199.60093593017,23422.305961279777,222.70502534960542
2022-10-05 00:00:00+00:00,2022-10-06 00:00:00+00:00,2022-10-13 00:00:00+00:00,11,11,"GNO,STX,DCR,CFX,RAY,CVX,SFP,FET,1INCH,IOTA,IMX","AXS,ENS,RUNE,JASMY,EGLD,MANA,OP,SAND,APE,LUNC,CHZ",0.011818269507170392,0.09090909090909091,6.387901625803576,23422.305961279777,23692.72918398378,270.42322270400473
2022-10-12 00:00:00+00:00,2022-10-13 00:00:00+00:00,2022-10-20 00:00:00+00:00,11,11,"GNO,DCR,STX,CFX,RAY,CVX,FET,1INCH,IMX,SFP,NEO","CRV,JASMY,OP,ENS,AXS,EGLD,MANA,SAND,APE,CHZ,LUNC",0.017200564737491496,0.09090909090909091,6.461653413813759,23692.72918398378,24093.795852706935,401.06666872315327
2022-10-19 00:00:00+00:00,2022-10-20 00:00:00+00:00,2022-10-27 00:00:00+00:00,11,11,"GNO,DCR,CFX,RAY,STX,IMX,SFP,CVX,IOTA,NEO,TWT","THETA,CRV,JASMY,AXS,EGLD,MANA,ENS,SAND,APE,CHZ,LUNC",0.013309453802239267,0.13636363636363638,9.856552848834657,24093.795852706935,24404.614562680286,310.81870997335136
2022-10-26 00:00:00+00:00,2022-10-27 00:00:00+00:00,2022-11-03 00:00:00+00:00,11,11,"GNO,DCR,RAY,CFX,CVX,STX,IMX,NEO,SFP,IOTA,FET","RUNE,THETA,AXS,MANA,EGLD,JASMY,SAND,ENS,APE,CHZ,LUNC",-0.02075581509488803,0.09090909090909091,6.655803971640078,24404.614562680286,23891.421091383643,-513.1934712966431
2022-11-02 00:00:00+00:00,2022-11-03 00:00:00+00:00,2022-11-10 00:00:00+00:00,11,11,"GNO,DCR,RAY,CVX,STX,CFX,IMX,FET,SFP,NEO,XEC","RUNE,MANA,EGLD,AXS,JASMY,ENS,SAND,APE,LUNC,CHZ,APT",0.005040112951308736,0.09090909090909091,6.515842115831902,23891.421091383643,24005.320710135664,113.89961875202061
2022-11-09 00:00:00+00:00,2022-11-10 00:00:00+00:00,2022-11-17 00:00:00+00:00,11,11,"GNO,DCR,STX,RAY,CFX,CVX,SFP,FET,XEC,NEO,IOTA","RUNE,AXS,EGLD,ENS,JASMY,APE,OP,LUNC,SAND,CHZ,APT",0.01700106634711298,0.09090909090909091,6.546905648218818,24005.320710135664,24406.889854564186,401.5691444285221
2022-11-16 00:00:00+00:00,2022-11-17 00:00:00+00:00,2022-11-24 00:00:00+00:00,11,11,"GNO,DCR,STX,CFX,RAY,FET,CVX,SFP,XEC,IMX,NEO","AR,AXS,EGLD,JASMY,ENS,APE,OP,SAND,LUNC,APT,CHZ",0.0037019458809819106,0.09090909090909091,6.656424505790232,24406.889854564186,24490.58641542308,83.69656085889437
2022-11-23 00:00:00+00:00,2022-11-24 00:00:00+00:00,2022-12-01 00:00:00+00:00,11,11,"GNO,DCR,STX,CFX,FET,RAY,CVX,IMX,XEC,SFP,COMP","AR,ENS,EGLD,JASMY,TWT,OP,APE,SAND,LUNC,APT,CHZ",-0.017497688790840453,0.09090909090909091,6.679250840569932,24490.58641542308,24055.37850518025,-435.2079102428288
2022-11-30 00:00:00+00:00,2022-12-01 00:00:00+00:00,2022-12-08 00:00:00+00:00,11,11,"GNO,DCR,CFX,STX,IMX,RAY,FET,CVX,1INCH,COMP,XEC","SFP,AR,OP,CRV,JASMY,LUNC,APE,SAND,TWT,APT,CHZ",-0.005688892603611213,0.13636363636363638,9.840836661210105,24055.37850518025,23908.689203663856,-146.68930151639506
2022-12-07 00:00:00+00:00,2022-12-08 00:00:00+00:00,2022-12-15 00:00:00+00:00,11,11,"GNO,DCR,CFX,CVX,STX,IMX,RAY,XEC,COMP,FET,LDO","ENS,AR,OP,CRV,JASMY,LUNC,SAND,TWT,APE,APT,CHZ",0.03683854001842151,0.09090909090909091,6.520551600999235,23908.689203663856,24782.92985608003,874.2406524161743
2022-12-14 00:00:00+00:00,2022-12-15 00:00:00+00:00,2022-12-22 00:00:00+00:00,11,11,"GNO,DCR,CFX,CVX,RAY,XEC,LDO,STX,IMX,COMP,XTZ","ENS,JASMY,AXS,EGLD,OP,LUNC,SAND,TWT,APT,APE,CHZ",0.025476311767782252,0.13636363636363638,10.138471304760014,24782.92985608003,25404.169032307847,621.2391762278166
2022-12-21 00:00:00+00:00,2022-12-22 00:00:00+00:00,2022-12-29 00:00:00+00:00,11,11,"GNO,DCR,CFX,RAY,CVX,STX,XEC,IMX,LDO,INJ,COMP","CRV,RUNE,LUNC,AXS,EGLD,SAND,OP,TWT,CHZ,APT,APE",0.002740754093852494,0.13636363636363638,10.39261460412594,25404.169032307847,25463.402997979938,59.23396567209056
2022-12-28 00:00:00+00:00,2022-12-29 00:00:00+00:00,2023-01-05 00:00:00+00:00,11,11,"GNO,CFX,DCR,RAY,CVX,STX,XEC,IMX,INJ,COMP,LDO","CRV,EGLD,AXS,LUNC,RUNE,TWT,SAND,OP,APT,CHZ,APE",-0.006019596620438975,0.0,0.0,25463.402997979938,25310.123583348424,-153.27941463151365
2023-01-04 00:00:00+00:00,2023-01-05 00:00:00+00:00,2023-01-12 00:00:00+00:00,11,11,"GNO,DCR,CFX,RAY,STX,IMX,CVX,XEC,1INCH,XTZ,IOTA","JASMY,CRV,EGLD,AXS,TWT,LUNC,APT,SAND,OP,APE,CHZ",-0.033901375655158245,0.18181818181818185,13.805521954553688,25310.123583348424,24438.270053916294,-871.85352943213
2023-01-11 00:00:00+00:00,2023-01-12 00:00:00+00:00,2023-01-19 00:00:00+00:00,11,11,"GNO,DCR,STX,IMX,RAY,CFX,CVX,XEC,1INCH,XTZ,IOTA","LDO,JASMY,EGLD,AXS,TWT,LUNC,OP,CHZ,SAND,APE,APT",0.0018335308053323875,0.045454545454545456,3.3324913709885857,24438.270053916294,24479.745883518193,41.47582960189902
2023-01-18 00:00:00+00:00,2023-01-19 00:00:00+00:00,2023-01-26 00:00:00+00:00,11,11,"GNO,DCR,RAY,CFX,STX,IMX,CVX,XEC,XTZ,1INCH,IOTA","JASMY,MANA,AXS,LDO,TWT,LUNC,CHZ,OP,SAND,APE,APT",-0.08387728082220326,0.045454545454545456,3.3381471659342994,24479.745883518193,22423.11321642423,-2056.6326670939634
2023-01-25 00:00:00+00:00,2023-01-26 00:00:00+00:00,2023-02-02 00:00:00+00:00,11,11,"GNO,DCR,CFX,RAY,STX,CVX,XEC,IMX,SFP,NEO,IOTA","AXS,TWT,FET,MANA,CHZ,LUNC,APE,LDO,SAND,OP,APT",0.06530081692694112,0.13636363636363638,9.173091770355368,22423.11321642423,23878.187735731666,1455.0745193074363
2023-02-01 00:00:00+00:00,2023-02-02 00:00:00+00:00,2023-02-09 00:00:00+00:00,11,11,"GNO,DCR,STX,CFX,RAY,XEC,CVX,IMX,IOTA,SFP,NEO","CRV,FET,AXS,LUNC,CHZ,APE,LDO,SAND,MANA,OP,APT",-0.005356096920377298,0.045454545454545456,3.2561165094179545,23878.187735731666,23747.037731426703,-131.15000430496366
2023-02-08 00:00:00+00:00,2023-02-09 00:00:00+00:00,2023-02-16 00:00:00+00:00,11,11,"GNO,DCR,STX,CVX,XEC,RAY,IOTA,COMP,XTZ,SFP,CFX","TWT,FET,MANA,LDO,SAND,CHZ,APE,LUNC,AXS,OP,APT",0.027641194027159505,0.13636363636363638,9.71469725376547,23747.037731426703,24393.71951167758,646.6817802508776
2023-02-15 00:00:00+00:00,2023-02-16 00:00:00+00:00,2023-02-23 00:00:00+00:00,11,11,"GNO,DCR,CVX,RAY,XEC,STX,CFX,SFP,XTZ,IOTA,COMP","MANA,CRV,APE,AXS,FET,SAND,CHZ,LUNC,LDO,OP,APT",0.18002051302320224,0.045454545454545456,3.326416297046943,24393.71951167758,28781.762996416826,4388.043484739246
2023-02-22 00:00:00+00:00,2023-02-23 00:00:00+00:00,2023-03-02 00:00:00+00:00,11,11,"GNO,DCR,RAY,XEC,CVX,STX,XTZ,IOTA,SFP,COMP,CFX","MANA,AXS,CRV,LUNC,CHZ,FET,GRT,SAND,OP,LDO,APT",-0.0009296997037341172,0.045454545454545456,3.9247858631477492,28781.762996416826,28751.079814022967,-30.68318239385917
2023-03-01 00:00:00+00:00,2023-03-02 00:00:00+00:00,2023-03-09 00:00:00+00:00,11,11,"GNO,DCR,RAY,XEC,CVX,XTZ,SFP,COMP,IOTA,1INCH,NEO","MANA,CRV,CHZ,GRT,CFX,LUNC,FET,SAND,LDO,OP,APT",0.01840957159615035,0.13636363636363635,11.76180537846394,28751.079814022967,29268.61307094739,517.5332569244238
2023-03-08 00:00:00+00:00,2023-03-09 00:00:00+00:00,2023-03-16 00:00:00+00:00,11,11,"DCR,GNO,RAY,XEC,CVX,SFP,COMP,1INCH,XTZ,IOTA,THETA","GRT,CHZ,APE,LUNC,STX,CFX,SAND,FET,OP,LDO,APT",-0.04672382328634547,0.13636363636363638,11.973523529023936,29268.61307094739,27889.098042455,-1379.5150284923911
2023-03-15 00:00:00+00:00,2023-03-16 00:00:00+00:00,2023-03-23 00:00:00+00:00,11,11,"GNO,DCR,RAY,XEC,1INCH,CVX,COMP,IOTA,SFP,XTZ,THETA","CHZ,GRT,APE,LUNC,STX,FET,SAND,CFX,OP,LDO,APT",-0.03911518068570224,0.0,0.0,27889.098042455,26798.21093336311,-1090.887109091891
2023-03-22 00:00:00+00:00,2023-03-23 00:00:00+00:00,2023-03-30 00:00:00+00:00,11,11,"GNO,DCR,XEC,RAY,CVX,1INCH,COMP,IOTA,SFP,XTZ,THETA","CRV,APE,LUNC,GRT,FET,SAND,STX,LDO,CFX,OP,APT",0.028050040943708984,0.045454545454545456,3.6543014909131513,26798.21093336311,27546.24754577118,748.036612408072
2023-03-29 00:00:00+00:00,2023-03-30 00:00:00+00:00,2023-04-06 00:00:00+00:00,12,12,"GNO,GLM,DCR,PROM,RAY,CVX,XEC,SFP,COMP,IOTA,1INCH,XTZ","IMX,SNX,GRT,LUNC,SAND,APE,FET,STX,LDO,OP,APT,CFX",0.012088895270731632,0.16666666666666663,13.773123772885587,27546.24754577118,27865.478123680772,319.2305779095914
2023-04-05 00:00:00+00:00,2023-04-06 00:00:00+00:00,2023-04-13 00:00:00+00:00,12,12,"GNO,GLM,DCR,PROM,CVX,RAY,XEC,COMP,SFP,IOTA,1INCH,XTZ","INJ,GRT,CHZ,FET,LUNC,SAND,STX,APE,LDO,OP,APT,CFX",-0.002802686088550009,0.08333333333333333,6.966369530920193,27865.478123680772,27780.413566261814,-85.06455741895843
2023-04-12 00:00:00+00:00,2023-04-13 00:00:00+00:00,2023-04-20 00:00:00+00:00,12,12,"GNO,GLM,PROM,DCR,CVX,RAY,XEC,COMP,SFP,IOTA,AR,1INCH","STX,FET,MANA,INJ,LUNC,SAND,CHZ,LDO,APE,OP,APT,CFX",-0.012128686513973846,0.08333333333333333,6.945103391565453,27780.413566261814,27436.528535496513,-343.88503076530105
2023-04-19 00:00:00+00:00,2023-04-20 00:00:00+00:00,2023-04-27 00:00:00+00:00,12,12,"GNO,GLM,DCR,PROM,CVX,RAY,XEC,SFP,COMP,1INCH,IOTA,XTZ","CRV,LDO,FET,INJ,MANA,CHZ,SAND,LUNC,OP,APT,APE,CFX",0.009430543684378774,0.08333333333333333,6.859132133874128,27436.528535496513,27688.41078426434,251.88224876782624
2023-04-26 00:00:00+00:00,2023-04-27 00:00:00+00:00,2023-05-04 00:00:00+00:00,12,12,"GNO,DCR,GLM,RAY,CVX,PROM,SFP,XEC,1INCH,COMP,XTZ,IOTA","CRV,CHZ,LDO,LUNC,FET,MANA,INJ,SAND,APE,OP,CFX,APT",-0.00341191735056844,0.0,0.0,27688.41078426434,27593.94021509984,-94.47056916449947
2023-05-03 00:00:00+00:00,2023-05-04 00:00:00+00:00,2023-05-11 00:00:00+00:00,12,12,"GNO,DCR,GLM,PROM,RAY,CVX,SFP,1INCH,XEC,COMP,XTZ,IOTA","EGLD,LDO,MANA,LUNC,FET,APE,SAND,CHZ,OP,INJ,CFX,APT",0.03119318190640371,0.041666666666666664,3.4492425268874793,27593.94021509984,28451.23376921699,857.29355411715
2023-05-10 00:00:00+00:00,2023-05-11 00:00:00+00:00,2023-05-18 00:00:00+00:00,12,12,"GNO,DCR,PROM,GLM,CVX,RAY,SFP,XEC,COMP,1INCH,IOTA,XTZ","LDO,STX,APE,FET,EGLD,SAND,JASMY,INJ,CHZ,OP,CFX,APT",-0.013060911787781557,0.08333333333333333,7.112808442304247,28451.23376921699,28072.52190626139,-378.7118629555989
2023-05-17 00:00:00+00:00,2023-05-18 00:00:00+00:00,2023-05-25 00:00:00+00:00,12,12,"GNO,PROM,GLM,DCR,RAY,CVX,SFP,XEC,1INCH,COMP,IOTA,AR","FET,LDO,EGLD,INJ,SAND,APE,CHZ,STX,JASMY,OP,CFX,APT",0.015903602270074816,0.041666666666666664,3.5090652382826737,28072.52190626139,28515.467064138254,442.94515787686396
2023-05-24 00:00:00+00:00,2023-05-25 00:00:00+00:00,2023-06-01 00:00:00+00:00,12,12,"GNO,GLM,PROM,DCR,RAY,CVX,XEC,SFP,COMP,ENS,1INCH,IOTA","AXS,JASMY,STX,LDO,CRV,CHZ,INJ,APE,SAND,OP,APT,CFX",0.008850747782533069,0.12499999999999999,10.693300149051844,28515.467064138254,28757.156970875018,241.68990673676308
2023-05-31 00:00:00+00:00,2023-06-01 00:00:00+00:00,2023-06-08 00:00:00+00:00,12,12,"GNO,DCR,PROM,GLM,RAY,CVX,XEC,COMP,SFP,1INCH,ENS,TWT","MANA,CHZ,EGLD,FET,APE,CRV,INJ,LDO,OP,SAND,APT,CFX",-0.018063280356633134,0.16666666666666666,14.37857848543751,28757.156970875018,28223.32980376496,-533.8271671100592
2023-06-07 00:00:00+00:00,2023-06-08 00:00:00+00:00,2023-06-15 00:00:00+00:00,12,12,"GNO,PROM,GLM,DCR,XEC,CVX,RAY,COMP,XTZ,1INCH,AR,ENS","CRV,LUNC,APE,EGLD,CHZ,FET,INJ,LDO,SAND,OP,CFX,APT",0.0426139492392366,0.12499999999999999,10.583748676411858,28223.32980376496,29415.45359870842,1192.1237949434617
2023-06-14 00:00:00+00:00,2023-06-15 00:00:00+00:00,2023-06-22 00:00:00+00:00,12,12,"GNO,GLM,PROM,DCR,CVX,XEC,RAY,COMP,XTZ,1INCH,AR,ENS","FET,AXS,GRT,APE,CHZ,LUNC,INJ,LDO,SAND,CFX,APT,OP",-0.03496123843865656,0.08333333333333333,7.353863399677104,29415.45359870842,28379.69904826306,-1035.7545504453592
2023-06-21 00:00:00+00:00,2023-06-22 00:00:00+00:00,2023-06-29 00:00:00+00:00,12,12,"GLM,GNO,PROM,DCR,CVX,RAY,XEC,COMP,ENS,IMX,AR,IOTA","AXS,MANA,LDO,CRV,GRT,INJ,APE,SAND,CFX,LUNC,APT,OP",0.03850544266064784,0.16666666666666666,14.189849524131528,28379.69904826306,29458.282073168266,1078.583024905205
2023-06-28 00:00:00+00:00,2023-06-29 00:00:00+00:00,2023-07-06 00:00:00+00:00,12,12,"GNO,GLM,PROM,CVX,DCR,XEC,RAY,COMP,ENS,IOTA,AR,XTZ","MANA,AXS,GRT,STX,CRV,INJ,SAND,CFX,APT,APE,LUNC,OP",0.03981153658638611,0.08333333333333333,7.364570518292066,29458.282073168266,30623.69697717799,1165.4149040097254
2023-07-05 00:00:00+00:00,2023-07-06 00:00:00+00:00,2023-07-13 00:00:00+00:00,12,12,"GNO,GLM,PROM,DCR,CVX,XEC,XTZ,IOTA,1INCH,ENS,RAY,AR","LDO,CRV,GRT,FET,SAND,LUNC,INJ,APE,STX,CFX,APT,OP",0.016626735767963568,0.12499999999999999,11.483886366441746,30623.69697717799,31121.38520868927,497.688231511278
2023-07-12 00:00:00+00:00,2023-07-13 00:00:00+00:00,2023-07-20 00:00:00+00:00,12,12,"GNO,GLM,PROM,DCR,CVX,XTZ,SFP,1INCH,IOTA,RAY,XEC,ENS","FET,SAND,LUNC,GRT,SNX,COMP,APE,STX,CFX,INJ,OP,APT",-0.024625273476384962,0.12499999999999999,11.670519453258475,31121.38520868927,30343.342067508114,-778.0431411811551
2023-07-19 00:00:00+00:00,2023-07-20 00:00:00+00:00,2023-07-27 00:00:00+00:00,13,13,"GNO,PROM,DCR,GLM,SFP,RAY,CVX,XTZ,IOTA,IMX,AR,FLOKI,1INCH","LDO,FET,GRT,SAND,SNX,LUNC,STX,APE,COMP,INJ,CFX,APT,OP",0.0019148877483475778,0.15384615384615374,14.004619415772968,30343.342067508114,30387.44154206133,44.09947455321526
2023-07-26 00:00:00+00:00,2023-07-27 00:00:00+00:00,2023-08-03 00:00:00+00:00,13,13,"PROM,DCR,GLM,GNO,CVX,SFP,RAY,IOTA,XTZ,PENDLE,AR,IMX,ENS","MANA,FET,LDO,INJ,SAND,LUNC,STX,SNX,APE,COMP,CFX,APT,OP",0.0069696720088709245,0.11538461538461539,10.518729764559692,30387.44154206133,30588.713313033677,201.27177097234744
2023-08-02 00:00:00+00:00,2023-08-03 00:00:00+00:00,2023-08-10 00:00:00+00:00,13,13,"GNO,GLM,PROM,DCR,CVX,SFP,RAY,IOTA,PENDLE,XTZ,ENS,THETA,AR","GRT,MANA,STX,LDO,SAND,LUNC,CFX,SNX,INJ,APE,COMP,APT,OP",0.010722824180412075,0.07692307692307693,7.058933841469312,30588.713313033677,30909.651773952897,320.93846091922023
2023-08-09 00:00:00+00:00,2023-08-10 00:00:00+00:00,2023-08-17 00:00:00+00:00,13,13,"GNO,PROM,GLM,DCR,SFP,CVX,IOTA,RAY,ENS,PENDLE,XTZ,AR,TWT","LDO,GRT,STX,LUNC,SAND,SNX,CFX,APE,CRV,COMP,INJ,APT,OP",0.0175850409917544,0.07692307692307693,7.1329965632198995,30909.651773952897,31446.06627087549,536.4144969225927
2023-08-16 00:00:00+00:00,2023-08-17 00:00:00+00:00,2023-08-24 00:00:00+00:00,13,13,"PROM,DCR,GNO,GLM,RAY,SFP,IOTA,CVX,ENS,AR,PENDLE,XTZ,THETA","GRT,LDO,LUNC,STX,INJ,SAND,COMP,APE,SNX,CRV,CFX,APT,OP",0.01829418319166072,0.038461538461538464,3.628392262024095,31446.06627087549,32017.717975629967,571.6517047544767
2023-08-23 00:00:00+00:00,2023-08-24 00:00:00+00:00,2023-08-31 00:00:00+00:00,13,13,"DCR,GNO,PROM,RAY,GLM,CVX,PENDLE,IOTA,XTZ,XEC,ENS,TWT,IMX","LUNC,STX,COMP,FET,LDO,SAND,CFX,APE,RUNE,CRV,INJ,APT,OP",0.012471817177306787,0.1923076923076923,18.47176037055575,32017.717975629967,32398.56534028604,380.8473646560742
2023-08-30 00:00:00+00:00,2023-08-31 00:00:00+00:00,2023-09-07 00:00:00+00:00,13,13,"GNO,DCR,PROM,GLM,RAY,CVX,XEC,XTZ,PENDLE,IOTA,ENS,FLOKI,1INCH","GRT,LDO,COMP,CFX,FET,INJ,SAND,SEI,APE,APT,CRV,RUNE,OP",0.004636239221953123,0.15384615384615385,14.953184003208944,32398.56534028604,32533.81965564848,135.25431536243923
2023-09-06 00:00:00+00:00,2023-09-07 00:00:00+00:00,2023-09-14 00:00:00+00:00,13,13,"GNO,DCR,PROM,GLM,CVX,RAY,XTZ,XEC,ENS,1INCH,TWT,FLOKI,IOTA","LUNC,CFX,GRT,SNX,FET,INJ,CRV,SAND,APT,SEI,RUNE,APE,OP",0.010698519537525113,0.11538461538461539,11.26170680387832,32533.81965564848,32870.62165406087,336.801998412393
2023-09-13 00:00:00+00:00,2023-09-14 00:00:00+00:00,2023-09-21 00:00:00+00:00,13,13,"GNO,DCR,GLM,CVX,PROM,RAY,ENS,PENDLE,XTZ,FLOKI,1INCH,XEC,TWT","GRT,LUNC,CRV,SNX,APE,CFX,SAND,RUNE,APT,INJ,FET,SEI,OP",0.008362299366689578,0.038461538461538464,3.792764037007024,32870.62165406087,33141.70286866432,271.0812146034441
2023-09-20 00:00:00+00:00,2023-09-21 00:00:00+00:00,2023-09-28 00:00:00+00:00,13,13,"GNO,DCR,GLM,RAY,CVX,PROM,PENDLE,ENS,1INCH,XTZ,XEC,IMX,FLOKI","COMP,LDO,LUNC,SAND,CRV,INJ,RUNE,CFX,FET,APE,SEI,APT,OP",-0.0013698339085010214,0.11538461538461539,11.47212791607611,33141.70286866432,33084.83211237328,-56.87075629103492
2023-09-27 00:00:00+00:00,2023-09-28 00:00:00+00:00,2023-10-05 00:00:00+00:00,13,13,"GNO,DCR,GLM,CVX,RAY,PROM,XTZ,PENDLE,1INCH,SFP,FLOKI,ENS,TWT","LDO,COMP,STX,INJ,LUNC,FET,CRV,RUNE,CFX,SEI,APT,APE,OP",0.003934930630902103,0.11538461538461539,11.452441885052291,33084.83211237328,33203.56618978546,118.7340774121767
2023-10-04 00:00:00+00:00,2023-10-05 00:00:00+00:00,2023-10-12 00:00:00+00:00,13,13,"GNO,DCR,GLM,CVX,PROM,RAY,SFP,XTZ,PENDLE,1INCH,FLOKI,IOTA,ENS","LDO,SAND,STX,INJ,LUNC,FET,CFX,CRV,SEI,RUNE,APE,OP,APT",0.00991544404127293,0.07692307692307693,7.66236142841203,33203.56618978546,33525.13193088257,321.56574109711073
2023-10-11 00:00:00+00:00,2023-10-12 00:00:00+00:00,2023-10-19 00:00:00+00:00,13,13,"GNO,DCR,GLM,CVX,PROM,RAY,SFP,1INCH,ENS,IOTA,XEC,XTZ,PENDLE","CRV,CFX,FET,STX,SNX,SAND,INJ,LDO,SEI,APE,APT,RUNE,OP",0.005327262909205951,0.07692307692307693,7.736568907126747,33525.13193088257,33695.992553837066,170.86062295449665
2023-10-18 00:00:00+00:00,2023-10-19 00:00:00+00:00,2023-10-26 00:00:00+00:00,13,13,"GNO,DCR,GLM,PROM,CVX,RAY,ENS,IOTA,SFP,1INCH,PENDLE,NEO,XEC","SAND,FET,TWT,CFX,STX,SEI,INJ,LDO,CHZ,APT,APE,RUNE,OP",-0.06914029521432691,0.11538461538461539,11.663997422482062,33695.992553837066,31354.577683702526,-2341.4148701345403
2023-10-25 00:00:00+00:00,2023-10-26 00:00:00+00:00,2023-11-02 00:00:00+00:00,13,13,"GNO,DCR,GLM,PROM,CVX,RAY,ENS,IOTA,SFP,AR,THETA,NEO,PENDLE","SEI,CFX,TWT,LUNC,LDO,STX,FET,INJ,CHZ,RUNE,APE,OP,APT",0.03095606951591082,0.11538461538461539,10.853507659743183,31354.577683702526,32314.3386624615,959.7609787589754
2023-11-01 00:00:00+00:00,2023-11-02 00:00:00+00:00,2023-11-09 00:00:00+00:00,13,13,"GNO,DCR,PROM,CVX,GLM,RAY,ENS,IOTA,SFP,AR,THETA,1INCH,XTZ","CRV,SEI,LUNC,LDO,CFX,APE,STX,CHZ,FET,RUNE,INJ,OP,APT",0.015457990921787144,0.11538461538461539,11.185732613928982,32314.3386624615,32802.66768353546,488.32902107395785
2023-11-08 00:00:00+00:00,2023-11-09 00:00:00+00:00,2023-11-16 00:00:00+00:00,13,13,"GNO,PROM,GLM,DCR,CVX,RAY,ENS,IOTA,1INCH,XEC,SFP,AR,THETA","SNX,LUNC,SEI,CHZ,LDO,STX,APE,FET,CFX,INJ,APT,OP,RUNE",-0.02753946673062673,0.07692307692307693,7.569846388508184,32802.66768353546,31891.72986180042,-910.9378217350386
2023-11-15 00:00:00+00:00,2023-11-16 00:00:00+00:00,2023-11-23 00:00:00+00:00,13,13,"GNO,PROM,DCR,GLM,CVX,RAY,SFP,XEC,XTZ,THETA,IOTA,AR,PENDLE","MANA,SAND,STX,GRT,LDO,CFX,APE,FET,INJ,TIA,APT,OP,RUNE",-0.009581591308427811,0.23076923076923073,22.078889904323365,31891.72986180042,31564.077450241544,-327.65241155887634
2023-11-22 00:00:00+00:00,2023-11-23 00:00:00+00:00,2023-11-30 00:00:00+00:00,13,13,"DCR,GNO,PROM,CVX,GLM,XEC,SFP,RAY,IOTA,XTZ,1INCH,PENDLE,THETA","SAND,CFX,IMX,APE,SEI,GRT,FET,INJ,LDO,APT,TIA,OP,RUNE",-0.003959697823897947,0.11538461538461539,10.926026809698996,31564.077450241544,31428.16721463878,-135.91023560276517
2023-11-29 00:00:00+00:00,2023-11-30 00:00:00+00:00,2023-12-07 00:00:00+00:00,13,13,"PROM,DCR,GNO,CVX,GLM,SFP,XEC,RAY,IOTA,XTZ,1INCH,PENDLE,THETA","SAND,GRT,APE,IMX,SNX,INJ,LDO,SEI,APT,FET,OP,TIA,RUNE",0.00015254490127794562,0.038461538461538464,3.626326986304475,31428.16721463878,31429.33509431758,1.167879678800091
2023-12-06 00:00:00+00:00,2023-12-07 00:00:00+00:00,2023-12-14 00:00:00+00:00,13,13,"PROM,GNO,DCR,CVX,GLM,SFP,XEC,RAY,XTZ,PENDLE,JASMY,THETA,IOTA","SNX,SAND,IMX,LDO,APE,LUNC,INJ,APT,TIA,SEI,OP,FET,RUNE",-0.06515336192000794,0.07692307692307693,7.252923483304057,31429.33509431758,29374.355326528992,-2054.979767788587
2023-12-13 00:00:00+00:00,2023-12-14 00:00:00+00:00,2023-12-21 00:00:00+00:00,13,13,"GNO,PROM,CVX,DCR,GLM,SFP,XTZ,PENDLE,AR,JASMY,XEC,RAY,1INCH","LDO,GRT,STX,SAND,APE,APT,FET,SEI,INJ,OP,TIA,LUNC,RUNE",-0.035285183207214174,0.15384615384615385,13.557394766090306,29374.355326528992,28324.31842247252,-1050.0369040564728
2023-12-20 00:00:00+00:00,2023-12-21 00:00:00+00:00,2023-12-28 00:00:00+00:00,14,14,"GNO,PROM,DCR,CVX,GLM,XTZ,PENDLE,SFP,XEC,AR,FLOKI,THETA,RAY,1INCH","SAND,EGLD,CHZ,STX,IMX,SEI,FET,APT,INJ,OP,LUNC,JTO,RUNE,TIA",0.045503784961114534,0.21428571428571425,18.208490414446615,28324.31842247252,29594.9736267244,1270.6552042518815
2023-12-27 00:00:00+00:00,2023-12-28 00:00:00+00:00,2024-01-04 00:00:00+00:00,14,14,"GNO,PROM,DCR,GLM,CVX,XEC,XTZ,PENDLE,FLOKI,SFP,1INCH,THETA,RAY,ENS","CRV,EGLD,STX,IMX,SEI,LUNC,JTO,FET,APT,OP,BONK,INJ,RUNE,TIA",-0.0029661400149625814,0.10714285714285712,9.51267009430427,29594.9736267244,29497.67812111411,-97.295505610291
2024-01-03 00:00:00+00:00,2024-01-04 00:00:00+00:00,2024-01-11 00:00:00+00:00,14,14,"GNO,PROM,DCR,GLM,CVX,XEC,FLOKI,SFP,XTZ,1INCH,PENDLE,RAY,IOTA,JASMY","APE,CFX,SAND,STX,JTO,FET,LUNC,APT,BONK,TIA,INJ,SEI,OP,RUNE",-0.046033064532618864,0.17857142857142852,15.802327564882553,29497.67812111411,28124.00727303756,-1373.6708480765483
2024-01-10 00:00:00+00:00,2024-01-11 00:00:00+00:00,2024-01-18 00:00:00+00:00,14,14,"PROM,GNO,DCR,GLM,CVX,SFP,XEC,FLOKI,XTZ,AR,JASMY,RAY,TWT,THETA","ENS,LUNC,FET,CFX,JTO,LDO,BONK,APT,STX,INJ,TIA,RUNE,SEI,OP",0.004317511228895525,0.17857142857142852,15.06643246769869,28124.00727303756,28230.366557772744,106.35928473518288
2024-01-17 00:00:00+00:00,2024-01-18 00:00:00+00:00,2024-01-25 00:00:00+00:00,14,14,"GNO,PROM,DCR,CVX,GLM,SFP,XEC,FLOKI,AR,TWT,XTZ,JASMY,RAY,THETA","CFX,LUNC,FET,JTO,ENS,LDO,BONK,APT,STX,INJ,RUNE,SEI,OP,TIA",0.024229046957809044,0.0,0.0,28230.366557772744,28914.36143473718,683.9948769644361
2024-01-24 00:00:00+00:00,2024-01-25 00:00:00+00:00,2024-02-01 00:00:00+00:00,14,14,"GNO,DCR,PROM,CVX,GLM,SFP,FLOKI,XEC,TWT,JASMY,XTZ,AR,IOTA,1INCH","FET,APE,LUNC,JTO,BONK,LDO,STX,ENS,APT,RUNE,INJ,TIA,SEI,OP",0.01227596215107757,0.10714285714285712,9.29390188973695,28914.36143473718,29260.01913944285,345.65770470567077
2024-01-31 00:00:00+00:00,2024-02-01 00:00:00+00:00,2024-02-08 00:00:00+00:00,14,14,"GNO,DCR,GLM,PROM,CVX,SFP,XEC,JASMY,XTZ,FLOKI,1INCH,AR,THETA,RAY","LUNC,CFX,JTO,ENS,LDO,BONK,CHZ,APT,STX,RUNE,TIA,INJ,SEI,OP",-0.011288437340717678,0.14285714285714282,12.540008202618361,29260.01913944285,28917.179238596433,-342.83990084641846
2024-02-07 00:00:00+00:00,2024-02-08 00:00:00+00:00,2024-02-15 00:00:00+00:00,14,14,"GNO,GLM,DCR,PROM,CVX,SFP,XEC,FLOKI,JASMY,XTZ,AR,1INCH,THETA,RAY","PENDLE,ENS,LUNC,LDO,BONK,CFX,CHZ,STX,APT,INJ,TIA,RUNE,OP,SEI",0.0003669137718677641,0.03571428571428571,3.0982692041353324,28917.179238596433,28924.691080698507,7.511842102074297
2024-02-14 00:00:00+00:00,2024-02-15 00:00:00+00:00,2024-02-22 00:00:00+00:00,14,14,"GNO,PROM,GLM,CVX,DCR,SFP,XEC,FLOKI,AR,XTZ,1INCH,THETA,RAY,JASMY","APE,LDO,LUNC,PENDLE,STX,CHZ,CFX,PYTH,OP,APT,INJ,TIA,SEI,RUNE",0.12332606817532733,0.07142857142857142,6.1981480887211085,28924.691080698507,32485.661356778295,3560.970276079788
2024-02-21 00:00:00+00:00,2024-02-22 00:00:00+00:00,2024-02-29 00:00:00+00:00,14,14,"GNO,CVX,PROM,DCR,GLM,SFP,XEC,AR,FLOKI,RAY,1INCH,THETA,XTZ,JASMY","LDO,PENDLE,CFX,LUNC,APE,ENS,PYTH,STX,OP,RUNE,APT,SEI,INJ,TIA",0.07082054734900686,0.03571428571428571,3.4806065739405314,32485.661356778295,34782.833068485874,2297.1717117075787
2024-02-28 00:00:00+00:00,2024-02-29 00:00:00+00:00,2024-03-07 00:00:00+00:00,14,14,"GNO,DCR,SFP,CVX,GLM,XEC,PROM,FLOKI,RAY,AR,XTZ,TWT,MANA,IOTA","PYTH,CFX,SAND,GRT,ENS,FET,LUNC,STX,OP,APT,SEI,INJ,TIA,RUNE",0.07865752602999486,0.21428571428571422,22.36039268688377,34782.833068485874,37496.40427328039,2713.5712047945126
2024-03-06 00:00:00+00:00,2024-03-07 00:00:00+00:00,2024-03-14 00:00:00+00:00,15,15,"GNO,DCR,SFP,CVX,PROM,XEC,GLM,XTZ,RAY,FLOKI,TWT,IOTA,COMP,MANA,1INCH","LDO,BONK,SAND,JASMY,GRT,LUNC,STX,INJ,SEI,APT,TIA,FET,OP,RUNE,STRK",0.015611880984532183,0.1999999999999999,22.49784256396822,37496.40427328039,38059.29583157878,562.89155829839
2024-03-13 00:00:00+00:00,2024-03-14 00:00:00+00:00,2024-03-21 00:00:00+00:00,15,15,"GNO,DCR,CVX,SFP,PROM,XTZ,GLM,TWT,XEC,1INCH,PENDLE,RAY,COMP,SNX,IOTA","JASMY,ENS,FLOKI,SAND,LUNC,STX,INJ,BONK,TIA,FET,SEI,APT,RUNE,STRK,OP",-0.013387142828606608,0.13333333333333333,15.223718332631512,38059.29583157878,37534.56688399261,-524.7289475861689
2024-03-20 00:00:00+00:00,2024-03-21 00:00:00+00:00,2024-03-28 00:00:00+00:00,15,15,"GNO,DCR,CVX,PROM,SFP,GLM,XTZ,TWT,XEC,1INCH,PENDLE,NEO,COMP,IOTA,SNX","LUNC,SAND,STX,JTO,TIA,BONK,INJ,WIF,SEI,STRK,RUNE,FET,OP,FLOKI,APT",0.04985475732947697,0.09999999999999999,11.260370065197781,37534.56688399261,39394.583237395884,1860.0163534032763
2024-03-27 00:00:00+00:00,2024-03-28 00:00:00+00:00,2024-04-04 00:00:00+00:00,15,15,"GNO,DCR,CVX,PROM,SFP,GLM,1INCH,XTZ,TWT,NEO,IOTA,XEC,IMX,COMP,PENDLE","SAND,JTO,BONK,STX,TIA,CFX,INJ,STRK,WIF,SEI,RUNE,FET,OP,APT,FLOKI",0.002765157460593761,0.06666666666666667,7.878916647479177,39394.583237395884,39495.63654649427,101.05330909838813
2024-04-03 00:00:00+00:00,2024-04-04 00:00:00+00:00,2024-04-11 00:00:00+00:00,15,15,"DCR,CVX,GNO,SFP,PROM,GLM,1INCH,NEO,XTZ,IOTA,TWT,COMP,IMX,SNX,MANA","SAND,BONK,TIA,INJ,STX,CFX,STRK,SEI,RUNE,ETHFI,OP,FET,WIF,APT,FLOKI",0.041764621499282624,0.09999999999999999,11.84869096394828,39495.63654649427,41133.30816676789,1637.6716202736206
2024-04-10 00:00:00+00:00,2024-04-11 00:00:00+00:00,2024-04-18 00:00:00+00:00,15,15,"DCR,CVX,GNO,PROM,SFP,GLM,XTZ,1INCH,IOTA,NEO,COMP,IMX,SNX,TWT,ENS","JTO,STX,TIA,CFX,SEI,STRK,PENDLE,OP,INJ,FLOKI,APT,RUNE,FET,ETHFI,WIF",0.00857496451400747,0.09999999999999999,12.339992450030367,41133.30816676789,41473.684832191626,340.37666542373336
2024-04-17 00:00:00+00:00,2024-04-18 00:00:00+00:00,2024-04-25 00:00:00+00:00,15,15,"DCR,PROM,CVX,GNO,GLM,SFP,XTZ,1INCH,COMP,TWT,IMX,IOTA,ENS,SNX,EGLD","STX,JASMY,JTO,SEI,TIA,STRK,FLOKI,PENDLE,INJ,OP,APT,FET,ETHFI,RUNE,WIF",-0.013680760723640484,0.06666666666666667,8.294736966438325,41473.684832191626,40897.9985367083,-575.6862954833268
2024-04-24 00:00:00+00:00,2024-04-25 00:00:00+00:00,2024-05-02 00:00:00+00:00,15,15,"DCR,PROM,CVX,GNO,GLM,COMP,1INCH,TWT,SFP,XTZ,XEC,IMX,RAY,IOTA,ENS","STX,JTO,JASMY,SEI,STRK,TIA,PENDLE,INJ,APT,FLOKI,OP,ETHFI,FET,RUNE,WIF",0.008809888964828311,0.06666666666666667,8.17959970734166,40897.9985367083,41250.12576299306,352.1272262847633
2024-05-01 00:00:00+00:00,2024-05-02 00:00:00+00:00,2024-05-09 00:00:00+00:00,15,15,"PROM,DCR,CVX,GNO,GLM,SFP,1INCH,XEC,COMP,TWT,XTZ,RAY,IMX,SNX,EGLD","CHZ,STRK,PENDLE,SEI,BONK,JTO,TIA,INJ,APT,ETHFI,OP,FLOKI,FET,RUNE,WIF",0.00044392667229831454,0.13333333333333333,16.500050305197224,41250.12576299306,41251.93774374972,1.8119807566545205
2024-05-08 00:00:00+00:00,2024-05-09 00:00:00+00:00,2024-05-16 00:00:00+00:00,15,15,"DCR,PROM,CVX,GNO,XEC,SFP,RAY,1INCH,COMP,TWT,SNX,IMX,GLM,ENS,XTZ","STX,PENDLE,STRK,INJ,SEI,TIA,APT,ETHFI,JTO,FLOKI,OP,FET,BONK,WIF,RUNE",-0.012419194214882402,0.06666666666666667,8.250387548749943,41251.93774374972,40731.3715296211,-520.5662141286157
2024-05-15 00:00:00+00:00,2024-05-16 00:00:00+00:00,2024-05-23 00:00:00+00:00,15,15,"GNO,DCR,PROM,CVX,RAY,TWT,XEC,SFP,1INCH,COMP,IMX,SNX,MANA,ENS,AXS","STRK,PENDLE,TIA,INJ,SEI,APT,AR,OP,ETHFI,JTO,FLOKI,FET,BONK,RUNE,WIF",0.009253996305524847,0.09999999999999999,12.219411458886329,40731.3715296211,41096.08007981629,364.70855019518785
2024-05-22 00:00:00+00:00,2024-05-23 00:00:00+00:00,2024-05-30 00:00:00+00:00,15,15,"CVX,DCR,PROM,GNO,SFP,1INCH,TWT,RAY,XEC,COMP,IMX,SNX,IOTA,ENS,GLM","TIA,PENDLE,SEI,INJ,STRK,APT,ETHFI,OP,JTO,AR,FET,FLOKI,BONK,RUNE,WIF",-0.010189588327931327,0.06666666666666667,8.219216015963259,41096.08007981629,40669.1087258953,-426.97135392099153
2024-05-29 00:00:00+00:00,2024-05-30 00:00:00+00:00,2024-06-06 00:00:00+00:00,15,15,"CVX,GNO,DCR,PROM,SFP,1INCH,TWT,XEC,RAY,MANA,COMP,SNX,GLM,AXS,NEO","TIA,INJ,PENDLE,LDO,APT,STRK,AR,ETHFI,JTO,FET,OP,BONK,RUNE,FLOKI,WIF",0.005500524705318949,0.13333333333333333,16.267643490358118,40669.1087258953,40876.54251969504,207.43379379974067
2024-06-05 00:00:00+00:00,2024-06-06 00:00:00+00:00,2024-06-13 00:00:00+00:00,15,15,"CVX,GNO,DCR,PROM,SFP,TWT,XEC,RAY,GLM,1INCH,SNX,MANA,NEO,IMX,XTZ","PYTH,ENS,LDO,JASMY,JTO,PENDLE,STRK,APT,FET,RUNE,ETHFI,OP,BONK,FLOKI,WIF",0.019769792522579224,0.16666666666666666,20.438271259847518,40876.54251969504,41664.225013089956,787.6824933949174
2024-06-12 00:00:00+00:00,2024-06-13 00:00:00+00:00,2024-06-20 00:00:00+00:00,15,15,"CVX,DCR,PROM,GNO,GLM,XEC,RAY,SFP,SNX,TWT,IMX,COMP,XTZ,MANA,NEO","PENDLE,STX,LDO,APT,STRK,TIA,INJ,ETHFI,OP,FET,RUNE,JASMY,BONK,FLOKI,WIF",0.04944693875559199,0.13333333333333333,16.66569000523598,41664.225013089956,43707.72770560619,2043.502692516231
2024-06-19 00:00:00+00:00,2024-06-20 00:00:00+00:00,2024-06-27 00:00:00+00:00,15,15,"DCR,PROM,CVX,GNO,XEC,SFP,GLM,RAY,MANA,SNX,IMX,TWT,NEO,COMP,IOTA","AR,LDO,STRK,APT,STX,TIA,JASMY,FET,ETHFI,INJ,OP,BONK,RUNE,FLOKI,WIF",-0.01433177787326953,0.06666666666666667,8.741545541121239,43707.72770560619,43072.57671524296,-635.150990363225
2024-06-26 00:00:00+00:00,2024-06-27 00:00:00+00:00,2024-07-04 00:00:00+00:00,15,15,"GNO,PROM,DCR,XEC,SFP,RAY,GLM,CVX,1INCH,NEO,TWT,MANA,COMP,SNX,IMX","ENS,LDO,STRK,JASMY,AR,FET,INJ,APT,OP,ETHFI,BONK,CRV,FLOKI,RUNE,WIF",0.030759457245831196,0.09999999999999999,12.921773014572887,43072.57671524296,44384.54402416869,1311.9673089257267
2024-07-03 00:00:00+00:00,2024-07-04 00:00:00+00:00,2024-07-11 00:00:00+00:00,16,16,"GNO,PROM,DCR,GLM,1INCH,XEC,RAY,TWT,NEO,IOTA,SFP,COMP,MANA,AXS,XTZ,IMX","PENDLE,AR,TIA,ENS,LDO,INJ,FET,ETHFI,APT,ZRO,OP,CRV,BONK,RUNE,FLOKI,WIF",-0.01729488772208632,0.18749999999999994,24.96630601359488,44384.54402416869,43591.9520126611,-792.592011507586
2024-07-10 00:00:00+00:00,2024-07-11 00:00:00+00:00,2024-07-18 00:00:00+00:00,16,16,"GNO,DCR,PROM,GLM,1INCH,XEC,NEO,IOTA,MANA,SFP,XTZ,TWT,SNX,CVX,COMP,RAY","JASMY,AR,TIA,INJ,PENDLE,ETHFI,CRV,OP,ENS,LDO,FET,RUNE,BONK,FLOKI,ZRO,WIF",-0.020380532688116352,0.09375,12.260236503560936,43591.9520126611,42691.2645732247,-900.6874394364058
2024-07-17 00:00:00+00:00,2024-07-18 00:00:00+00:00,2024-07-25 00:00:00+00:00,16,16,"GNO,PROM,DCR,CVX,GLM,MANA,XEC,SFP,NEO,1INCH,IOTA,SNX,XTZ,COMP,TWT,AXS","STRK,CRV,INJ,AR,PENDLE,TIA,LDO,OP,ETHFI,ENS,RUNE,FLOKI,FET,BONK,ZRO,WIF",-0.012376169614745015,0.0625,8.00461210747963,42691.2645732247,42154.905629691035,-536.3589435336617
2024-07-24 00:00:00+00:00,2024-07-25 00:00:00+00:00,2024-08-01 00:00:00+00:00,16,16,"PROM,DCR,GNO,CVX,GLM,SFP,MANA,XEC,1INCH,TWT,COMP,IOTA,NEO,IMX,SAND,AXS","AR,APT,INJ,STRK,PENDLE,TIA,SEI,OP,ENS,RUNE,FET,ETHFI,FLOKI,ZRO,BONK,WIF",0.031047665989205005,0.125,15.808089611134138,42154.905629691035,43447.908969877004,1293.0033401859691
2024-07-31 00:00:00+00:00,2024-08-01 00:00:00+00:00,2024-08-08 00:00:00+00:00,16,16,"PROM,GNO,DCR,GLM,SFP,1INCH,CVX,TWT,XEC,MANA,IMX,IOTA,COMP,SNX,NEO,SAND","PENDLE,LDO,STRK,TIA,SEI,JASMY,OP,INJ,ENS,FET,ETHFI,ZRO,FLOKI,RUNE,BONK,WIF",0.03821694354411234,0.09375,12.219724397777908,43447.908969877004,45096.13552969075,1648.2265598137456
2024-08-07 00:00:00+00:00,2024-08-08 00:00:00+00:00,2024-08-15 00:00:00+00:00,16,16,"PROM,GNO,DCR,GLM,1INCH,SFP,IMX,TWT,NEO,CVX,IOTA,MANA,XEC,SNX,AXS,SAND","AR,CRV,STRK,JTO,ETHFI,ENS,OP,TIA,JASMY,INJ,FET,ZRO,FLOKI,RUNE,BONK,WIF",-0.026350442900836733,0.125,16.91105082363403,45096.13552969075,43890.9213345436,-1205.2141951471494
2024-08-14 00:00:00+00:00,2024-08-15 00:00:00+00:00,2024-08-22 00:00:00+00:00,16,16,"PROM,GNO,DCR,1INCH,CVX,GLM,IMX,MANA,SNX,NEO,XEC,SFP,IOTA,AXS,TWT,SAND","ENS,PENDLE,APT,SEI,JTO,INJ,JASMY,OP,TIA,ZRO,CRV,RUNE,FET,BONK,FLOKI,WIF",0.01788140008271244,0.09375,12.344321625340386,43890.9213345436,44663.40813730009,772.486802756488
2024-08-21 00:00:00+00:00,2024-08-22 00:00:00+00:00,2024-08-29 00:00:00+00:00,16,16,"PROM,GNO,DCR,SFP,1INCH,MANA,CVX,IMX,SNX,XEC,GLM,TWT,NEO,AXS,CHZ,IOTA","JASMY,INJ,PENDLE,ETHFI,APT,JTO,SEI,OP,TIA,ZRO,CRV,RUNE,FET,BONK,FLOKI,WIF",-0.03533436624355048,0.0625,8.374389025743767,44663.40813730009,43076.88052746581,-1586.5276098342802
2024-08-28 00:00:00+00:00,2024-08-29 00:00:00+00:00,2024-09-05 00:00:00+00:00,16,16,"PROM,GNO,DCR,SFP,CVX,GLM,TWT,MANA,1INCH,XEC,XTZ,SNX,IMX,CHZ,IOTA,NEO","STX,PENDLE,INJ,AR,ETHFI,OP,ZRO,APT,TIA,SEI,BONK,CRV,FET,RUNE,FLOKI,WIF",0.026706264860879826,0.09375,12.115372648349759,43076.88052746581,44215.18773556444,1138.3072080986312
2024-09-04 00:00:00+00:00,2024-09-05 00:00:00+00:00,2024-09-12 00:00:00+00:00,16,16,"PROM,GNO,GLM,CVX,XTZ,DCR,TWT,XEC,MANA,SFP,1INCH,SNX,NEO,CHZ,RAY,IOTA","STRK,AR,JASMY,PENDLE,OP,TIA,INJ,ZRO,SEI,BONK,APT,CRV,FET,RUNE,FLOKI,WIF",-0.019822746890532452,0.09375,12.4355215506275,44215.18773556444,43326.285738814346,-888.9019967500935
2024-09-11 00:00:00+00:00,2024-09-12 00:00:00+00:00,2024-09-19 00:00:00+00:00,16,16,"PROM,GNO,GLM,CVX,XTZ,DCR,TWT,XEC,MANA,RAY,NEO,SNX,CHZ,AXS,IOTA,SFP","PENDLE,ETHFI,JASMY,TIA,INJ,OP,STRK,SEI,ZRO,APT,CRV,BONK,RUNE,FLOKI,FET,WIF",-0.027001764860041022,0.0625,8.12367857602769,43326.285738814346,42148.27588045991,-1178.0098583544386
2024-09-18 00:00:00+00:00,2024-09-19 00:00:00+00:00,2024-09-26 00:00:00+00:00,16,16,"PROM,GNO,DCR,GLM,CVX,XTZ,MANA,SFP,XEC,SNX,IOTA,RAY,NEO,AXS,CHZ,TWT","JASMY,PENDLE,AR,INJ,APT,STRK,TIA,OP,ZRO,BONK,CRV,SEI,RUNE,FLOKI,FET,WIF",-0.03266765574215766,0.03125,3.951400863793116,42148.27588045991,40767.439113007764,-1380.8367674521432
2024-09-25 00:00:00+00:00,2024-09-26 00:00:00+00:00,2024-10-03 00:00:00+00:00,16,16,"PROM,DCR,GNO,CVX,XTZ,GLM,SFP,MANA,XEC,IOTA,SNX,RAY,AXS,NEO,CHZ,EGLD","STX,STRK,APT,OP,BONK,TIA,AR,INJ,SEI,ZRO,CRV,PENDLE,FLOKI,RUNE,FET,WIF",-0.009531884072950882,0.0625,7.643894833688956,40767.439113007764,40371.2047145978,-396.23439840996434
2024-10-02 00:00:00+00:00,2024-10-03 00:00:00+00:00,2024-10-10 00:00:00+00:00,16,16,"PROM,DCR,GNO,XTZ,CVX,GLM,MANA,XEC,SFP,COMP,IOTA,RAY,SNX,1INCH,SAND,AXS","STX,OP,AR,STRK,CRV,PENDLE,APT,TIA,INJ,BONK,SEI,ZRO,FLOKI,RUNE,FET,WIF",0.01334361399596326,0.09375,11.354401325980632,40371.2047145978,40898.548085535425,527.3433709376259
2024-10-09 00:00:00+00:00,2024-10-10 00:00:00+00:00,2024-10-17 00:00:00+00:00,16,16,"PROM,DCR,GNO,XTZ,CVX,SFP,GLM,MANA,XEC,1INCH,COMP,RAY,SNX,IOTA,SAND,AXS","STRK,OP,ETHFI,INJ,CRV,STX,PENDLE,ZRO,TIA,FLOKI,APT,BONK,SEI,RUNE,FET,WIF",-0.022079918643765982,0.03125,3.834238883018946,40898.548085535425,39991.67723227563,-906.8708532597957
2024-10-16 00:00:00+00:00,2024-10-17 00:00:00+00:00,2024-10-24 00:00:00+00:00,16,16,"GNO,PROM,DCR,SFP,CVX,XTZ,GLM,XEC,MANA,SNX,1INCH,NEO,COMP,IOTA,RAY,AXS","OP,ZRO,INJ,STX,ETHFI,PENDLE,CRV,TIA,BONK,EIGEN,FLOKI,APT,RUNE,SEI,FET,WIF",0.01288445357968463,0.0625,7.498439481051681,39991.67723227563,40499.44970166756,507.7724693919299
2024-10-23 00:00:00+00:00,2024-10-24 00:00:00+00:00,2024-10-31 00:00:00+00:00,16,16,"GNO,DCR,CVX,PROM,SFP,GLM,XEC,XTZ,MANA,COMP,1INCH,NEO,EGLD,SNX,IMX,TWT","STX,OP,CHZ,PENDLE,CRV,ETHFI,TIA,INJ,RUNE,BONK,EIGEN,FET,SEI,FLOKI,APT,WIF",0.011088280117949465,0.125,15.187293638125334,40499.44970166756,40933.33165094433,433.8819492767725
2024-10-30 00:00:00+00:00,2024-10-31 00:00:00+00:00,2024-11-07 00:00:00+00:00,16,16,"DCR,CVX,GNO,SFP,GLM,PROM,XEC,XTZ,COMP,1INCH,NEO,TWT,MANA,IOTA,SNX,THETA","STX,APE,CRV,ETHFI,INJ,OP,PENDLE,EIGEN,TIA,BONK,RUNE,FET,FLOKI,SEI,APT,WIF",-0.00022079580043678562,0.09375,11.512499526828092,40933.33165094433,40912.78124369109,-20.550407253242156
2024-11-06 00:00:00+00:00,2024-11-07 00:00:00+00:00,2024-11-14 00:00:00+00:00,16,16,"DCR,CVX,SFP,XEC,GLM,GNO,XTZ,1INCH,PROM,MANA,IOTA,NEO,COMP,SNX,TWT,THETA","CRV,INJ,ETHFI,EIGEN,PENDLE,OP,RAY,BONK,FLOKI,APE,SEI,TIA,APT,RUNE,FET,WIF",-0.042454945950267275,0.03125,3.8355732415960397,40912.78124369109,39171.99575407348,-1740.7854896176068
2024-11-13 00:00:00+00:00,2024-11-14 00:00:00+00:00,2024-11-21 00:00:00+00:00,16,16,"DCR,CVX,GNO,SFP,XEC,GLM,XTZ,MANA,IOTA,1INCH,TWT,PROM,NEO,COMP,SNX,THETA","INJ,PYTH,EIGEN,ETHFI,PENDLE,OP,RAY,BONK,APE,SEI,FLOKI,APT,RUNE,TIA,FET,WIF",0.04971158880222244,0.03125,3.672374601944389,39171.99575407348,41115.625524960444,1943.6297708869606
2024-11-20 00:00:00+00:00,2024-11-21 00:00:00+00:00,2024-11-28 00:00:00+00:00,16,16,"DCR,GNO,SFP,CVX,GLM,PROM,COMP,XTZ,IOTA,1INCH,XEC,TWT,SNX,MANA,NEO,EGLD","STX,LDO,PENDLE,INJ,PYTH,APE,RAY,OP,TIA,SEI,APT,FET,BONK,RUNE,FLOKI,WIF",0.04116943974997181,0.09375,11.563769678895126,41115.625524960444,42796.769023113804,1681.1434981533603
2024-11-27 00:00:00+00:00,2024-11-28 00:00:00+00:00,2024-12-05 00:00:00+00:00,16,16,"DCR,GNO,SFP,PROM,GLM,CVX,COMP,1INCH,IOTA,TWT,SNX,KAIA,IMX,AXS,XTZ,XEC","STRK,STX,PENDLE,APE,INJ,TIA,RAY,OP,PYTH,SEI,FET,RUNE,FLOKI,APT,BONK,WIF",0.14021075216482465,0.125,16.048788383667677,42796.769023113804,48781.28740968519,5984.518386571384
2024-12-04 00:00:00+00:00,2024-12-05 00:00:00+00:00,2024-12-12 00:00:00+00:00,16,16,"DCR,GNO,PROM,SFP,CVX,GLM,COMP,TWT,1INCH,KAIA,SNX,IMX,CFX,IOTA,NEO,AXS","STRK,AR,APE,ENS,INJ,PYTH,STX,TIA,OP,SEI,RUNE,FET,FLOKI,BONK,WIF,APT",-0.010042685793594946,0.125,18.292982778631945,48781.28740968519,48273.099284844044,-508.1881248411446
2024-12-11 00:00:00+00:00,2024-12-12 00:00:00+00:00,2024-12-19 00:00:00+00:00,16,16,"PROM,GNO,DCR,SFP,CVX,XEC,COMP,TWT,GLM,SNX,1INCH,KAIA,NEO,CFX,AXS,EGLD","EIGEN,AR,ETHFI,STX,INJ,ENS,RUNE,TIA,OP,FET,APT,BONK,SAND,WIF,FLOKI,SEI",-0.0006464778315999065,0.15625,22.628015289770644,48273.099284844044,48219.263781004,-53.835503840040474
2024-12-18 00:00:00+00:00,2024-12-19 00:00:00+00:00,2024-12-26 00:00:00+00:00,16,16,"PROM,GNO,DCR,SFP,GLM,CVX,XEC,TWT,IMX,SNX,COMP,1INCH,MANA,CFX,NEO,AXS","EIGEN,LDO,STX,ENS,ETHFI,SEI,SAND,TIA,OP,RUNE,APT,FET,BONK,CRV,FLOKI,WIF",0.048578677789616824,0.125,18.0822239178765,48219.263781004,50543.609635556066,2324.3458545520625
2024-12-25 00:00:00+00:00,2024-12-26 00:00:00+00:00,2025-01-02 00:00:00+00:00,16,16,"GNO,DCR,PROM,SFP,GLM,XEC,CVX,TWT,IMX,COMP,SNX,NEO,CFX,1INCH,MANA,AXS","LDO,STX,EIGEN,ETHFI,ENS,SAND,TIA,SEI,OP,FET,RUNE,BONK,CRV,FLOKI,APT,WIF",-0.0033305672885467,0.0,0.0,50543.609635556066,50375.27074265881,-168.3388928972563
2025-01-01 00:00:00+00:00,2025-01-02 00:00:00+00:00,2025-01-09 00:00:00+00:00,16,16,"DCR,GNO,PROM,XEC,GLM,SFP,CVX,COMP,TWT,IMX,SNX,NEO,AXS,1INCH,CFX,CHZ","ZRO,EIGEN,INJ,ETHFI,ENS,TIA,SAND,OP,SEI,CRV,FET,BONK,RUNE,FLOKI,APT,WIF",0.00013216382309267152,0.09375,14.16804489637279,50375.27074265881,50367.76048613311,-7.5102565256966045
2025-01-08 00:00:00+00:00,2025-01-09 00:00:00+00:00,2025-01-16 00:00:00+00:00,16,16,"DCR,GNO,PROM,SFP,XEC,GLM,COMP,CVX,TWT,IMX,SNX,1INCH,NEO,CHZ,AXS,CFX","INJ,STRK,EIGEN,ENS,TIA,ETHFI,SEI,SAND,OP,CRV,RUNE,FET,BONK,APT,FLOKI,WIF",0.021171415832434773,0.03125,4.72197754557498,50367.76048613311,51429.39531038794,1061.6348242548265
2025-01-15 00:00:00+00:00,2025-01-16 00:00:00+00:00,2025-01-23 00:00:00+00:00,16,16,"DCR,GNO,SFP,PROM,XEC,CVX,COMP,GLM,TWT,JTO,SNX,IMX,1INCH,MANA,CFX,EGLD","ENS,INJ,STX,ETHFI,TIA,EIGEN,SEI,SAND,CRV,BONK,OP,RUNE,FLOKI,APT,FET,WIF",-0.003952719399216445,0.125,19.286023241395476,51429.39531038794,51206.8233186132,-222.57199177474104
2025-01-22 00:00:00+00:00,2025-01-23 00:00:00+00:00,2025-01-30 00:00:00+00:00,16,16,"DCR,GNO,SFP,CVX,GLM,XEC,COMP,SNX,TWT,IMX,JTO,1INCH,PROM,MANA,AR,AXS","JASMY,ETHFI,IOTA,EIGEN,INJ,TIA,SAND,OP,CRV,BONK,SEI,FLOKI,RUNE,APT,FET,WIF",0.03135731127500676,0.125,19.20255874447995,51206.8233186132,52793.32905807475,1586.5057394615505
2025-01-29 00:00:00+00:00,2025-01-30 00:00:00+00:00,2025-02-06 00:00:00+00:00,17,17,"DCR,GNO,SFP,GLM,CVX,XEC,PROM,IMX,COMP,SNX,1INCH,MANA,TWT,XTZ,AXS,PYTH,CHZ","EIGEN,ETHFI,LDO,INJ,TIA,SAND,S,RAY,OP,SEI,CRV,RUNE,FLOKI,BONK,FET,APT,WIF",0.025936391538899928,0.17647058823529407,27.949409501333683,52793.32905807475,54134.648101665625,1341.3190435908764
2025-02-05 00:00:00+00:00,2025-02-06 00:00:00+00:00,2025-02-13 00:00:00+00:00,17,17,"GNO,DCR,CVX,SFP,GLM,PROM,XEC,COMP,SNX,IMX,1INCH,TWT,MANA,PYTH,XTZ,AXS,EGLD","JASMY,SAND,EIGEN,INJ,TIA,S,SEI,RAY,CRV,OP,LDO,FLOKI,BONK,FET,RUNE,APT,WIF",0.026862121847112397,0.058823529411764705,9.553173194411581,54134.648101665625,55579.2664419287,1444.6183402630777
2025-02-12 00:00:00+00:00,2025-02-13 00:00:00+00:00,2025-02-20 00:00:00+00:00,17,17,"DCR,GNO,GLM,CVX,PROM,XEC,SFP,COMP,TWT,SNX,PYTH,1INCH,IMX,MANA,AXS,XTZ,EGLD","EIGEN,JASMY,TIA,INJ,RAY,SEI,ETHFI,S,CRV,BONK,OP,FLOKI,FET,LDO,RUNE,APT,WIF",0.006472009733446404,0.029411764705882353,4.904052921346651,55579.2664419287,55934.07194239733,354.8055004686248
2025-02-19 00:00:00+00:00,2025-02-20 00:00:00+00:00,2025-02-27 00:00:00+00:00,17,17,"DCR,GNO,GLM,CVX,SFP,PROM,COMP,XEC,TWT,MANA,IMX,PYTH,AXS,XTZ,THETA,EGLD,CHZ","EIGEN,RAY,TIA,PENDLE,BONK,SEI,INJ,OP,S,FET,ETHFI,CRV,FLOKI,LDO,RUNE,WIF,APT",0.0008453296323699361,0.08823529411764706,14.806077867105175,55934.07194239733,55966.54859300223,32.476650604905444
2025-02-26 00:00:00+00:00,2025-02-27 00:00:00+00:00,2025-03-06 00:00:00+00:00,17,17,"DCR,GNO,CVX,SFP,COMP,PROM,XEC,GLM,XTZ,MANA,TWT,IMX,EGLD,NEO,KAIA,THETA,AXS","PENDLE,BONK,RAY,TIA,INJ,ETHFI,OP,EIGEN,FET,CRV,LDO,FLOKI,SEI,S,RUNE,WIF,APT",0.03853892104573166,0.058823529411764705,9.876449751706277,55966.54859300223,58113.562540678344,2147.0139476761105
2025-03-05 00:00:00+00:00,2025-03-06 00:00:00+00:00,2025-03-13 00:00:00+00:00,17,17,"DCR,CVX,GNO,SFP,COMP,XEC,PROM,XTZ,TWT,SNX,1INCH,IMX,EGLD,MANA,KAIA,NEO,GLM","SAND,INJ,RAY,BONK,EIGEN,ETHFI,OP,CRV,FET,LDO,TIA,FLOKI,SEI,APT,WIF,RUNE,S",0.014587247256383499,0.08823529411764706,15.38300184900309,58113.562540678344,58945.89644455952,832.3339038811755
2025-03-12 00:00:00+00:00,2025-03-13 00:00:00+00:00,2025-03-20 00:00:00+00:00,17,17,"DCR,GNO,CVX,SFP,XEC,PROM,COMP,XTZ,TWT,IMX,GLM,1INCH,SNX,MANA,PYTH,KAIA,NEO","SAND,RAY,EIGEN,INJ,ETHFI,LDO,BONK,FET,CRV,FLOKI,OP,TIA,SEI,APT,RUNE,S,WIF",-0.009786036842267136,0.029411764705882353,5.201108509814076,58945.89644455952,58363.848621742785,-582.047822816734
2025-03-19 00:00:00+00:00,2025-03-20 00:00:00+00:00,2025-03-27 00:00:00+00:00,17,17,"DCR,GNO,SFP,XEC,CVX,PROM,XTZ,TWT,COMP,SNX,IMX,GLM,NEO,1INCH,KAIA,MANA,PYTH","EIGEN,PENDLE,CFX,INJ,ETHFI,BONK,LDO,TIA,FLOKI,CRV,OP,FET,APT,SEI,RUNE,WIF,S",-0.018360810521434442,0.058823529411764705,10.29950269795461,58363.848621742785,57281.94155319933,-1081.9070685434563
2025-03-26 00:00:00+00:00,2025-03-27 00:00:00+00:00,2025-04-03 00:00:00+00:00,17,17,"DCR,GNO,SFP,XEC,CVX,PROM,XTZ,SNX,COMP,TWT,IMX,KAIA,AXS,GLM,1INCH,EGLD,MANA","EIGEN,ZRO,PENDLE,INJ,LDO,ETHFI,BONK,OP,TIA,FET,CRV,FLOKI,SEI,RUNE,APT,WIF,S",0.02269934920940284,0.08823529411764706,15.162866881729236,57281.94155319933,58567.041481026274,1285.0999278269446
2025-04-02 00:00:00+00:00,2025-04-03 00:00:00+00:00,2025-04-10 00:00:00+00:00,17,17,"DCR,GNO,SFP,CVX,XEC,PROM,XTZ,COMP,TWT,1INCH,GLM,IMX,KAIA,SNX,AXS,MANA,EGLD","EIGEN,LDO,ETHFI,OP,ZRO,INJ,PENDLE,TIA,FET,BONK,FLOKI,CRV,SEI,APT,RUNE,WIF,S",-0.007964046492729825,0.0,0.0,58567.041481026274,58100.61083972974,-466.43064129653067
2025-04-09 00:00:00+00:00,2025-04-10 00:00:00+00:00,2025-04-17 00:00:00+00:00,17,17,"DCR,GNO,SFP,XEC,CVX,TWT,XTZ,1INCH,GLM,PROM,MANA,SNX,COMP,AXS,KAIA,IMX,EGLD","CFX,RAY,INJ,TIA,OP,ZRO,FLOKI,BONK,PENDLE,FET,NEO,SEI,CRV,RUNE,APT,WIF,S",-0.014801995633227745,0.08823529411764706,15.379573457575523,58100.61083972974,57225.22627833462,-875.3845613951198
2025-04-16 00:00:00+00:00,2025-04-17 00:00:00+00:00,2025-04-24 00:00:00+00:00,17,17,"GNO,DCR,SFP,XEC,CVX,TWT,1INCH,PROM,SNX,GLM,XTZ,EGLD,PYTH,MANA,IMX,COMP,KAIA","RAY,CFX,INJ,FLOKI,BONK,ZRO,TIA,FET,OP,RUNE,NEO,SEI,PENDLE,WIF,APT,CRV,S",-0.017373542053908234,0.029411764705882353,5.049284671617761,57225.22627833462,56225.972118371945,-999.2541599626784
2025-04-23 00:00:00+00:00,2025-04-24 00:00:00+00:00,2025-05-01 00:00:00+00:00,17,17,"DCR,GNO,SFP,XEC,PROM,TWT,CVX,1INCH,SNX,EGLD,PYTH,COMP,GLM,IMX,ETHFI,APE,VIRTUAL","RAY,INJ,ZRO,NEO,OP,FLOKI,LDO,TIA,RUNE,BONK,FET,SEI,PENDLE,WIF,APT,S,CRV",-0.003661258317441749,0.11764705882352942,19.84446074766069,56225.972118371945,56000.269849549644,-225.70226882230054
2025-04-30 00:00:00+00:00,2025-05-01 00:00:00+00:00,2025-05-08 00:00:00+00:00,17,17,"DCR,SFP,GNO,XEC,TWT,PROM,CVX,GLM,SNX,EGLD,1INCH,COMP,PYTH,APE,AR,AXS,STRK","OP,CFX,INJ,ZRO,TIA,RUNE,FLOKI,LDO,RAY,PENDLE,FET,SEI,APT,BONK,WIF,S,CRV",0.01988841220034193,0.11764705882352942,19.764801123370464,56000.269849549644,57094.2614985245,1093.9916489748575
2025-05-07 00:00:00+00:00,2025-05-08 00:00:00+00:00,2025-05-15 00:00:00+00:00,17,17,"DCR,SFP,GNO,XEC,TWT,CVX,SNX,GLM,EGLD,PYTH,PROM,APE,AXS,KAIA,COMP,MANA,1INCH","INJ,OP,PENDLE,LDO,RUNE,FLOKI,RAY,TIA,ENS,VIRTUAL,SEI,APT,FET,WIF,BONK,CRV,S",-0.06770897493844463,0.11764705882352942,20.15091582300865,57094.2614985245,53208.31666176889,-3885.9448367556106
2025-05-14 00:00:00+00:00,2025-05-15 00:00:00+00:00,2025-05-22 00:00:00+00:00,17,17,"DCR,GNO,SFP,GLM,XEC,CVX,TWT,SNX,EGLD,XTZ,1INCH,PYTH,COMP,KAIA,MANA,AXS,APE","LDO,INJ,RAY,PENDLE,ENS,OP,RUNE,FLOKI,TIA,SEI,FET,APT,CRV,WIF,S,BONK,VIRTUAL",-0.0025856109198518743,0.029411764705882353,4.694851470156078,53208.31666176889,53066.045805711125,-142.27085605776665
2025-05-21 00:00:00+00:00,2025-05-22 00:00:00+00:00,2025-05-29 00:00:00+00:00,18,18,"DCR,GNO,SFP,XEC,CVX,GLM,TWT,XTZ,SNX,1INCH,EGLD,CHZ,MANA,COMP,JTO,KAIA,KMNO,APE","INJ,ENS,RAY,ETHFI,SYRUP,RUNE,PENDLE,FET,TIA,OP,FLOKI,SEI,CRV,APT,BONK,S,VIRTUAL,WIF",-0.029637696852493508,0.13888888888888887,22.1108524190463,53066.045805711125,51471.17957454187,-1594.8662311692533
2025-05-28 00:00:00+00:00,2025-05-29 00:00:00+00:00,2025-06-05 00:00:00+00:00,18,18,"DCR,GNO,SFP,CVX,XEC,GLM,TWT,XTZ,SNX,KMNO,PROM,1INCH,MANA,KAIA,CHZ,APE,LUNC,EGLD","INJ,EIGEN,RAY,PENDLE,SYRUP,RUNE,SEI,TIA,FLOKI,FET,OP,BONK,CRV,S,APT,VIRTUAL,ETHFI,WIF",0.03758497101612974,0.08333333333333334,12.86779489363547,51471.17957454187,53392.854572123404,1921.6749975815328
2025-06-04 00:00:00+00:00,2025-06-05 00:00:00+00:00,2025-06-12 00:00:00+00:00,18,18,"DCR,GNO,SFP,GLM,CVX,TWT,XEC,KMNO,PROM,SNX,XTZ,MANA,1INCH,EGLD,IMX,JTO,APE,LUNC","PENDLE,EIGEN,SYRUP,INJ,LDO,RUNE,FLOKI,SEI,BONK,TIA,OP,FET,S,CRV,APT,ETHFI,VIRTUAL,WIF",-0.015609267079139587,0.08333333333333334,13.348213643030853,53392.854572123404,52546.08303134644,-846.7715407769647
2025-06-11 00:00:00+00:00,2025-06-12 00:00:00+00:00,2025-06-19 00:00:00+00:00,18,18,"DCR,GNO,SFP,GLM,CVX,XEC,TWT,1INCH,KMNO,XTZ,SNX,MANA,EGLD,JTO,IOTA,AXS,IMX,PROM","COMP,LDO,INJ,PENDLE,EIGEN,FLOKI,SEI,TIA,BONK,OP,RUNE,CRV,FET,APT,S,ETHFI,VIRTUAL,WIF",0.03392005165625131,0.08333333333333334,13.13652075783661,52546.08303134644,54315.31236134554,1769.2293299990997
2025-06-18 00:00:00+00:00,2025-06-19 00:00:00+00:00,2025-06-26 00:00:00+00:00,18,18,"GNO,DCR,SFP,GLM,CVX,XEC,TWT,SNX,1INCH,KMNO,XTZ,EGLD,MANA,PYTH,IOTA,CHZ,JASMY,AXS","SYRUP,LDO,INJ,EIGEN,FLOKI,SEI,TIA,PENDLE,BONK,RUNE,CRV,APT,OP,S,FET,ETHFI,VIRTUAL,WIF",-0.01117820857158811,0.11111111111111113,18.105104120448516,54315.31236134554,53690.059367019014,-625.2529943265254
2025-06-25 00:00:00+00:00,2025-06-26 00:00:00+00:00,2025-07-03 00:00:00+00:00,18,18,"GNO,DCR,GLM,SFP,XEC,TWT,CVX,SNX,KMNO,EGLD,1INCH,CHZ,XTZ,MANA,JASMY,CFX,PROM,PYTH","INJ,TIA,FLOKI,LDO,PENDLE,KAIA,RUNE,BONK,SYRUP,S,SEI,ETHFI,APT,FET,OP,CRV,VIRTUAL,WIF",0.011771835529526178,0.08333333333333334,13.422514841754756,53690.059367019014,54308.66740061631,618.6080335972947
2025-07-02 00:00:00+00:00,2025-07-03 00:00:00+00:00,2025-07-10 00:00:00+00:00,18,18,"GLM,GNO,DCR,XEC,SFP,CVX,TWT,SNX,1INCH,KMNO,EGLD,PROM,CHZ,XTZ,THETA,MANA,AXS,IOTA","PENDLE,INJ,COMP,TIA,FLOKI,KAIA,BONK,RUNE,ETHFI,OP,S,SYRUP,FET,VIRTUAL,CRV,APT,WIF,SEI",0.0012408821849972849,0.11111111111111113,18.102889133538774,54308.66740061631,54357.95516935113,49.28776873482275
2025-07-09 00:00:00+00:00,2025-07-10 00:00:00+00:00,2025-07-17 00:00:00+00:00,18,18,"SFP,GNO,GLM,CVX,XEC,DCR,TWT,SNX,KMNO,EGLD,1INCH,PROM,XTZ,CHZ,THETA,MANA,IOTA,IMX","PENDLE,LDO,INJ,TIA,FLOKI,RUNE,COMP,ETHFI,OP,BONK,S,CRV,SYRUP,FET,VIRTUAL,WIF,APT,SEI",-0.012798951861056755,0.05555555555555555,9.059659194891855,54357.95516935113,53653.17065867823,-704.7845106729001
2025-07-16 00:00:00+00:00,2025-07-17 00:00:00+00:00,2025-07-24 00:00:00+00:00,18,18,"GNO,SFP,CVX,DCR,XEC,TWT,KMNO,SNX,GLM,PROM,EGLD,XTZ,CHZ,IMX,THETA,1INCH,APE,PYTH","PENDLE,LDO,RUNE,TIA,INJ,COMP,S,ETHFI,FLOKI,CRV,OP,SYRUP,FET,VIRTUAL,BONK,APT,SEI,WIF",0.020725072644796914,0.05555555555555555,8.942195109779705,53653.17065867823,54756.194323093245,1103.0236644150136
2025-07-23 00:00:00+00:00,2025-07-24 00:00:00+00:00,2025-07-31 00:00:00+00:00,18,18,"GNO,DCR,SFP,PROM,KMNO,CVX,XEC,GLM,SNX,TWT,EGLD,CHZ,XTZ,IMX,PYTH,APE,AXS,STRK","PENDLE,LDO,SYRUP,RUNE,INJ,COMP,TIA,CRV,S,ETHFI,FET,OP,FLOKI,VIRTUAL,WIF,APT,SEI,BONK",0.008530264846306215,0.05555555555555555,9.126032387182207,54756.194323093245,55214.15313025785,457.9588071646067
2025-07-30 00:00:00+00:00,2025-07-31 00:00:00+00:00,2025-08-07 00:00:00+00:00,18,18,"DCR,GNO,SFP,XEC,PROM,TWT,GLM,SNX,KMNO,EGLD,1INCH,CHZ,AXS,PYTH,IMX,STX,MANA,CVX","TIA,PENDLE,SYRUP,CFX,LDO,RUNE,ETHFI,VIRTUAL,ENS,S,FET,OP,FLOKI,WIF,CRV,APT,SEI,BONK",0.008904654738660558,0.13888888888888892,23.005897137607445,55214.15313025785,55682.81020343273,468.65707317487977
2025-08-06 00:00:00+00:00,2025-08-07 00:00:00+00:00,2025-08-14 00:00:00+00:00,18,18,"DCR,GNO,SFP,XEC,TWT,GLM,KMNO,SNX,PROM,EGLD,1INCH,MANA,PYTH,CHZ,IMX,AXS,STX,LUNC","LDO,RUNE,ETHFI,PENDLE,TIA,ENS,VIRTUAL,SYRUP,FET,S,OP,FLOKI,SEI,WIF,APT,CFX,CRV,BONK",-0.02678345790995514,0.027777777777777776,4.640234183619394,55682.81020343273,54186.791765857444,-1496.018437575287
2025-08-13 00:00:00+00:00,2025-08-14 00:00:00+00:00,2025-08-21 00:00:00+00:00,18,18,"DCR,SFP,GNO,XEC,GLM,TWT,SNX,KMNO,EGLD,PROM,1INCH,MANA,CHZ,AXS,PYTH,IMX,STX,JTO","ENS,LDO,INJ,PENDLE,ETHFI,TIA,VIRTUAL,FET,OP,SYRUP,S,FLOKI,WIF,SEI,CFX,APT,CRV,BONK",0.01571030142194291,0.05555555555555555,9.031131960976241,54186.791765857444,55029.05146562614,842.2596997686924
2025-08-20 00:00:00+00:00,2025-08-21 00:00:00+00:00,2025-08-28 00:00:00+00:00,18,18,"DCR,SFP,GNO,XEC,SNX,TWT,GLM,EGLD,KMNO,PROM,AXS,IMX,1INCH,CHZ,MANA,PYTH,CVX,JTO","INJ,ENS,SYRUP,TIA,VIRTUAL,ETHFI,PENDLE,OP,S,FLOKI,FET,LDO,CFX,WIF,APT,SEI,CRV,BONK",0.018941558332230275,0.027777777777777776,4.585754288802177,55029.05146562614,56066.8016996408,1037.7502340146602
2025-08-27 00:00:00+00:00,2025-08-28 00:00:00+00:00,2025-09-04 00:00:00+00:00,18,18,"SFP,DCR,GNO,XEC,SNX,GLM,TWT,KMNO,IMX,EGLD,1INCH,CVX,AXS,PROM,MANA,CHZ,PYTH,IOTA","INJ,RUNE,RAY,VIRTUAL,TIA,ETHFI,FET,CFX,FLOKI,OP,PENDLE,S,CRV,APT,BONK,WIF,LDO,SEI",0.01462971483569236,0.08333333333333334,14.0167004249102,56066.8016996408,56873.02631983095,806.2246201901507
2025-09-03 00:00:00+00:00,2025-09-04 00:00:00+00:00,2025-09-11 00:00:00+00:00,18,18,"SFP,DCR,GNO,XEC,GLM,SNX,IMX,KMNO,1INCH,TWT,CVX,EGLD,CHZ,PROM,MANA,AXS,IOTA,APE","NEO,INJ,FET,SYRUP,TIA,RAY,CFX,FLOKI,ETHFI,PENDLE,OP,S,CRV,WIF,APT,LDO,SEI,BONK",-0.005042107825366087,0.08333333333333334,14.218256579957739,56873.02631983095,56572.04813219152,-300.9781876394263
2025-09-10 00:00:00+00:00,2025-09-11 00:00:00+00:00,2025-09-18 00:00:00+00:00,18,18,"DCR,SFP,GNO,XEC,GLM,KMNO,SNX,CVX,TWT,IMX,1INCH,CHZ,PROM,APE,EGLD,IOTA,JASMY,AXS","INJ,FET,TIA,FLOKI,PENDLE,RAY,SYRUP,CFX,OP,ETHFI,PYTH,S,LDO,CRV,WIF,APT,SEI,BONK",0.015527235560328343,0.05555555555555555,9.428674688698587,56572.04813219152,57441.02697498159,868.9788427900712
2025-09-17 00:00:00+00:00,2025-09-18 00:00:00+00:00,2025-09-25 00:00:00+00:00,18,18,"SFP,GNO,DCR,GLM,XEC,SNX,CVX,KMNO,1INCH,TWT,PROM,CHZ,IMX,XTZ,AXS,JASMY,THETA,IOTA","SYRUP,EIGEN,FLOKI,RAY,PENDLE,TIA,FET,LDO,OP,CFX,PYTH,ETHFI,CRV,WIF,S,BONK,APT,SEI",0.04523847408404437,0.08333333333333334,14.3602567437454,57441.02697498159,60025.211128406445,2584.1841534248524
2025-09-24 00:00:00+00:00,2025-09-25 00:00:00+00:00,2025-10-02 00:00:00+00:00,18,18,"GNO,SFP,GLM,DCR,XEC,SNX,CVX,1INCH,PROM,XTZ,CHZ,AXS,THETA,EGLD,STX,JASMY,IOTA,COMP","SYRUP,INJ,CFX,PYTH,TIA,FLOKI,PENDLE,CRV,LDO,OP,FET,EIGEN,S,ETHFI,WIF,BONK,APT,SEI",0.020419900123343018,0.11111111111111113,20.00840370946882,60025.211128406445,61230.91154082161,1205.7004124151645
2025-10-01 00:00:00+00:00,2025-10-02 00:00:00+00:00,2025-10-09 00:00:00+00:00,18,18,"DCR,GNO,GLM,XEC,CVX,1INCH,SFP,EGLD,XTZ,SNX,THETA,KMNO,IOTA,CHZ,AXS,PROM,JASMY,STX","VIRTUAL,CFX,INJ,TWT,PENDLE,TIA,FLOKI,FET,CRV,LDO,EIGEN,S,OP,ETHFI,WIF,BONK,SEI,APT",-0.019234814057871797,0.08333333333333334,15.307727885205406,61230.91154082161,60037.83861485471,-1193.0729259669024
2025-10-08 00:00:00+00:00,2025-10-09 00:00:00+00:00,2025-10-16 00:00:00+00:00,18,18,"DCR,GNO,GLM,XEC,CVX,1INCH,EGLD,AXS,XTZ,KMNO,SFP,THETA,IOTA,JASMY,LUNC,COMP,JTO,MANA","PYTH,PENDLE,ZRO,INJ,TWT,TIA,LDO,FET,FLOKI,OP,EIGEN,CRV,S,WIF,ETHFI,SEI,BONK,APT",0.04028949269367421,0.1666666666666667,30.018919307427364,60037.83861485471,62426.71375576447,2388.8751409097604
2025-10-15 00:00:00+00:00,2025-10-16 00:00:00+00:00,2025-10-23 00:00:00+00:00,18,18,"GNO,DCR,GLM,XEC,SFP,CVX,1INCH,AXS,EGLD,XTZ,KMNO,LUNC,COMP,THETA,JASMY,IOTA,STX,JTO","RUNE,STRK,PENDLE,INJ,TIA,TWT,LDO,FLOKI,EIGEN,OP,S,CRV,FET,WIF,ETHFI,SEI,BONK,APT",0.020113574994668655,0.08333333333333334,15.60667843894112,62426.71375576447,63666.73146612281,1240.017710358341
2025-10-22 00:00:00+00:00,2025-10-23 00:00:00+00:00,2025-10-30 00:00:00+00:00,18,18,"GNO,DCR,XEC,GLM,SFP,CVX,1INCH,EGLD,XTZ,COMP,KMNO,AXS,IOTA,JASMY,CHZ,PROM,GRT,LUNC","SNX,INJ,RUNE,TWT,S,TIA,EIGEN,PENDLE,FLOKI,OP,ETHFI,CRV,LDO,FET,BONK,SEI,WIF,APT",-0.003480719751352222,0.11111111111111113,21.22224382204094,63666.73146612281,63423.90317258259,-242.8282935402167
2025-10-29 00:00:00+00:00,2025-10-30 00:00:00+00:00,2025-11-06 00:00:00+00:00,18,18,"GNO,GLM,DCR,XEC,SFP,1INCH,CVX,EGLD,XTZ,COMP,IOTA,AXS,GRT,MANA,KMNO,CHZ,STX,RAY","VIRTUAL,RUNE,PENDLE,S,SNX,OP,TWT,TIA,EIGEN,FLOKI,LDO,FET,SEI,CRV,ETHFI,WIF,BONK,APT",0.08262707428450934,0.11111111111111113,21.141301057527535,63423.90317258259,68643.29343037958,5219.390257796986
2025-11-05 00:00:00+00:00,2025-11-06 00:00:00+00:00,2025-11-13 00:00:00+00:00,18,18,"GNO,GLM,DCR,SFP,XEC,1INCH,CVX,EGLD,XTZ,JTO,AXS,LUNC,CHZ,MANA,KMNO,IMX,IOTA,STX","INJ,SNX,RUNE,TIA,S,TWT,LDO,OP,EIGEN,FLOKI,FET,VIRTUAL,WIF,SEI,ETHFI,APT,CRV,BONK",-0.006201514816641031,0.11111111111111113,22.88109781012653,68643.29343037958,68194.71993129792,-448.57349908165634
2025-11-12 00:00:00+00:00,2025-11-13 00:00:00+00:00,2025-11-20 00:00:00+00:00,18,18,"GNO,SFP,GLM,XEC,DCR,CVX,1INCH,JTO,EGLD,PROM,CHZ,THETA,LUNC,COMP,XTZ,AXS,APE,MANA","TWT,STRK,SYRUP,INJ,LDO,TIA,FLOKI,EIGEN,S,OP,ETHFI,WIF,BONK,APT,FET,CRV,SEI,VIRTUAL",-0.0202043340016467,0.1666666666666667,34.09735996564897,68194.71993129792,66782.79367269158,-1411.9262586063414
2025-11-19 00:00:00+00:00,2025-11-20 00:00:00+00:00,2025-11-27 00:00:00+00:00,18,18,"GNO,SFP,XEC,CVX,GLM,EGLD,PROM,JTO,DCR,XTZ,AXS,THETA,COMP,IOTA,SAND,CHZ,MANA,1INCH","INJ,EIGEN,LDO,FLOKI,ETHFI,AR,S,SYRUP,TIA,OP,WIF,CRV,BONK,STRK,FET,APT,SEI,VIRTUAL",0.03563575579694861,0.08333333333333334,16.695698418172896,66782.79367269158,69145.95330103145,2363.1596283398685
2025-11-26 00:00:00+00:00,2025-11-27 00:00:00+00:00,2025-12-04 00:00:00+00:00,18,18,"SFP,GNO,CVX,GLM,XEC,EGLD,DCR,XTZ,JTO,COMP,AXS,SNX,IMX,CHZ,MANA,KAIA,THETA,PYTH","INJ,ETHFI,EIGEN,LDO,SYRUP,S,FLOKI,TIA,AR,OP,CRV,BONK,WIF,VIRTUAL,FET,SEI,APT,STRK",0.0011690355823554544,0.11111111111111113,23.04865110034382,69145.95330103145,69203.7387297159,57.7854286844522
2025-12-03 00:00:00+00:00,2025-12-04 00:00:00+00:00,2025-12-11 00:00:00+00:00,18,18,"GNO,SFP,CVX,XEC,DCR,EGLD,GLM,JTO,AXS,1INCH,IMX,KAIA,XTZ,STX,JASMY,MANA,THETA,SAND","PENDLE,INJ,S,EIGEN,ETHFI,LDO,FLOKI,OP,TIA,AR,CRV,BONK,VIRTUAL,WIF,SEI,STRK,APT,FET",0.01341744041406527,0.13888888888888892,28.834891137381636,69203.7387297159,70103.44087941502,899.702149699122
2025-12-10 00:00:00+00:00,2025-12-11 00:00:00+00:00,2025-12-18 00:00:00+00:00,18,18,"SFP,GNO,XEC,CVX,EGLD,DCR,AXS,IMX,GLM,THETA,JTO,STX,SAND,1INCH,XTZ,MANA,PYTH,SNX","EIGEN,INJ,PENDLE,LDO,KMNO,OP,FLOKI,ETHFI,AR,TIA,CRV,BONK,STRK,VIRTUAL,SEI,APT,WIF,FET",0.00711638228449998,0.08333333333333334,17.525860219853758,70103.44087941502,70584.79790395193,481.35702453690465
2025-12-17 00:00:00+00:00,2025-12-18 00:00:00+00:00,2025-12-25 00:00:00+00:00,18,18,"GNO,SFP,XEC,CVX,DCR,EGLD,GLM,IMX,AXS,JTO,THETA,XTZ,STX,PYTH,SAND,1INCH,GRT,SNX","AR,ZRO,EIGEN,FLOKI,INJ,OP,TIA,KMNO,ETHFI,LUNC,CRV,VIRTUAL,APT,STRK,BONK,SEI,FET,WIF",0.010100342781362265,0.08333333333333334,17.646199475987984,70584.79790395193,71280.08235845903,695.2844545070984
2025-12-24 00:00:00+00:00,2025-12-25 00:00:00+00:00,2026-01-01 00:00:00+00:00,18,18,"GNO,SFP,XEC,DCR,CVX,EGLD,GLM,1INCH,XTZ,JTO,PYTH,SAND,STX,IMX,GRT,AXS,KAIA,THETA","AR,SYRUP,INJ,LDO,ETHFI,TIA,FLOKI,EIGEN,VIRTUAL,CRV,OP,STRK,FET,APT,BONK,LUNC,WIF,SEI",0.005583913211964482,0.08333333333333334,17.82002058961476,71280.08235845903,71660.28413150072,380.2017730416992
2025-12-31 00:00:00+00:00,2026-01-01 00:00:00+00:00,2026-01-08 00:00:00+00:00,18,18,"SFP,GNO,XEC,GLM,DCR,CVX,1INCH,EGLD,KAIA,STX,IOTA,GRT,XTZ,JTO,SAND,AXS,PROM,SNX","TWT,CHZ,PENDLE,ETHFI,LDO,TIA,FLOKI,EIGEN,STRK,OP,LUNC,CRV,VIRTUAL,BONK,FET,SEI,WIF,APT",-0.03219414692828565,0.1666666666666667,35.83014206575037,71660.28413150072,69317.41227318275,-2342.8718583179725
2026-01-07 00:00:00+00:00,2026-01-08 00:00:00+00:00,2026-01-15 00:00:00+00:00,18,18,"GNO,SFP,GLM,XEC,KAIA,1INCH,DCR,CVX,IOTA,EGLD,PROM,JASMY,STX,AXS,GRT,XTZ,JTO,PYTH","AR,ETHFI,TIA,EIGEN,PENDLE,CRV,OP,LDO,FLOKI,VIRTUAL,LUNC,CHZ,STRK,BONK,SEI,FET,WIF,APT",0.01244972659917296,0.08333333333333334,17.32935306829569,69317.41227318275,70163.06575147774,845.6534782949893
2026-01-14 00:00:00+00:00,2026-01-15 00:00:00+00:00,2026-01-22 00:00:00+00:00,18,18,"GNO,SFP,DCR,1INCH,XEC,PROM,KAIA,EGLD,IOTA,THETA,XTZ,GLM,CVX,JTO,PYTH,AXS,APE,MANA","AR,INJ,LUNC,LDO,EIGEN,SYRUP,CRV,TIA,STRK,OP,FLOKI,CHZ,VIRTUAL,SEI,FET,BONK,WIF,APT",0.042482369622204336,0.13888888888888892,29.234610729782403,70163.06575147774,73114.52443382927,2951.4586823515274
2026-01-21 00:00:00+00:00,2026-01-22 00:00:00+00:00,2026-01-29 00:00:00+00:00,18,18,"GNO,SFP,XEC,1INCH,DCR,EGLD,PROM,JTO,GLM,KAIA,PYTH,THETA,SNX,KMNO,IOTA,CVX,COMP,XTZ","AR,ZRO,ETHFI,LDO,EIGEN,TIA,INJ,FLOKI,STRK,CRV,OP,SEI,CHZ,WIF,APT,FET,VIRTUAL,BONK",0.002196896285880168,0.13888888888888892,30.464385180762203,73114.52443382927,73244.6850758211,130.16064199182438
2026-01-28 00:00:00+00:00,2026-01-29 00:00:00+00:00,2026-02-05 00:00:00+00:00,18,18,"GNO,SFP,XEC,GLM,1INCH,KMNO,EGLD,SNX,DCR,PYTH,STX,JTO,THETA,RAY,KAIA,IOTA,PROM,COMP","TIA,PENDLE,ETHFI,LDO,EIGEN,AR,STRK,ZRO,AXS,CRV,OP,BONK,VIRTUAL,CHZ,FET,SEI,WIF,APT",0.027931114655792053,0.11111111111111113,24.414895025273704,73244.6850758211,75266.07587757596,2021.3908017548674
2026-02-04 00:00:00+00:00,2026-02-05 00:00:00+00:00,2026-02-12 00:00:00+00:00,18,18,"GNO,SFP,XEC,KMNO,GLM,EGLD,DCR,CVX,1INCH,PROM,SNX,THETA,STX,PYTH,TWT,MANA,RAY,JASMY","ETHFI,LDO,INJ,PENDLE,FLOKI,STRK,EIGEN,OP,CHZ,CRV,FET,SEI,ZRO,VIRTUAL,BONK,AXS,APT,WIF",0.02804520544021396,0.1666666666666667,37.63303793878799,75266.07587757596,77339.29540030252,2073.219522726562
2026-02-11 00:00:00+00:00,2026-02-12 00:00:00+00:00,2026-02-19 00:00:00+00:00,18,18,"GNO,SFP,KMNO,XEC,GLM,EGLD,PROM,CVX,MANA,COMP,THETA,IMX,JASMY,PYTH,NEO,XTZ,DCR,JTO","EIGEN,LDO,PENDLE,ETHFI,INJ,FLOKI,STRK,OP,AXS,CHZ,APT,CRV,FET,SEI,ZRO,VIRTUAL,BONK,WIF",0.019374404015769182,0.13888888888888892,32.22470641679273,77339.29540030252,78805.47344926612,1466.1780489636003
2026-02-18 00:00:00+00:00,2026-02-19 00:00:00+00:00,2026-02-26 00:00:00+00:00,18,18,"GNO,SFP,KMNO,GLM,XEC,PROM,CVX,EGLD,MANA,NEO,IMX,GRT,THETA,JTO,1INCH,COMP,DCR,XTZ","ETHFI,EIGEN,AR,PENDLE,CHZ,INJ,FLOKI,STRK,AXS,OP,CRV,FET,SEI,APT,VIRTUAL,WIF,BONK,ZRO",0.0014876941712775387,0.08333333333333334,19.701368362316533,78805.47344926612,78903.01052441905,97.53707515292626
2026-02-25 00:00:00+00:00,2026-02-26 00:00:00+00:00,2026-03-05 00:00:00+00:00,18,18,"GNO,SFP,KMNO,XEC,GLM,EGLD,CVX,MANA,DCR,IMX,PROM,NEO,GRT,THETA,XTZ,1INCH,RAY,IOTA","STRK,INJ,ETHFI,FLOKI,AXS,RUNE,CHZ,AR,CRV,OP,PENDLE,BONK,WIF,FET,SEI,VIRTUAL,ZRO,APT",-0.016595101077002135,0.08333333333333334,19.725752631104765,78903.01052441905,77573.88133685545,-1329.1291875635943
2026-03-04 00:00:00+00:00,2026-03-05 00:00:00+00:00,2026-03-12 00:00:00+00:00,18,18,"GNO,SFP,KMNO,XEC,EGLD,CVX,MANA,GLM,1INCH,THETA,DCR,IMX,PROM,NEO,GRT,RAY,COMP,XTZ","TIA,AXS,RUNE,INJ,CHZ,ETHFI,CRV,FLOKI,PENDLE,AR,BONK,FET,WIF,VIRTUAL,SEI,APT,OP,ZRO",-0.002311885836345106,0.05555555555555555,12.928980222809242,77573.88133685545,77381.61039909965,-192.2709377558058
2026-03-11 00:00:00+00:00,2026-03-12 00:00:00+00:00,2026-03-19 00:00:00+00:00,18,18,"GNO,SFP,XEC,KMNO,1INCH,GLM,EGLD,MANA,COMP,CVX,THETA,PROM,JTO,NEO,IMX,PYTH,RAY,ENS","EIGEN,CHZ,ETHFI,INJ,AXS,TIA,STRK,AR,FLOKI,CRV,BONK,FET,OP,WIF,VIRTUAL,SEI,APT,ZRO",-0.00788326968821369,0.13888888888888892,32.24233766629153,77381.61039909965,76739.34795774896,-642.2624413506855
2026-03-18 00:00:00+00:00,2026-03-19 00:00:00+00:00,2026-03-26 00:00:00+00:00,18,18,"GNO,SFP,KMNO,GLM,PROM,XEC,1INCH,JTO,MANA,DCR,NEO,IMX,COMP,THETA,CVX,PYTH,SNX,ENS","PENDLE,STRK,ETHFI,AR,TIA,EIGEN,CHZ,FLOKI,AXS,OP,CRV,BONK,SEI,ZRO,FET,WIF,VIRTUAL,APT",-0.017532922042230933,0.08333333333333334,19.184836989437244,76739.34795774896,75374.69811544468,-1364.6498423042794
2026-03-25 00:00:00+00:00,2026-03-26 00:00:00+00:00,2026-04-02 00:00:00+00:00,18,18,"GNO,XEC,SFP,KMNO,PROM,GLM,DCR,1INCH,CVX,EGLD,COMP,IMX,JTO,MANA,SNX,XTZ,NEO,THETA","INJ,TIA,S,AR,AXS,CHZ,OP,FLOKI,ETHFI,EIGEN,CRV,ZRO,SEI,BONK,WIF,VIRTUAL,APT,FET",-0.0023250187223000265,0.11111111111111113,25.1248993718149,75374.69811544468,75174.32563176674,-200.37248367794382
2026-04-01 00:00:00+00:00,2026-04-02 00:00:00+00:00,2026-04-09 00:00:00+00:00,18,18,"GNO,XEC,SFP,KMNO,PROM,GLM,1INCH,DCR,EGLD,MANA,COMP,CVX,SNX,XTZ,TWT,IMX,STX,JTO","AR,CFX,EIGEN,TIA,AXS,OP,FLOKI,INJ,ETHFI,CRV,SEI,CHZ,WIF,ZRO,BONK,APT,VIRTUAL,FET",0.01573588852543213,0.08333333333333334,18.793581407941687,75174.32563176674,76338.46685847481,1164.141226708074
2026-04-08 00:00:00+00:00,2026-04-09 00:00:00+00:00,2026-04-16 00:00:00+00:00,18,18,"GNO,SFP,PROM,XEC,GLM,KMNO,MANA,1INCH,DCR,EGLD,COMP,CVX,XTZ,JTO,SNX,NEO,KAIA,TWT","PENDLE,LDO,FLOKI,LUNC,ETHFI,INJ,TIA,ZRO,OP,AXS,CRV,WIF,CHZ,SEI,BONK,APT,VIRTUAL,FET",-0.0016771202874658452,0.13888888888888892,31.807694524364514,76338.46685847481,76178.63037246806,-159.83648600675224
2026-04-15 00:00:00+00:00,2026-04-16 00:00:00+00:00,2026-04-23 00:00:00+00:00,18,18,"GLM,GNO,SFP,XEC,PROM,KMNO,CVX,MANA,DCR,1INCH,EGLD,IMX,APE,XTZ,JTO,NEO,JASMY,ENS","EIGEN,AR,INJ,TIA,LDO,LUNC,AXS,CHZ,ETHFI,OP,ZRO,SEI,WIF,CRV,BONK,VIRTUAL,APT,FET",0.02390538356910893,0.1666666666666667,38.089315186234046,76178.63037246806,77961.62043610505,1782.9900636369857
2026-04-22 00:00:00+00:00,2026-04-23 00:00:00+00:00,2026-04-30 00:00:00+00:00,18,18,"GLM,GNO,SFP,XEC,KMNO,CVX,DCR,EGLD,IMX,MANA,1INCH,PROM,XTZ,SNX,JTO,APE,NEO,TWT","TIA,LDO,COMP,AXS,INJ,AR,FLOKI,OP,ETHFI,CHZ,SEI,ZRO,WIF,CRV,VIRTUAL,BONK,APT,FET",0.012670851114048032,0.11111111111111113,25.98720681203502,77961.62043610505,78923.47331444883,961.8528783437796
2026-04-29 00:00:00+00:00,2026-04-30 00:00:00+00:00,2026-05-07 00:00:00+00:00,18,18,"GNO,SFP,GLM,KMNO,DCR,XEC,CVX,EGLD,IMX,MANA,XTZ,TWT,1INCH,PYTH,PROM,JTO,NEO,SNX","ETHFI,PENDLE,OP,LDO,TIA,AXS,ZRO,AR,FLOKI,INJ,CRV,SEI,CHZ,VIRTUAL,WIF,BONK,APT,FET",-0.03783921838557866,0.05555555555555555,13.153912219074805,78923.47331444883,75923.91685973594,-2999.556454712889
2026-05-06 00:00:00+00:00,2026-05-07 00:00:00+00:00,2026-05-14 00:00:00+00:00,18,18,"GNO,GLM,SFP,XEC,DCR,KMNO,CVX,MANA,IMX,TWT,EGLD,1INCH,XTZ,PROM,THETA,SNX,NEO,COMP","AXS,APE,LDO,TIA,LUNC,OP,INJ,FLOKI,SAND,PENDLE,RUNE,SEI,CHZ,WIF,VIRTUAL,BONK,FET,APT",-0.0010439014030628182,0.1666666666666667,37.961958429867984,75923.91685973594,75806.69781797017,-117.21904176576936
2026-05-13 00:00:00+00:00,2026-05-14 00:00:00+00:00,2026-05-21 00:00:00+00:00,18,18,"SFP,GLM,XEC,GNO,DCR,XTZ,CVX,IMX,KMNO,MANA,EGLD,TWT,1INCH,SNX,THETA,NEO,PROM,JASMY","STRK,ETHFI,LDO,OP,APE,INJ,FLOKI,RUNE,TIA,WIF,SEI,PENDLE,CHZ,VIRTUAL,BONK,LUNC,FET,APT",-0.004387750874896757,0.08333333333333334,18.951674454492544,75806.69781797017,75455.12523884184,-351.572579128333
2026-05-20 00:00:00+00:00,2026-05-21 00:00:00+00:00,2026-05-28 00:00:00+00:00,18,18,"SFP,GNO,GLM,DCR,EGLD,KMNO,XTZ,MANA,CVX,XEC,SNX,1INCH,IMX,PROM,TWT,ENS,NEO,COMP","STRK,AR,RUNE,FLOKI,ETHFI,OP,ZRO,LDO,TIA,BONK,PENDLE,SEI,VIRTUAL,INJ,CHZ,LUNC,APT,FET",-0.02869811357087454,0.11111111111111113,25.151708412947286,75455.12523884184,73264.55377682004,-2190.5714620217914
2026-05-27 00:00:00+00:00,2026-05-28 00:00:00+00:00,2026-06-04 00:00:00+00:00,18,18,"SFP,EGLD,GNO,GLM,DCR,KMNO,MANA,XEC,1INCH,XTZ,SNX,NEO,CVX,THETA,ENS,TWT,PROM,IMX","ETHFI,CFX,JTO,FLOKI,KAIA,AR,OP,BONK,TIA,PENDLE,LDO,VIRTUAL,SEI,LUNC,APT,CHZ,INJ,FET",-0.010653672680921388,0.11111111111111113,24.421517925606686,73264.55377682004,72459.59568384242,-804.9580929776275
2026-06-03 00:00:00+00:00,2026-06-04 00:00:00+00:00,2026-06-11 00:00:00+00:00,18,18,"SFP,GLM,XEC,KMNO,EGLD,DCR,GNO,1INCH,MANA,XTZ,SNX,CVX,NEO,THETA,ENS,RUNE,PROM,TWT","ETHFI,FLOKI,ZRO,CRV,BONK,PENDLE,LDO,OP,AR,TIA,LUNC,JTO,CHZ,VIRTUAL,SEI,APT,INJ,FET",0.021519391336662728,0.08333333333333334,18.114898920960606,72459.59568384242,74000.76718053842,1541.171496695999
2026-06-10 00:00:00+00:00,2026-06-11 00:00:00+00:00,2026-06-18 00:00:00+00:00,18,18,"GLM,KMNO,SFP,GNO,XEC,DCR,1INCH,SNX,TWT,CVX,MANA,XTZ,EGLD,THETA,RUNE,PROM,ENS,RAY","AXS,FLOKI,LDO,JTO,AR,CRV,BONK,LUNC,ZRO,OP,PENDLE,TIA,CHZ,VIRTUAL,SEI,APT,INJ,FET",-0.018610131147673462,0.05555555555555555,12.333461196756403,74000.76718053842,72611.26973708338,-1389.4974434550386
2026-06-17 00:00:00+00:00,2026-06-18 00:00:00+00:00,2026-06-25 00:00:00+00:00,18,18,"GLM,SFP,DCR,XEC,GNO,KMNO,SNX,EGLD,PROM,TWT,1INCH,THETA,MANA,ENS,JASMY,CVX,IMX,NEO","ETHFI,AR,PENDLE,JTO,TIA,LDO,FLOKI,OP,ZRO,LUNC,BONK,SEI,CRV,VIRTUAL,CHZ,APT,INJ,FET",0.010460307764323986,0.11111111111111113,24.203756579027797,72611.26973708338,73346.60220911259,735.3324720292148
2026-06-24 00:00:00+00:00,2026-06-25 00:00:00+00:00,2026-07-02 00:00:00+00:00,18,18,"GLM,SFP,DCR,XEC,EGLD,GNO,PROM,SNX,CVX,KMNO,1INCH,XTZ,TWT,SYRUP,THETA,IMX,MANA,NEO","PYTH,AR,BONK,FLOKI,PENDLE,OP,LUNC,CRV,VIRTUAL,TIA,ZRO,LDO,JTO,SEI,CHZ,INJ,APT,FET",-0.0017214778086539033,0.08333333333333334,18.33665055227815,73346.60220911259,73202.00101051717,-144.60119859542465
2026-07-01 00:00:00+00:00,2026-07-02 00:00:00+00:00,2026-07-09 00:00:00+00:00,18,18,"SFP,GLM,GNO,DCR,XEC,PROM,KMNO,EGLD,CVX,TWT,SNX,XTZ,MANA,1INCH,SYRUP,IMX,STX,THETA","AR,EIGEN,AXS,CRV,WIF,LUNC,VIRTUAL,OP,PENDLE,LDO,CHZ,ZRO,SEI,TIA,INJ,JTO,APT,FET",0.007442624043312411,0.11111111111111113,24.400667003505728,73202.00101051717,73722.41531625311,520.414305735947
2026-07-08 00:00:00+00:00,2026-07-09 00:00:00+00:00,2026-07-16 00:00:00+00:00,18,18,"GNO,SFP,PROM,GLM,DCR,KMNO,EGLD,CVX,XEC,MANA,1INCH,THETA,IMX,TWT,SNX,STX,XTZ,NEO","AXS,BONK,WIF,PYTH,LDO,OP,CRV,ZRO,VIRTUAL,PENDLE,LUNC,CHZ,SEI,TIA,JTO,APT,INJ,FET",0.014054002953684131,0.08333333333333334,18.43060382906328,73722.41531625311,74740.0797550314,1017.6644387782871
2026-07-15 00:00:00+00:00,2026-07-16 00:00:00+00:00,2026-07-23 00:00:00+00:00,18,18,"SFP,GNO,PROM,GLM,XEC,DCR,CVX,KMNO,EGLD,THETA,XTZ,1INCH,NEO,SNX,TWT,COMP,RAY,IMX","ETHFI,WIF,EIGEN,BONK,VIRTUAL,OP,PYTH,LDO,CRV,PENDLE,CHZ,LUNC,SEI,JTO,APT,TIA,INJ,FET",0.014018375638833645,0.11111111111111113,24.913359918343804,74740.0797550314,75762.90090839547,1022.8211533640715
2026-07-22 00:00:00+00:00,2026-07-23 00:00:00+00:00,2026-07-27 00:00:00+00:00,18,18,"SFP,GLM,GNO,PROM,KMNO,TWT,COMP,XEC,THETA,1INCH,CVX,DCR,NEO,XTZ,IMX,RAY,MANA,SNX","AXS,LUNC,EIGEN,RUNE,JTO,WIF,CHZ,PYTH,CRV,LDO,PENDLE,SEI,VIRTUAL,TIA,OP,INJ,APT,FET",0.022991564546089815,0.08333333333333334,18.94072522709887,75762.90090839547,77485.86780960276,1722.9669012072845
