date,equity
2020-07-30 00:00:00+00:00,10170.93246304232
2020-08-06 00:00:00+00:00,10794.061353230203
2020-08-13 00:00:00+00:00,10484.662439825279
2020-08-20 00:00:00+00:00,10818.491151656444
2020-08-27 00:00:00+00:00,11061.527034934243
2020-09-03 00:00:00+00:00,10367.15876239618
2020-09-10 00:00:00+00:00,11096.407880332146
2020-09-17 00:00:00+00:00,11470.615342963438
2020-09-24 00:00:00+00:00,10950.272905725638
2020-10-01 00:00:00+00:00,11319.101403767952
2020-10-08 00:00:00+00:00,11700.447499725731
2020-10-15 00:00:00+00:00,12112.42485049735
2020-10-22 00:00:00+00:00,12511.857664453208
2020-10-29 00:00:00+00:00,11923.058332463112
2020-11-05 00:00:00+00:00,12646.756091875302
2020-11-12 00:00:00+00:00,12740.71576243861
2020-11-19 00:00:00+00:00,12167.009315303692
2020-11-26 00:00:00+00:00,12373.972740523646
2020-12-03 00:00:00+00:00,12917.140594877887
2020-12-10 00:00:00+00:00,13775.440433363794
2020-12-17 00:00:00+00:00,13359.73673802567
2020-12-24 00:00:00+00:00,14230.30268622169
2020-12-31 00:00:00+00:00,13632.545949285884
2021-01-07 00:00:00+00:00,12942.808928066574
2021-01-14 00:00:00+00:00,12733.967482720285
2021-01-21 00:00:00+00:00,12109.584506157275
2021-01-28 00:00:00+00:00,12934.844907392708
2021-02-04 00:00:00+00:00,13246.917752748217
2021-02-11 00:00:00+00:00,11917.693813835947
2021-02-18 00:00:00+00:00,12630.081894452604
2021-02-25 00:00:00+00:00,13772.318000024552
2021-03-04 00:00:00+00:00,14500.413671137023
2021-03-11 00:00:00+00:00,15157.026221002656
2021-03-18 00:00:00+00:00,15897.16505802917
2021-03-25 00:00:00+00:00,15343.333249102916
2021-04-01 00:00:00+00:00,15618.12888507371
2021-04-08 00:00:00+00:00,17014.50918326439
2021-04-15 00:00:00+00:00,17763.918356729962
2021-04-22 00:00:00+00:00,17142.514211579302
2021-04-29 00:00:00+00:00,17929.86565070649
2021-05-06 00:00:00+00:00,17522.371314943364
2021-05-13 00:00:00+00:00,17105.597531276264
2021-05-20 00:00:00+00:00,16943.449679716898
2021-05-27 00:00:00+00:00,17013.04066633794
2021-06-03 00:00:00+00:00,17005.379992951977
2021-06-10 00:00:00+00:00,16346.784004605543
2021-06-17 00:00:00+00:00,15905.711854494193
2021-06-24 00:00:00+00:00,16159.966934967815
2021-07-01 00:00:00+00:00,17029.09498945742
2021-07-08 00:00:00+00:00,18892.36412468925
2021-07-15 00:00:00+00:00,19721.557377654644
2021-07-22 00:00:00+00:00,19806.387033993014
2021-07-29 00:00:00+00:00,18462.149597836975
2021-08-05 00:00:00+00:00,17970.75923517174
2021-08-12 00:00:00+00:00,18761.44964499315
2021-08-19 00:00:00+00:00,21039.266046896144
2021-08-26 00:00:00+00:00,21091.840827793072
2021-09-02 00:00:00+00:00,22906.70752770315
2021-09-09 00:00:00+00:00,23700.86598523419
2021-09-16 00:00:00+00:00,22570.258491070872
2021-09-23 00:00:00+00:00,23177.27022110127
2021-09-30 00:00:00+00:00,22452.21469783682
2021-10-07 00:00:00+00:00,22319.883508330622
2021-10-14 00:00:00+00:00,25264.859186539958
2021-10-21 00:00:00+00:00,25778.41870611414
2021-10-28 00:00:00+00:00,24932.917279599675
2021-11-04 00:00:00+00:00,25257.298637118038
2021-11-11 00:00:00+00:00,24751.050833977988
2021-11-18 00:00:00+00:00,23040.6995649018
2021-11-25 00:00:00+00:00,20398.857660106347
2021-12-02 00:00:00+00:00,21787.893674928662
2021-12-09 00:00:00+00:00,22035.18063221383
2021-12-16 00:00:00+00:00,21802.14739811216
2021-12-23 00:00:00+00:00,21564.7157043373
2021-12-30 00:00:00+00:00,20977.98060126774
2022-01-06 00:00:00+00:00,21708.68187341783
2022-01-13 00:00:00+00:00,21408.762705248708
2022-01-20 00:00:00+00:00,21740.1802423762
2022-01-27 00:00:00+00:00,21847.712954514678
2022-02-03 00:00:00+00:00,21392.573861282763
2022-02-10 00:00:00+00:00,20333.245340751044
2022-02-17 00:00:00+00:00,20471.027508695974
2022-02-24 00:00:00+00:00,21058.773856279757
2022-03-03 00:00:00+00:00,21171.738524793727
2022-03-10 00:00:00+00:00,21523.144427413386
2022-03-17 00:00:00+00:00,20075.608874102658
2022-03-24 00:00:00+00:00,20907.456198116142
2022-03-31 00:00:00+00:00,22073.705607103064
2022-04-07 00:00:00+00:00,23047.008010326765
2022-04-14 00:00:00+00:00,22785.80336007962
2022-04-21 00:00:00+00:00,22848.974075195496
2022-04-28 00:00:00+00:00,22462.138993506665
2022-05-05 00:00:00+00:00,22788.155757143042
2022-05-12 00:00:00+00:00,23859.897719336866
2022-05-19 00:00:00+00:00,22357.38511974718
2022-05-26 00:00:00+00:00,22142.955562305633
2022-06-02 00:00:00+00:00,22124.284097403754
2022-06-09 00:00:00+00:00,22009.29244705028
2022-06-16 00:00:00+00:00,21297.525346449453
2022-06-23 00:00:00+00:00,21718.847358189683
2022-06-30 00:00:00+00:00,20806.026668602623
2022-07-07 00:00:00+00:00,20957.192963255515
2022-07-14 00:00:00+00:00,21935.469563921877
2022-07-21 00:00:00+00:00,22430.515183112333
2022-07-28 00:00:00+00:00,22177.504217354275
2022-08-04 00:00:00+00:00,21443.720868760738
2022-08-11 00:00:00+00:00,22343.97314832399
2022-08-18 00:00:00+00:00,22127.417009903762
2022-08-25 00:00:00+00:00,22532.65639869314
2022-09-01 00:00:00+00:00,22855.94257838252
2022-09-08 00:00:00+00:00,23170.98373667991
2022-09-15 00:00:00+00:00,23478.047170631748
2022-09-22 00:00:00+00:00,22762.46639854641
2022-09-29 00:00:00+00:00,23199.60093593017
2022-10-06 00:00:00+00:00,23422.305961279777
2022-10-13 00:00:00+00:00,23692.72918398378
2022-10-20 00:00:00+00:00,24093.795852706935
2022-10-27 00:00:00+00:00,24404.614562680286
2022-11-03 00:00:00+00:00,23891.421091383643
2022-11-10 00:00:00+00:00,24005.320710135664
2022-11-17 00:00:00+00:00,24406.889854564186
2022-11-24 00:00:00+00:00,24490.58641542308
2022-12-01 00:00:00+00:00,24055.37850518025
2022-12-08 00:00:00+00:00,23908.689203663856
2022-12-15 00:00:00+00:00,24782.92985608003
2022-12-22 00:00:00+00:00,25404.169032307847
2022-12-29 00:00:00+00:00,25463.402997979938
2023-01-05 00:00:00+00:00,25310.123583348424
2023-01-12 00:00:00+00:00,24438.270053916294
2023-01-19 00:00:00+00:00,24479.745883518193
2023-01-26 00:00:00+00:00,22423.11321642423
2023-02-02 00:00:00+00:00,23878.187735731666
2023-02-09 00:00:00+00:00,23747.037731426703
2023-02-16 00:00:00+00:00,24393.71951167758
2023-02-23 00:00:00+00:00,28781.762996416826
2023-03-02 00:00:00+00:00,28751.079814022967
2023-03-09 00:00:00+00:00,29268.61307094739
2023-03-16 00:00:00+00:00,27889.098042455
2023-03-23 00:00:00+00:00,26798.21093336311
2023-03-30 00:00:00+00:00,27546.24754577118
2023-04-06 00:00:00+00:00,27865.478123680772
2023-04-13 00:00:00+00:00,27780.413566261814
2023-04-20 00:00:00+00:00,27436.528535496513
2023-04-27 00:00:00+00:00,27688.41078426434
2023-05-04 00:00:00+00:00,27593.94021509984
2023-05-11 00:00:00+00:00,28451.23376921699
2023-05-18 00:00:00+00:00,28072.52190626139
2023-05-25 00:00:00+00:00,28515.467064138254
2023-06-01 00:00:00+00:00,28757.156970875018
2023-06-08 00:00:00+00:00,28223.32980376496
2023-06-15 00:00:00+00:00,29415.45359870842
2023-06-22 00:00:00+00:00,28379.69904826306
2023-06-29 00:00:00+00:00,29458.282073168266
2023-07-06 00:00:00+00:00,30623.69697717799
2023-07-13 00:00:00+00:00,31121.38520868927
2023-07-20 00:00:00+00:00,30343.342067508114
2023-07-27 00:00:00+00:00,30387.44154206133
2023-08-03 00:00:00+00:00,30588.713313033677
2023-08-10 00:00:00+00:00,30909.651773952897
2023-08-17 00:00:00+00:00,31446.06627087549
2023-08-24 00:00:00+00:00,32017.717975629967
2023-08-31 00:00:00+00:00,32398.56534028604
2023-09-07 00:00:00+00:00,32533.81965564848
2023-09-14 00:00:00+00:00,32870.62165406087
2023-09-21 00:00:00+00:00,33141.70286866432
2023-09-28 00:00:00+00:00,33084.83211237328
2023-10-05 00:00:00+00:00,33203.56618978546
2023-10-12 00:00:00+00:00,33525.13193088257
2023-10-19 00:00:00+00:00,33695.992553837066
2023-10-26 00:00:00+00:00,31354.577683702526
2023-11-02 00:00:00+00:00,32314.3386624615
2023-11-09 00:00:00+00:00,32802.66768353546
2023-11-16 00:00:00+00:00,31891.72986180042
2023-11-23 00:00:00+00:00,31564.077450241544
2023-11-30 00:00:00+00:00,31428.16721463878
2023-12-07 00:00:00+00:00,31429.33509431758
2023-12-14 00:00:00+00:00,29374.355326528992
2023-12-21 00:00:00+00:00,28324.31842247252
2023-12-28 00:00:00+00:00,29594.9736267244
2024-01-04 00:00:00+00:00,29497.67812111411
2024-01-11 00:00:00+00:00,28124.00727303756
2024-01-18 00:00:00+00:00,28230.366557772744
2024-01-25 00:00:00+00:00,28914.36143473718
2024-02-01 00:00:00+00:00,29260.01913944285
2024-02-08 00:00:00+00:00,28917.179238596433
2024-02-15 00:00:00+00:00,28924.691080698507
2024-02-22 00:00:00+00:00,32485.661356778295
2024-02-29 00:00:00+00:00,34782.833068485874
2024-03-07 00:00:00+00:00,37496.40427328039
2024-03-14 00:00:00+00:00,38059.29583157878
2024-03-21 00:00:00+00:00,37534.56688399261
2024-03-28 00:00:00+00:00,39394.583237395884
2024-04-04 00:00:00+00:00,39495.63654649427
2024-04-11 00:00:00+00:00,41133.30816676789
2024-04-18 00:00:00+00:00,41473.684832191626
2024-04-25 00:00:00+00:00,40897.9985367083
2024-05-02 00:00:00+00:00,41250.12576299306
2024-05-09 00:00:00+00:00,41251.93774374972
2024-05-16 00:00:00+00:00,40731.3715296211
2024-05-23 00:00:00+00:00,41096.08007981629
2024-05-30 00:00:00+00:00,40669.1087258953
2024-06-06 00:00:00+00:00,40876.54251969504
2024-06-13 00:00:00+00:00,41664.225013089956
2024-06-20 00:00:00+00:00,43707.72770560619
2024-06-27 00:00:00+00:00,43072.57671524296
2024-07-04 00:00:00+00:00,44384.54402416869
2024-07-11 00:00:00+00:00,43591.9520126611
2024-07-18 00:00:00+00:00,42691.2645732247
2024-07-25 00:00:00+00:00,42154.905629691035
2024-08-01 00:00:00+00:00,43447.908969877004
2024-08-08 00:00:00+00:00,45096.13552969075
2024-08-15 00:00:00+00:00,43890.9213345436
2024-08-22 00:00:00+00:00,44663.40813730009
2024-08-29 00:00:00+00:00,43076.88052746581
2024-09-05 00:00:00+00:00,44215.18773556444
2024-09-12 00:00:00+00:00,43326.285738814346
2024-09-19 00:00:00+00:00,42148.27588045991
2024-09-26 00:00:00+00:00,40767.439113007764
2024-10-03 00:00:00+00:00,40371.2047145978
2024-10-10 00:00:00+00:00,40898.548085535425
2024-10-17 00:00:00+00:00,39991.67723227563
2024-10-24 00:00:00+00:00,40499.44970166756
2024-10-31 00:00:00+00:00,40933.33165094433
2024-11-07 00:00:00+00:00,40912.78124369109
2024-11-14 00:00:00+00:00,39171.99575407348
2024-11-21 00:00:00+00:00,41115.625524960444
2024-11-28 00:00:00+00:00,42796.769023113804
2024-12-05 00:00:00+00:00,48781.28740968519
2024-12-12 00:00:00+00:00,48273.099284844044
2024-12-19 00:00:00+00:00,48219.263781004
2024-12-26 00:00:00+00:00,50543.609635556066
2025-01-02 00:00:00+00:00,50375.27074265881
2025-01-09 00:00:00+00:00,50367.76048613311
2025-01-16 00:00:00+00:00,51429.39531038794
2025-01-23 00:00:00+00:00,51206.8233186132
2025-01-30 00:00:00+00:00,52793.32905807475
2025-02-06 00:00:00+00:00,54134.648101665625
2025-02-13 00:00:00+00:00,55579.2664419287
2025-02-20 00:00:00+00:00,55934.07194239733
2025-02-27 00:00:00+00:00,55966.54859300223
2025-03-06 00:00:00+00:00,58113.562540678344
2025-03-13 00:00:00+00:00,58945.89644455952
2025-03-20 00:00:00+00:00,58363.848621742785
2025-03-27 00:00:00+00:00,57281.94155319933
2025-04-03 00:00:00+00:00,58567.041481026274
2025-04-10 00:00:00+00:00,58100.61083972974
2025-04-17 00:00:00+00:00,57225.22627833462
2025-04-24 00:00:00+00:00,56225.972118371945
2025-05-01 00:00:00+00:00,56000.269849549644
2025-05-08 00:00:00+00:00,57094.2614985245
2025-05-15 00:00:00+00:00,53208.31666176889
2025-05-22 00:00:00+00:00,53066.045805711125
2025-05-29 00:00:00+00:00,51471.17957454187
2025-06-05 00:00:00+00:00,53392.854572123404
2025-06-12 00:00:00+00:00,52546.08303134644
2025-06-19 00:00:00+00:00,54315.31236134554
2025-06-26 00:00:00+00:00,53690.059367019014
2025-07-03 00:00:00+00:00,54308.66740061631
2025-07-10 00:00:00+00:00,54357.95516935113
2025-07-17 00:00:00+00:00,53653.17065867823
2025-07-24 00:00:00+00:00,54756.194323093245
2025-07-31 00:00:00+00:00,55214.15313025785
2025-08-07 00:00:00+00:00,55682.81020343273
2025-08-14 00:00:00+00:00,54186.791765857444
2025-08-21 00:00:00+00:00,55029.05146562614
2025-08-28 00:00:00+00:00,56066.8016996408
2025-09-04 00:00:00+00:00,56873.02631983095
2025-09-11 00:00:00+00:00,56572.04813219152
2025-09-18 00:00:00+00:00,57441.02697498159
2025-09-25 00:00:00+00:00,60025.211128406445
2025-10-02 00:00:00+00:00,61230.91154082161
2025-10-09 00:00:00+00:00,60037.83861485471
2025-10-16 00:00:00+00:00,62426.71375576447
2025-10-23 00:00:00+00:00,63666.73146612281
2025-10-30 00:00:00+00:00,63423.90317258259
2025-11-06 00:00:00+00:00,68643.29343037958
2025-11-13 00:00:00+00:00,68194.71993129792
2025-11-20 00:00:00+00:00,66782.79367269158
2025-11-27 00:00:00+00:00,69145.95330103145
2025-12-04 00:00:00+00:00,69203.7387297159
2025-12-11 00:00:00+00:00,70103.44087941502
2025-12-18 00:00:00+00:00,70584.79790395193
2025-12-25 00:00:00+00:00,71280.08235845903
2026-01-01 00:00:00+00:00,71660.28413150072
2026-01-08 00:00:00+00:00,69317.41227318275
2026-01-15 00:00:00+00:00,70163.06575147774
2026-01-22 00:00:00+00:00,73114.52443382927
2026-01-29 00:00:00+00:00,73244.6850758211
2026-02-05 00:00:00+00:00,75266.07587757596
2026-02-12 00:00:00+00:00,77339.29540030252
2026-02-19 00:00:00+00:00,78805.47344926612
2026-02-26 00:00:00+00:00,78903.01052441905
2026-03-05 00:00:00+00:00,77573.88133685545
2026-03-12 00:00:00+00:00,77381.61039909965
2026-03-19 00:00:00+00:00,76739.34795774896
2026-03-26 00:00:00+00:00,75374.69811544468
2026-04-02 00:00:00+00:00,75174.32563176674
2026-04-09 00:00:00+00:00,76338.46685847481
2026-04-16 00:00:00+00:00,76178.63037246806
2026-04-23 00:00:00+00:00,77961.62043610505
2026-04-30 00:00:00+00:00,78923.47331444883
2026-05-07 00:00:00+00:00,75923.91685973594
2026-05-14 00:00:00+00:00,75806.69781797017
2026-05-21 00:00:00+00:00,75455.12523884184
2026-05-28 00:00:00+00:00,73264.55377682004
2026-06-04 00:00:00+00:00,72459.59568384242
2026-06-11 00:00:00+00:00,74000.76718053842
2026-06-18 00:00:00+00:00,72611.26973708338
2026-06-25 00:00:00+00:00,73346.60220911259
2026-07-02 00:00:00+00:00,73202.00101051717
2026-07-09 00:00:00+00:00,73722.41531625311
2026-07-16 00:00:00+00:00,74740.0797550314
2026-07-23 00:00:00+00:00,75762.90090839547
2026-07-27 00:00:00+00:00,77485.86780960276
