date,m2sl,yoy_growth,prior_yoy_avg12,risk_on_signal_close,risk_on_actionable
1961-01-01 00:00:00+00:00,314.1,0.0533199195171028,0.03742038569171269,True,False
1961-02-01 00:00:00+00:00,316.5,0.060656836461126185,0.038490834904786,True,True
1961-03-01 00:00:00+00:00,318.3,0.0634814567323756,0.04044627803126786,True,True
1961-04-01 00:00:00+00:00,319.9,0.06597800733088954,0.04282607208584457,True,True
1961-05-01 00:00:00+00:00,322.2,0.07078763708873392,0.04545166668732999,True,True
1961-06-01 00:00:00+00:00,324.3,0.07277538868673505,0.04886945916888602,True,True
1961-07-01 00:00:00+00:00,325.6,0.07070042749095684,0.052610602151082785,True,True
1961-08-01 00:00:00+00:00,327.6,0.06744868035190632,0.05598988348445294,True,True
1961-09-01 00:00:00+00:00,329.5,0.06841763942931256,0.058658515079230554,True,True
1961-10-01 00:00:00+00:00,331.1,0.0697899838449112,0.061073837407810784,True,True
1961-11-01 00:00:00+00:00,333.4,0.07237053715020902,0.0632359313397996,True,True
1961-12-01 00:00:00+00:00,335.5,0.073943661971831,0.0653960588466231,True,True
1962-01-01 00:00:00+00:00,337.5,0.0744985673352434,0.06747251467134084,True,True
1962-02-01 00:00:00+00:00,340.1,0.07456556082148502,0.06923740198951922,True,True
1962-03-01 00:00:00+00:00,343.1,0.07791391768771594,0.07039646235288245,True,True
1962-04-01 00:00:00+00:00,345.5,0.08002500781494226,0.07159916743249416,True,True
1962-05-01 00:00:00+00:00,347.5,0.0785226567349473,0.07276975080616521,True,True
1962-06-01 00:00:00+00:00,349.3,0.0770891150169597,0.07341433577668299,True,True
1962-07-01 00:00:00+00:00,350.8,0.07739557739557745,0.07377381297086838,True,True
1962-08-01 00:00:00+00:00,352.8,0.07692307692307687,0.07433174212958676,True,True
1962-09-01 00:00:00+00:00,354.9,0.07708649468892248,0.07512127517718431,True,True
1962-10-01 00:00:00+00:00,357.2,0.0788281485955904,0.0758436797821518,True,True
1962-11-01 00:00:00+00:00,359.8,0.07918416316736665,0.07659686017804174,True,True
1962-12-01 00:00:00+00:00,362.7,0.08107302533532046,0.07716466234613821,True,True
1963-01-01 00:00:00+00:00,365.2,0.08207407407407397,0.07775877595976233,True,True
1963-02-01 00:00:00+00:00,367.9,0.08174066451043793,0.07839006818799821,True,True
1963-03-01 00:00:00+00:00,370.7,0.08044301952783428,0.07898799349541095,True,True
1963-04-01 00:00:00+00:00,373.3,0.08046309696092613,0.07919875198208748,True,True
1963-05-01 00:00:00+00:00,376.1,0.08230215827338139,0.07923525941091947,True,True
1963-06-01 00:00:00+00:00,378.4,0.08330947609504724,0.07955021787245564,True,True
1963-07-01 00:00:00+00:00,381.1,0.08637400228050174,0.0800685812956296,True,True
1963-08-01 00:00:00+00:00,383.6,0.08730158730158744,0.0808167833693733,True,True
1963-09-01 00:00:00+00:00,386.0,0.08763031839954927,0.08168165923424918,True,True
1963-10-01 00:00:00+00:00,388.3,0.08706606942889139,0.08256031121013474,True,True
1963-11-01 00:00:00+00:00,391.5,0.08810450250138957,0.08324680461290983,True,True
1963-12-01 00:00:00+00:00,393.2,0.08409153570443895,0.0839901662240784,True,True
1964-01-01 00:00:00+00:00,395.2,0.08214676889375694,0.08424170875483827,False,True
1964-02-01 00:00:00+00:00,397.6,0.08072845882033164,0.08424776665647853,False,False
1964-03-01 00:00:00+00:00,399.8,0.078500134879957,0.084163416182303,False,False
1964-04-01 00:00:00+00:00,401.7,0.07607822126975616,0.08400150912831322,False,False
1964-05-01 00:00:00+00:00,404.2,0.07471417176282902,0.08363610282071572,False,False
1964-06-01 00:00:00+00:00,407.1,0.07584566596194509,0.08300377061150303,False,False
1964-07-01 00:00:00+00:00,410.1,0.07609551298871686,0.08238178643374451,False,False
1964-08-01 00:00:00+00:00,413.4,0.0776850886339937,0.0815252456594291,False,False
1964-09-01 00:00:00+00:00,416.9,0.08005181347150248,0.08072387077046296,False,False
1964-10-01 00:00:00+00:00,419.1,0.07932011331444766,0.08009232869312573,False,False
1964-11-01 00:00:00+00:00,422.1,0.07816091954022997,0.07944683235025542,False,False
1964-12-01 00:00:00+00:00,424.8,0.08036622583926767,0.07861820043682545,True,False
1965-01-01 00:00:00+00:00,427.5,0.08173076923076916,0.07830775794806118,True,True
1965-02-01 00:00:00+00:00,430.4,0.08249496981891347,0.07827309130947886,True,True
1965-03-01 00:00:00+00:00,433.2,0.08354177088544268,0.07842030055936068,True,True
1965-04-01 00:00:00+00:00,435.5,0.08414239482200658,0.07884043689315116,True,True
1965-05-01 00:00:00+00:00,437.1,0.08139534883720945,0.07951245135583869,True,True
1965-06-01 00:00:00+00:00,440.1,0.08106116433308763,0.08006921611203706,True,True
1965-07-01 00:00:00+00:00,442.9,0.07998049256278938,0.08050384097629894,False,True
1965-08-01 00:00:00+00:00,445.8,0.07837445573294644,0.08082758927413831,False,False
1965-09-01 00:00:00+00:00,449.5,0.07819621012233147,0.08088503653238438,False,False
1965-10-01 00:00:00+00:00,452.6,0.0799331901694107,0.08073040291995347,False,False
1965-11-01 00:00:00+00:00,455.7,0.0796019900497511,0.08078149265786705,False,False
1965-12-01 00:00:00+00:00,459.2,0.08097928436911483,0.08090158186699381,True,False
1966-01-01 00:00:00+00:00,462.0,0.08070175438596494,0.08095267007781441,False,True
1966-02-01 00:00:00+00:00,464.6,0.07946096654275103,0.08086691884074738,False,False
1966-03-01 00:00:00+00:00,467.2,0.07848568790397037,0.08061408523440051,False,False
1966-04-01 00:00:00+00:00,469.3,0.0776119402985076,0.08019274498594449,False,False
1966-05-01 00:00:00+00:00,470.1,0.07549759780370624,0.07964854044231957,False,False
1966-06-01 00:00:00+00:00,471.2,0.0706657577823222,0.07915706118952764,False,False
1966-07-01 00:00:00+00:00,470.8,0.06299390381575987,0.0782907773102972,False,False
1966-08-01 00:00:00+00:00,472.6,0.060116644235083116,0.07687522824804473,False,False
1966-09-01 00:00:00+00:00,475.4,0.05761957730812006,0.07535374395655613,False,False
1966-10-01 00:00:00+00:00,475.7,0.05103844454264239,0.07363902455537184,False,False
1966-11-01 00:00:00+00:00,477.3,0.047399605003291656,0.07123112908647448,False,False
1966-12-01 00:00:00+00:00,480.2,0.0457317073170731,0.06854759699926953,False,False
1967-01-01 00:00:00+00:00,481.6,0.042424242424242475,0.06561029891159938,False,False
1967-02-01 00:00:00+00:00,485.1,0.04412397761515274,0.06242050624812251,False,False
1967-03-01 00:00:00+00:00,489.7,0.04815924657534243,0.05947575717082265,False,False
1967-04-01 00:00:00+00:00,492.1,0.04858299595141702,0.05694855372677032,False,False
1967-05-01 00:00:00+00:00,497.2,0.057647309083173726,0.05452947503117944,True,False
1967-06-01 00:00:00+00:00,502.0,0.06536502546689316,0.053041950971135066,True,True
1967-07-01 00:00:00+00:00,506.3,0.07540356839422269,0.052600223278182645,True,True
1967-08-01 00:00:00+00:00,510.8,0.08082945408379172,0.05363436199305455,True,True
1967-09-01 00:00:00+00:00,514.7,0.08266722759781242,0.05536042948044693,True,True
1967-10-01 00:00:00+00:00,518.2,0.08934202228295152,0.05744773367125463,True,True
1967-11-01 00:00:00+00:00,521.2,0.09197569662685945,0.060639698482947056,True,True
1967-12-01 00:00:00+00:00,524.8,0.09287796751353605,0.06435437278491103,True,True
1968-01-01 00:00:00+00:00,527.4,0.0950996677740863,0.06828322780128294,True,True
1968-02-01 00:00:00+00:00,530.4,0.09338280766852192,0.0726728465804366,True,True
1968-03-01 00:00:00+00:00,533.2,0.08882989585460499,0.07677774908488404,True,True
1968-04-01 00:00:00+00:00,535.7,0.0885998780735624,0.08016696985815591,True,True
1968-05-01 00:00:00+00:00,538.9,0.08386967015285607,0.08350171003500136,True,True
1968-06-01 00:00:00+00:00,542.6,0.0808764940239044,0.08568690679080822,False,True
1968-07-01 00:00:00+00:00,545.6,0.07762196326288762,0.08697952917055916,False,False
1968-08-01 00:00:00+00:00,549.4,0.0755677368833203,0.08716439540961457,False,False
1968-09-01 00:00:00+00:00,553.5,0.07538371867107041,0.08672591897624195,False,False
1968-10-01 00:00:00+00:00,557.6,0.07603241991509058,0.08611895989901346,False,False
1968-11-01 00:00:00+00:00,562.4,0.0790483499616268,0.08500982636835837,False,False
1968-12-01 00:00:00+00:00,566.9,0.08022103658536595,0.08393254747958899,False,False
1969-01-01 00:00:00+00:00,569.3,0.07944634053849065,0.08287780323557481,False,False
1969-02-01 00:00:00+00:00,571.9,0.07824283559577672,0.08157335929927517,False,False
1969-03-01 00:00:00+00:00,574.4,0.07726931732933218,0.08031169495987973,False,False
1969-04-01 00:00:00+00:00,575.7,0.0746686578308755,0.079348313416107,False,False
1969-05-01 00:00:00+00:00,576.5,0.06977175728335494,0.07818737839588309,False,False
1969-06-01 00:00:00+00:00,578.5,0.06616291927755258,0.07701255232342467,False,False
1969-07-01 00:00:00+00:00,579.5,0.06213343108504388,0.07578642109456202,False,False
1969-08-01 00:00:00+00:00,580.1,0.05587914088096113,0.0744957100797417,False,False
1969-09-01 00:00:00+00:00,582.1,0.05167118337850041,0.07285499374621178,False,False
1969-10-01 00:00:00+00:00,583.4,0.04626972740315627,0.07087894913849761,False,False
1969-11-01 00:00:00+00:00,585.4,0.04089615931721191,0.06839872476250308,False,False
1969-12-01 00:00:00+00:00,587.9,0.037043570294584605,0.06521937554213518,False,False
1970-01-01 00:00:00+00:00,589.6,0.035657825399613596,0.06162125335123673,False,False
1970-02-01 00:00:00+00:00,586.3,0.02517922713761145,0.057972210422996974,False,False
1970-03-01 00:00:00+00:00,587.3,0.022458217270195036,0.053550243051483204,False,False
1970-04-01 00:00:00+00:00,588.4,0.022060100746916778,0.04898265137988844,False,False
1970-05-01 00:00:00+00:00,591.5,0.02601908065915004,0.04459860495622522,False,False
1970-06-01 00:00:00+00:00,595.2,0.028867761452031182,0.040952548570874804,False,False
1970-07-01 00:00:00+00:00,599.1,0.033822260569456475,0.03784461875208136,False,False
1970-08-01 00:00:00+00:00,604.9,0.04275124978451994,0.035485354542449075,True,False
1970-09-01 00:00:00+00:00,611.2,0.049991410410582304,0.03439136361774564,True,True
1970-10-01 00:00:00+00:00,616.4,0.05656496400411393,0.034251382537085796,True,True
1970-11-01 00:00:00+00:00,621.1,0.06098394260334827,0.035109318920498934,True,True
1970-12-01 00:00:00+00:00,626.6,0.06582752168736183,0.0367833008610103,True,True
1971-01-01 00:00:00+00:00,633.0,0.07360922659430114,0.03918196347707507,True,True
1971-02-01 00:00:00+00:00,641.0,0.09329694695548363,0.04234458024329903,True,True
1971-03-01 00:00:00+00:00,649.9,0.10658947726885759,0.04802105689478838,True,True
1971-04-01 00:00:00+00:00,658.4,0.1189666893269885,0.05503199522801026,True,True
1971-05-01 00:00:00+00:00,666.7,0.1271344040574811,0.06310754427634957,True,True
1971-06-01 00:00:00+00:00,673.0,0.13071236559139776,0.07153382122621049,True,True
1971-07-01 00:00:00+00:00,679.6,0.13436821899515938,0.08002087157115771,True,True
1971-08-01 00:00:00+00:00,685.5,0.13324516448999835,0.08839970143996628,True,True
1971-09-01 00:00:00+00:00,692.5,0.13301701570680624,0.09594086099875615,True,True
1971-10-01 00:00:00+00:00,698.4,0.13303049967553537,0.10285966144010815,True,True
1971-11-01 00:00:00+00:00,704.6,0.13443889872806314,0.1092317894127266,True,True
1971-12-01 00:00:00+00:00,710.3,0.13357804021704434,0.11535303575645284,True,True
1972-01-01 00:00:00+00:00,717.7,0.13380726698262246,0.12099891230059305,True,True
1972-02-01 00:00:00+00:00,725.7,0.1321372854914198,0.1260154156662865,True,True
1972-03-01 00:00:00+00:00,733.5,0.12863517464225271,0.12925211054428118,False,True
1972-04-01 00:00:00+00:00,738.4,0.12150668286755772,0.1310892519920641,False,False
1972-05-01 00:00:00+00:00,743.3,0.1148942552872354,0.13130091812044486,False,False
1972-06-01 00:00:00+00:00,749.7,0.11396731054977716,0.1302809057229244,False,False
1972-07-01 00:00:00+00:00,759.5,0.1175691583284284,0.128885484469456,False,False
1972-08-01 00:00:00+00:00,768.7,0.12137126185266234,0.12748556274722841,False,False
1972-09-01 00:00:00+00:00,778.3,0.12389891696750888,0.12649607086078377,False,False
1972-10-01 00:00:00+00:00,786.9,0.12671821305841924,0.12573622929917563,True,False
1972-11-01 00:00:00+00:00,793.9,0.1267385750780583,0.12521020541441596,True,True
1972-12-01 00:00:00+00:00,802.3,0.12952273687174443,0.12456851177691557,True,True
1973-01-01 00:00:00+00:00,810.3,0.12902326877525416,0.1242305698314739,True,True
1973-02-01 00:00:00+00:00,814.1,0.12181342152404562,0.1238319033141932,False,True
1973-03-01 00:00:00+00:00,815.3,0.11152010906612131,0.12297158131691203,False,False
1973-04-01 00:00:00+00:00,819.7,0.11010292524377041,0.12154532585223442,False,False
1973-05-01 00:00:00+00:00,826.8,0.11233687609309828,0.1205950127169188,False,False
1973-06-01 00:00:00+00:00,833.2,0.11137788448712826,0.12038189778407404,False,False
1973-07-01 00:00:00+00:00,836.5,0.10138248847926268,0.12016611227885331,False,False
1973-08-01 00:00:00+00:00,838.8,0.0911929231169506,0.11881722312475616,False,False
1973-09-01 00:00:00+00:00,839.3,0.07837594757805477,0.11630236156344685,False,False
1973-10-01 00:00:00+00:00,842.6,0.07078408946498915,0.11250878078099234,False,False
1973-11-01 00:00:00+00:00,848.9,0.06927824663055793,0.10784760381487317,False,False
1973-12-01 00:00:00+00:00,855.5,0.06630936058830872,0.1030592431109148,False,False
1974-01-01 00:00:00+00:00,859.7,0.06096507466370493,0.09779146175396182,False,False
1974-02-01 00:00:00+00:00,864.2,0.06154035130819313,0.0921199455779994,False,False
1974-03-01 00:00:00+00:00,870.1,0.06721452226174418,0.08709718972667835,False,False
1974-04-01 00:00:00+00:00,872.9,0.06490179333902635,0.08340505749298026,False,False
1974-05-01 00:00:00+00:00,874.6,0.05781325592646347,0.07963829650091825,False,False
1974-06-01 00:00:00+00:00,877.8,0.05352856457033117,0.07509466148703202,False,False
1974-07-01 00:00:00+00:00,881.4,0.0536760310818889,0.07027388482729892,False,False
1974-08-01 00:00:00+00:00,884.1,0.05400572246065827,0.06629834671085111,False,False
1974-09-01 00:00:00+00:00,887.9,0.057905397354938604,0.06319941332282675,False,False
1974-10-01 00:00:00+00:00,893.3,0.060170899596486915,0.061493534137567064,False,False
1974-11-01 00:00:00+00:00,898.6,0.05854635410531284,0.06060910164852521,False,False
1974-12-01 00:00:00+00:00,902.1,0.05447106954997083,0.05971477727142146,False,False
1975-01-01 00:00:00+00:00,906.3,0.054204955216936135,0.05872825301822663,False,False
1975-02-01 00:00:00+00:00,914.1,0.05774126359638965,0.058164909730995897,False,False
1975-03-01 00:00:00+00:00,925.0,0.06309619583955861,0.05784831908834561,True,False
1975-04-01 00:00:00+00:00,935.1,0.07125673043876746,0.057505125219830144,True,True
1975-05-01 00:00:00+00:00,947.9,0.08380974159615828,0.058034703311475234,True,True
1975-06-01 00:00:00+00:00,963.0,0.09706083390293929,0.06020107711728314,True,True
1975-07-01 00:00:00+00:00,975.1,0.10630814613115502,0.06382876622833382,True,True
1975-08-01 00:00:00+00:00,983.1,0.11197828299966073,0.06821477581577266,True,True
1975-09-01 00:00:00+00:00,991.5,0.1166798062844916,0.0730458225273562,True,True
1975-10-01 00:00:00+00:00,997.8,0.11698197693943801,0.07794368993815227,True,True
1975-11-01 00:00:00+00:00,1007.0,0.12063209436901845,0.0826779463833982,True,True
1975-12-01 00:00:00+00:00,1016.3,0.12659350404611458,0.08785175807204033,True,True
1976-01-01 00:00:00+00:00,1026.7,0.13284784287763451,0.09386196094671899,True,True
1976-02-01 00:00:00+00:00,1040.3,0.13805929329395017,0.10041553491844385,True,True
1976-03-01 00:00:00+00:00,1049.9,0.13502702702702707,0.10710870405990723,True,True
1976-04-01 00:00:00+00:00,1060.8,0.1344241257619505,0.11310293999219627,True,True
1976-05-01 00:00:00+00:00,1072.1,0.1310264795864542,0.11836688960246151,True,True
1976-06-01 00:00:00+00:00,1077.6,0.11900311526479745,0.1223016177683195,False,True
1976-07-01 00:00:00+00:00,1086.3,0.11403958568351946,0.12413014121514103,False,False
1976-08-01 00:00:00+00:00,1098.7,0.11758722408707145,0.12477442784450472,False,False
1976-09-01 00:00:00+00:00,1110.8,0.12032274331820458,0.12524183960178895,False,False
1976-10-01 00:00:00+00:00,1125.0,0.127480457005412,0.1255454176879317,True,False
1976-11-01 00:00:00+00:00,1138.3,0.1303872889771598,0.12642029102676286,True,True
1976-12-01 00:00:00+00:00,1152.1,0.13362196201908882,0.12723322391077466,True,True
1977-01-01 00:00:00+00:00,1165.2,0.13489821759033793,0.12781892874185583,True,True
1977-02-01 00:00:00+00:00,1177.5,0.13188503316351063,0.1279897933012478,True,True
1977-03-01 00:00:00+00:00,1188.4,0.13191732545956758,0.12747527162371117,True,True
1977-04-01 00:00:00+00:00,1199.6,0.13084464555052788,0.12721612982642286,True,True
1977-05-01 00:00:00+00:00,1209.0,0.1276933121910271,0.1269178398088043,True,True
1977-06-01 00:00:00+00:00,1217.8,0.1301039346696362,0.12664007585918538,True,True
1977-07-01 00:00:00+00:00,1226.8,0.12933812022461577,0.12756514414292194,True,True
1977-08-01 00:00:00+00:00,1237.1,0.1259670519705105,0.12884002202134665,False,True
1977-09-01 00:00:00+00:00,1246.3,0.1219841555635579,0.12953834101163322,False,False
1977-10-01 00:00:00+00:00,1254.0,0.1146666666666667,0.12967679203207935,False,False
1977-11-01 00:00:00+00:00,1262.4,0.10902222612668022,0.12860897617051723,False,False
1977-12-01 00:00:00+00:00,1270.4,0.10268205884905846,0.1268285542663106,False,False
1978-01-01 00:00:00+00:00,1279.7,0.09826639203570209,0.1242502290021414,False,False
1978-02-01 00:00:00+00:00,1285.4,0.09163481953290886,0.12119757687258842,False,False
1978-03-01 00:00:00+00:00,1292.1,0.08726018175698402,0.1178433924033716,False,False
1978-04-01 00:00:00+00:00,1300.3,0.08394464821607217,0.11412196376148964,False,False
1978-05-01 00:00:00+00:00,1310.5,0.08395368072787424,0.110213630650285,False,False
1978-06-01 00:00:00+00:00,1318.5,0.08269009689604201,0.10656866136168892,False,False
1978-07-01 00:00:00+00:00,1324.2,0.07939354417998046,0.10261750821388942,False,False
1978-08-01 00:00:00+00:00,1333.5,0.07792417751192304,0.0984554602101698,False,False
1978-09-01 00:00:00+00:00,1345.1,0.07927465297279945,0.09445188733862085,False,False
1978-10-01 00:00:00+00:00,1352.4,0.07846889952153124,0.0908927621227243,False,False
1978-11-01 00:00:00+00:00,1359.2,0.07667934093789608,0.08787628152729636,False,False
1978-12-01 00:00:00+00:00,1366.1,0.07533060453400497,0.08518104109489767,False,False
1979-01-01 00:00:00+00:00,1371.6,0.07181370633742268,0.08290175323530989,False,False
1979-02-01 00:00:00+00:00,1377.7,0.07180644157460714,0.08069736276045326,False,False
1979-03-01 00:00:00+00:00,1387.7,0.07398808141784707,0.07904499793059479,False,False
1979-04-01 00:00:00+00:00,1402.1,0.07828962547104501,0.07793898956900004,True,False
1979-05-01 00:00:00+00:00,1410.2,0.07607783288821057,0.07746773767358112,False,True
1979-06-01 00:00:00+00:00,1423.0,0.07925673113386433,0.07681141702027582,True,False
1979-07-01 00:00:00+00:00,1434.8,0.08352212656698388,0.076525303206761,True,True
1979-08-01 00:00:00+00:00,1446.6,0.08481439820022496,0.07686935173901129,True,True
1979-09-01 00:00:00+00:00,1454.2,0.08110921121106252,0.07744353679636978,True,True
1979-10-01 00:00:00+00:00,1460.4,0.07985803016858917,0.07759641664955837,True,True
1979-11-01 00:00:00+00:00,1465.9,0.07850206003531501,0.0777121775368132,True,True
1979-12-01 00:00:00+00:00,1473.9,0.0789107678793648,0.07786407079493145,True,True
1980-01-01 00:00:00+00:00,1482.7,0.08100029163021305,0.07816241774037809,True,True
1980-02-01 00:00:00+00:00,1494.4,0.08470639471583086,0.07892796651477729,True,True
1980-03-01 00:00:00+00:00,1499.7,0.08070908697845347,0.08000296260987927,True,True
1980-04-01 00:00:00+00:00,1502.2,0.07139291063404896,0.08056304640659646,False,True
1980-05-01 00:00:00+00:00,1512.4,0.07247198978868252,0.07998832017018014,False,False
1980-06-01 00:00:00+00:00,1529.2,0.07463106113843998,0.07968783324521946,False,False
1980-07-01 00:00:00+00:00,1545.5,0.07715361025926959,0.07930236074560076,False,False
1980-08-01 00:00:00+00:00,1561.5,0.07942762339278309,0.07877165105329124,True,False
1980-09-01 00:00:00+00:00,1574.0,0.08238206574061335,0.07832275315267108,True,True
1980-10-01 00:00:00+00:00,1584.7,0.08511366748835925,0.07842882436346699,True,True
1980-11-01 00:00:00+00:00,1595.7,0.08854628555836008,0.0788667941401145,True,True
1980-12-01 00:00:00+00:00,1599.9,0.08548748219010793,0.07970381293370159,True,True
1981-01-01 00:00:00+00:00,1607.0,0.08383354690766831,0.08025187245959685,True,True
1981-02-01 00:00:00+00:00,1618.6,0.08311027837259077,0.08048797706605144,True,True
1981-03-01 00:00:00+00:00,1636.5,0.09121824364872966,0.08035496737078145,True,True
1981-04-01 00:00:00+00:00,1659.2,0.10451338037544944,0.0812307304266378,True,True
1981-05-01 00:00:00+00:00,1664.3,0.10043639248875946,0.0839907695717545,True,True
1981-06-01 00:00:00+00:00,1670.4,0.09233586188856924,0.08632113646342758,True,True
1981-07-01 00:00:00+00:00,1681.9,0.08825622775800723,0.08779653652593834,True,True
1981-08-01 00:00:00+00:00,1694.3,0.08504642971501752,0.08872175465083315,False,True
1981-09-01 00:00:00+00:00,1706.0,0.08386277001270659,0.08918998851101935,False,False
1981-10-01 00:00:00+00:00,1721.7,0.08645169432700195,0.0893133805336938,False,False
1981-11-01 00:00:00+00:00,1736.0,0.08792379519959881,0.08942488277024735,False,False
1981-12-01 00:00:00+00:00,1755.5,0.09725607850490658,0.08937300857368391,True,False
1982-01-01 00:00:00+00:00,1770.4,0.10168014934660863,0.09035372493325046,True,True
1982-02-01 00:00:00+00:00,1774.4,0.09625602372420627,0.09184094180316216,True,True
1982-03-01 00:00:00+00:00,1786.4,0.09159792239535602,0.09293642058246344,False,True
1982-04-01 00:00:00+00:00,1804.0,0.0872709739633557,0.09296806047801565,False,False
1982-05-01 00:00:00+00:00,1815.7,0.09096917623024692,0.09153119327700783,False,False
1982-06-01 00:00:00+00:00,1826.2,0.0932710727969348,0.09074225858879846,True,False
1982-07-01 00:00:00+00:00,1831.6,0.08900648076580042,0.09082019283116226,False,True
1982-08-01 00:00:00+00:00,1845.1,0.08900430856400865,0.09088271391514502,False,False
1982-09-01 00:00:00+00:00,1858.3,0.0892731535756155,0.09121253715256095,False,False
1982-10-01 00:00:00+00:00,1869.4,0.08578730324679107,0.09166340244947002,False,False
1982-11-01 00:00:00+00:00,1883.4,0.08490783410138247,0.09160803652611911,False,False
1982-12-01 00:00:00+00:00,1905.9,0.08567359726573631,0.09135670643460109,False,False
1983-01-01 00:00:00+00:00,1959.4,0.10675553547220962,0.09039149966467024,True,False
1983-02-01 00:00:00+00:00,1996.7,0.12528178539224522,0.09081444850847031,True,True
1983-03-01 00:00:00+00:00,2015.2,0.1280788177339902,0.09323326198080689,True,True
1983-04-01 00:00:00+00:00,2028.9,0.12466740576496682,0.09627333659235975,True,True
1983-05-01 00:00:00+00:00,2043.6,0.12551632979016358,0.09938970590916067,True,True
1983-06-01 00:00:00+00:00,2053.8,0.12463038002409377,0.10226863537248705,True,True
1983-07-01 00:00:00+00:00,2064.9,0.12737497270146325,0.1048819109747503,True,True
1983-08-01 00:00:00+00:00,2073.9,0.12400411901793951,0.1080792853027222,True,True
1983-09-01 00:00:00+00:00,2083.0,0.12091696712048638,0.1109959361738831,True,True
1983-10-01 00:00:00+00:00,2098.8,0.12271317000106996,0.11363292063595569,True,True
1983-11-01 00:00:00+00:00,2111.9,0.1213231390039291,0.11671007619881225,True,True
1983-12-01 00:00:00+00:00,2123.4,0.11411931371005823,0.11974468494069114,False,True
1984-01-01 00:00:00+00:00,2138.0,0.09115035214861678,0.12211516131105131,False,False
1984-02-01 00:00:00+00:00,2158.2,0.08088345770521355,0.12081472936741856,False,False
1984-03-01 00:00:00+00:00,2175.3,0.079446208813021,0.11711486872683259,False,False
1984-04-01 00:00:00+00:00,2192.1,0.08043767558775672,0.11306215131675183,False,False
1984-05-01 00:00:00+00:00,2204.8,0.07888040712468203,0.10937634046865098,False,False
1984-06-01 00:00:00+00:00,2215.6,0.07878079657220738,0.10549001357986086,False,False
1984-07-01 00:00:00+00:00,2223.6,0.07685602208339382,0.10166921495887032,False,False
1984-08-01 00:00:00+00:00,2230.2,0.07536525386952109,0.09745930240736454,False,False
1984-09-01 00:00:00+00:00,2244.2,0.07738838214114252,0.09340606364499633,False,False
1984-10-01 00:00:00+00:00,2258.4,0.07604345340194385,0.08977868156338435,False,False
1984-11-01 00:00:00+00:00,2280.9,0.08002272834888013,0.08588953851345717,False,False
1984-12-01 00:00:00+00:00,2306.3,0.08613544315720079,0.08244783762553642,True,False
1985-01-01 00:00:00+00:00,2332.1,0.09078578110383528,0.0801158484127983,True,True
1985-02-01 00:00:00+00:00,2353.9,0.09067741636548998,0.08008546749239985,True,True
1985-03-01 00:00:00+00:00,2366.3,0.08780398106008369,0.08090163071408955,True,True
1985-04-01 00:00:00+00:00,2375.8,0.08380092149080798,0.08159811173467811,True,True
1985-05-01 00:00:00+00:00,2390.4,0.0841799709724238,0.08187838222659904,True,True
1985-06-01 00:00:00+00:00,2413.3,0.08923090810615641,0.08232001254724419,True,True
1985-07-01 00:00:00+00:00,2429.6,0.09264256161180073,0.08319085517507328,True,True
1985-08-01 00:00:00+00:00,2443.9,0.09582100260066384,0.08450640013577386,True,True
1985-09-01 00:00:00+00:00,2456.2,0.09446573389181001,0.08621104586336908,True,True
1985-10-01 00:00:00+00:00,2467.6,0.0926319518243004,0.08763415850925804,True,True
1985-11-01 00:00:00+00:00,2477.3,0.0861063615239599,0.08901653337778775,False,True
1985-12-01 00:00:00+00:00,2492.0,0.0805185795429908,0.0895235028090444,False,False
1986-01-01 00:00:00+00:00,2501.6,0.07268127438789085,0.08905543084119356,False,False
1986-02-01 00:00:00+00:00,2512.5,0.06737754365096227,0.0875467219481982,False,False
1986-03-01 00:00:00+00:00,2533.1,0.07048979419346657,0.08560506588865423,False,False
1986-04-01 00:00:00+00:00,2558.1,0.07673204815220114,0.08416221698310279,False,False
1986-05-01 00:00:00+00:00,2585.7,0.08170180722891551,0.08357314420488555,False,False
1986-06-01 00:00:00+00:00,2605.7,0.07972485807815,0.0833666305595932,False,False
1986-07-01 00:00:00+00:00,2626.6,0.08108330589397439,0.082574459723926,False,False
1986-08-01 00:00:00+00:00,2646.5,0.08290028233561109,0.08161118841410714,True,False
1986-09-01 00:00:00+00:00,2667.9,0.08619004967022237,0.08053446172535274,True,True
1986-10-01 00:00:00+00:00,2687.1,0.08895282865942611,0.07984482137355377,True,True
1986-11-01 00:00:00+00:00,2701.0,0.0902999233035966,0.07953822777648091,True,True
1986-12-01 00:00:00+00:00,2728.0,0.09470304975922961,0.0798876912581173,True,True
1987-01-01 00:00:00+00:00,2743.3,0.09661816437480031,0.08106973044280387,True,True
1987-02-01 00:00:00+00:00,2747.0,0.09333333333333327,0.08306447127504633,True,True
1987-03-01 00:00:00+00:00,2753.5,0.08700801389601676,0.08522745374857725,True,True
1987-04-01 00:00:00+00:00,2767.8,0.08197490324850487,0.0866039720571231,False,True
1987-05-01 00:00:00+00:00,2773.7,0.07270758401980126,0.08704087664848174,False,False
1987-06-01 00:00:00+00:00,2775.3,0.06508807614076839,0.08629135804772221,False,False
1987-07-01 00:00:00+00:00,2779.0,0.05802177720246715,0.08507162621960708,False,False
1987-08-01 00:00:00+00:00,2788.3,0.05358020026450028,0.08314983216198148,False,False
1987-09-01 00:00:00+00:00,2799.6,0.04936466884066104,0.08070649198938891,False,False
1987-10-01 00:00:00+00:00,2814.7,0.04748613747162356,0.07763771025359213,False,False
1987-11-01 00:00:00+00:00,2818.9,0.04365049981488345,0.07418215265460859,False,False
1987-12-01 00:00:00+00:00,2826.7,0.036180351906158315,0.07029470069721583,False,False
1988-01-01 00:00:00+00:00,2846.9,0.03776473590201568,0.06541780920945989,False,False
1988-02-01 00:00:00+00:00,2869.6,0.044630506006552606,0.06051335683672784,False,False
1988-03-01 00:00:00+00:00,2890.2,0.04964590521154877,0.05645478789282945,False,False
1988-04-01 00:00:00+00:00,2910.4,0.05152106366066911,0.05334127883579045,False,False
1988-05-01 00:00:00+00:00,2926.6,0.05512492338753283,0.050803458870137465,True,False
1988-06-01 00:00:00+00:00,2939.0,0.058984614275934044,0.04933823715078176,True,True
1988-07-01 00:00:00+00:00,2947.2,0.060525368837711424,0.04882961532871224,True,True
1988-08-01 00:00:00+00:00,2952.1,0.05874547215148995,0.049038247964982594,True,True
1988-09-01 00:00:00+00:00,2957.2,0.056293756250892946,0.049468687288898396,True,True
1988-10-01 00:00:00+00:00,2965.4,0.05354034177709899,0.05004611123975106,True,True
1988-11-01 00:00:00+00:00,2980.3,0.05725637660080185,0.05055062826520734,True,True
1988-12-01 00:00:00+00:00,2988.8,0.05734602186294979,0.05168445133070054,True,True
1989-01-01 00:00:00+00:00,2991.2,0.050686711862025335,0.053448257160433166,False,True
1989-02-01 00:00:00+00:00,2991.2,0.0423752439364371,0.05452508849043397,False,False
1989-03-01 00:00:00+00:00,2998.9,0.03760985398934347,0.054337149984591014,False,False
1989-04-01 00:00:00+00:00,3005.5,0.032675920835623984,0.0533341457160739,False,False
1989-05-01 00:00:00+00:00,3012.1,0.029214788491765287,0.05176371714732014,False,False
1989-06-01 00:00:00+00:00,3028.6,0.03048656005444017,0.04960453923933952,False,False
1989-07-01 00:00:00+00:00,3052.5,0.035728827361563686,0.04722970138754836,False,False
1989-08-01 00:00:00+00:00,3074.6,0.041495884285762674,0.04516332293120271,False,False
1989-09-01 00:00:00+00:00,3092.9,0.04588800216420941,0.04372585727572544,True,False
1989-10-01 00:00:00+00:00,3114.3,0.05021245025966148,0.042858711101835145,True,True
1989-11-01 00:00:00+00:00,3133.6,0.051437774720665574,0.04258138680871535,True,True
1989-12-01 00:00:00+00:00,3153.4,0.05507226980728053,0.042096503318703994,True,True
1990-01-01 00:00:00+00:00,3166.3,0.058538379245787864,0.04190702398073156,True,True
1990-02-01 00:00:00+00:00,3178.2,0.06251671569938488,0.042561329596045104,True,True
1990-03-01 00:00:00+00:00,3189.2,0.06345660075360948,0.04423978557629075,True,True
1990-04-01 00:00:00+00:00,3201.2,0.06511395774413575,0.04639368113997958,True,True
1990-05-01 00:00:00+00:00,3201.3,0.06281331961090286,0.04909685088235557,True,True
1990-06-01 00:00:00+00:00,3214.6,0.06141451495740613,0.05189672847561703,True,True
1990-07-01 00:00:00+00:00,3224.7,0.05641277641277642,0.054474058050864194,True,True
1990-08-01 00:00:00+00:00,3242.1,0.05447863136668185,0.056197720471798586,False,True
1990-09-01 00:00:00+00:00,3254.7,0.0523133628633321,0.057279616061875184,False,False
1990-10-01 00:00:00+00:00,3259.2,0.04652730950775452,0.057815062786802075,False,False
1990-11-01 00:00:00+00:00,3262.8,0.041230533571610994,0.05750796772414316,False,False
1990-12-01 00:00:00+00:00,3272.5,0.03776875753155329,0.05665736429505528,False,False
1991-01-01 00:00:00+00:00,3287.4,0.038246533809177974,0.05521540493874468,False,False
1991-02-01 00:00:00+00:00,3303.6,0.03945629601661316,0.05352441781902719,False,False
1991-03-01 00:00:00+00:00,3321.0,0.041326978552615135,0.051602716178796214,False,False
1991-04-01 00:00:00+00:00,3331.9,0.04082843933524938,0.04975858099538002,False,False
1991-05-01 00:00:00+00:00,3343.6,0.04445069190641293,0.04773478779463949,False,False
1991-06-01 00:00:00+00:00,3352.8,0.042991351956697565,0.046204568819265324,False,False
1991-07-01 00:00:00+00:00,3356.2,0.040778987192606975,0.044669305235872946,False,False
1991-08-01 00:00:00+00:00,3355.0,0.03482310847907222,0.04336648946752549,False,False
1991-09-01 00:00:00+00:00,3355.0,0.030816972378406637,0.04172852922689135,False,False
1991-10-01 00:00:00+00:00,3360.0,0.030927835051546504,0.039937163353147564,False,False
1991-11-01 00:00:00+00:00,3365.8,0.031567978423439946,0.03863720714846356,False,False
1991-12-01 00:00:00+00:00,3373.0,0.030710466004583603,0.03783199421944931,False,False
1992-01-01 00:00:00+00:00,3380.9,0.02844192979254112,0.0372438032588685,False,False
1992-02-01 00:00:00+00:00,3399.3,0.028968398111151483,0.036426752924148764,False,False
1992-03-01 00:00:00+00:00,3403.1,0.024721469436916665,0.03555276143202696,False,False
1992-04-01 00:00:00+00:00,3399.2,0.020198685434736907,0.03416896900571875,False,False
1992-05-01 00:00:00+00:00,3399.1,0.016598875463572194,0.03244982284734271,False,False
1992-06-01 00:00:00+00:00,3394.0,0.012288236697685528,0.03012883814377265,False,False
1992-07-01 00:00:00+00:00,3393.9,0.011232942017758152,0.02757024520552165,False,False
1992-08-01 00:00:00+00:00,3398.7,0.013025335320417275,0.025108074774284245,False,False
1992-09-01 00:00:00+00:00,3410.4,0.016512667660208757,0.023291593677729667,False,False
1992-10-01 00:00:00+00:00,3423.9,0.019017857142857197,0.02209956828454651,False,False
1992-11-01 00:00:00+00:00,3426.9,0.01815318794937304,0.02110707012548907,False,False
1992-12-01 00:00:00+00:00,3425.3,0.015505484731692887,0.019989170919316828,False,False
1993-01-01 00:00:00+00:00,3418.9,0.011239610754532725,0.018722089146575933,False,False
1993-02-01 00:00:00+00:00,3413.8,0.004265584090842323,0.017288562560075233,False,False
1993-03-01 00:00:00+00:00,3410.9,0.0022920278569540375,0.01522999472504947,False,False
1993-04-01 00:00:00+00:00,3410.7,0.0033831489762297107,0.013360874593385919,False,False
1993-05-01 00:00:00+00:00,3437.5,0.011297108058015315,0.011959579888510319,False,False
1993-06-01 00:00:00+00:00,3442.7,0.014348850913376454,0.011517765938047245,True,False
1993-07-01 00:00:00+00:00,3441.9,0.014143021302925884,0.011689483789354823,True,True
1993-08-01 00:00:00+00:00,3445.6,0.01379939388589757,0.011931990396452133,True,True
1993-09-01 00:00:00+00:00,3452.6,0.012373915083274678,0.011996495276908825,True,True
1993-10-01 00:00:00+00:00,3456.9,0.009638131954788465,0.011651599228830986,False,True
1993-11-01 00:00:00+00:00,3470.7,0.012781230850039238,0.01086995546315859,True,False
1993-12-01 00:00:00+00:00,3475.0,0.014509677984410052,0.01042229237154744,True,True
1994-01-01 00:00:00+00:00,3474.8,0.01635028810436112,0.010339308475940537,True,True
1994-02-01 00:00:00+00:00,3475.1,0.017956529380748654,0.010765198255092904,True,True
1994-03-01 00:00:00+00:00,3479.2,0.020024040575800983,0.011906110362585098,True,True
1994-04-01 00:00:00+00:00,3480.5,0.02046500718327615,0.013383778089155677,True,True
1994-05-01 00:00:00+00:00,3491.4,0.015679999999999916,0.014807266273076214,True,True
1994-06-01 00:00:00+00:00,3479.8,0.01077642548000135,0.015172507268241597,False,True
1994-07-01 00:00:00+00:00,3488.1,0.01342281879194629,0.014874805148793671,False,False
1994-08-01 00:00:00+00:00,3485.6,0.011609008590666381,0.014814788272878706,False,False
1994-09-01 00:00:00+00:00,3486.7,0.00987661472513457,0.014632256164942773,False,False
1994-10-01 00:00:00+00:00,3484.8,0.008070814891955269,0.014424147801764431,False,False
1994-11-01 00:00:00+00:00,3487.8,0.004926959979254963,0.014293538046528331,False,False
1994-12-01 00:00:00+00:00,3486.7,0.003366906474820075,0.013639015473962976,False,False
1995-01-01 00:00:00+00:00,3492.2,0.005007482445032796,0.012710451181497143,False,False
1995-02-01 00:00:00+00:00,3489.2,0.004057437196051783,0.011765217376553117,False,False
1995-03-01 00:00:00+00:00,3489.9,0.003075419636698218,0.010606959694495044,False,False
1995-04-01 00:00:00+00:00,3498.2,0.005085476224680363,0.00919457461623648,False,False
1995-05-01 00:00:00+00:00,3525.1,0.00965228848026567,0.007912947036353498,True,False
1995-06-01 00:00:00+00:00,3549.4,0.020001149491350123,0.00741063774304231,True,True
1995-07-01 00:00:00+00:00,3567.5,0.02276310885582422,0.008179364743988041,True,True
1995-08-01 00:00:00+00:00,3588.9,0.0296362175809044,0.008957722249311203,True,True
1995-09-01 00:00:00+00:00,3602.9,0.033326641236699484,0.010459989665164371,True,True
1995-10-01 00:00:00+00:00,3614.1,0.03710399449035795,0.012414158541128114,True,True
1995-11-01 00:00:00+00:00,3620.4,0.03801823499053847,0.014833590174328337,True,True
1995-12-01 00:00:00+00:00,3629.8,0.04104167264175307,0.01759119642526863,True,True
1996-01-01 00:00:00+00:00,3647.4,0.04444189908939933,0.020730760272513044,True,True
1996-02-01 00:00:00+00:00,3660.8,0.049180327868852514,0.02401696165954359,True,True
1996-03-01 00:00:00+00:00,3685.4,0.05601879710020352,0.027777202548943652,True,True
1996-04-01 00:00:00+00:00,3696.4,0.05665770967926376,0.032189150670902424,True,True
1996-05-01 00:00:00+00:00,3710.7,0.05265098862443618,0.036486836792117706,True,True
1996-06-01 00:00:00+00:00,3723.3,0.04899419620217493,0.04007006180413192,True,True
1996-07-01 00:00:00+00:00,3737.5,0.047652417659425295,0.04248614903003398,True,True
1996-08-01 00:00:00+00:00,3744.1,0.043244448159603266,0.04456025809700074,False,True
1996-09-01 00:00:00+00:00,3754.2,0.04199394931860434,0.045694277311892316,False,False
1996-10-01 00:00:00+00:00,3773.4,0.04407736365900239,0.046416552985384385,False,False
1996-11-01 00:00:00+00:00,3795.5,0.04836482156667765,0.04699766708277142,True,False
1996-12-01 00:00:00+00:00,3818.7,0.052041434789795504,0.04785988263078302,True,True
1997-01-01 00:00:00+00:00,3834.0,0.05115973021878606,0.04877652947645322,True,True
1997-02-01 00:00:00+00:00,3845.0,0.050316870629370625,0.04933634873723545,True,True
1997-03-01 00:00:00+00:00,3859.5,0.047240462365007785,0.04943106063394529,False,True
1997-04-01 00:00:00+00:00,3875.8,0.048533708473109005,0.04869953273934565,False,False
1997-05-01 00:00:00+00:00,3890.5,0.048454469507101194,0.04802253263883275,True,False
1997-06-01 00:00:00+00:00,3907.1,0.04936481078613042,0.04767282271238817,True,True
1997-07-01 00:00:00+00:00,3924.9,0.050140468227424684,0.04770370726105113,True,True
1997-08-01 00:00:00+00:00,3957.7,0.05704975828637049,0.04791104480838441,True,True
1997-09-01 00:00:00+00:00,3973.7,0.05846784934207028,0.04906148731894835,True,True
1997-10-01 00:00:00+00:00,3992.7,0.05811734775003963,0.05043431232090384,True,True
1997-11-01 00:00:00+00:00,4015.0,0.05783164273481756,0.05160431099515694,True,True
1997-12-01 00:00:00+00:00,4033.0,0.056118574383952735,0.052393212759168604,True,True
1998-01-01 00:00:00+00:00,4055.2,0.057694314032342264,0.05273297439201504,True,True
1998-02-01 00:00:00+00:00,4087.3,0.06301690507152147,0.053277523043144724,True,True
1998-03-01 00:00:00+00:00,4112.4,0.06552662261951014,0.05433585924665729,True,True
1998-04-01 00:00:00+00:00,4138.9,0.06788275968832225,0.05585970593453249,True,True
1998-05-01 00:00:00+00:00,4165.9,0.07078781647603116,0.05747212686913359,True,True
1998-06-01 00:00:00+00:00,4185.6,0.07128048936551412,0.05933323911654442,True,True
1998-07-01 00:00:00+00:00,4205.4,0.07146678896277603,0.0611595456648264,True,True
1998-08-01 00:00:00+00:00,4229.3,0.06862571695681852,0.06293673905943901,True,True
1998-09-01 00:00:00+00:00,4268.3,0.07413745375846204,0.06390140228197634,True,True
1998-10-01 00:00:00+00:00,4308.2,0.07901921005835644,0.065207202650009,True,True
1998-11-01 00:00:00+00:00,4346.8,0.08264009962640095,0.06694902450903539,True,True
1998-12-01 00:00:00+00:00,4375.5,0.08492437391519969,0.06901639591666735,True,True
1999-01-01 00:00:00+00:00,4401.7,0.0854458473071611,0.07141687921093792,True,True
1999-02-01 00:00:00+00:00,4423.7,0.08230372128299845,0.0737295069838395,True,True
1999-03-01 00:00:00+00:00,4430.1,0.0772541581558217,0.07533674166812925,True,True
1999-04-01 00:00:00+00:00,4459.9,0.07755683877358721,0.0763140362961552,True,True
1999-05-01 00:00:00+00:00,4487.9,0.07729422213687309,0.07712020955326061,True,True
1999-06-01 00:00:00+00:00,4510.1,0.07752771406727832,0.07766241002499745,False,True
1999-07-01 00:00:00+00:00,4537.6,0.07899367479906805,0.07818301208347779,True,False
1999-08-01 00:00:00+00:00,4553.6,0.07667935592178377,0.07881025256983547,False,True
1999-09-01 00:00:00+00:00,4569.5,0.07056673617130937,0.07948138915024923,False,False
1999-10-01 00:00:00+00:00,4592.9,0.06608328304164157,0.07918382935131985,False,False
1999-11-01 00:00:00+00:00,4611.9,0.060987393024753755,0.07810583543326027,False,False
1999-12-01 00:00:00+00:00,4639.1,0.06024454348074504,0.07630144321645634,False,False
2000-01-01 00:00:00+00:00,4666.1,0.06006770111547821,0.07424479068025179,False,False
2000-02-01 00:00:00+00:00,4678.7,0.057644053620272695,0.07212994516427822,False,False
2000-03-01 00:00:00+00:00,4709.1,0.06297826234170789,0.07007497285905107,False,False
2000-04-01 00:00:00+00:00,4766.4,0.0687235139801341,0.06888531487454158,False,False
2000-05-01 00:00:00+00:00,4757.5,0.060072639764700675,0.06814920447508716,False,False
2000-06-01 00:00:00+00:00,4775.8,0.05891221924125856,0.06671407261073946,False,False
2000-07-01 00:00:00+00:00,4793.4,0.05637341325810974,0.0651627813752378,False,False
2000-08-01 00:00:00+00:00,4820.4,0.058591004919184675,0.06327775958015795,False,False
2000-09-01 00:00:00+00:00,4855.9,0.06267644162380992,0.061770396996608024,True,False
2000-10-01 00:00:00+00:00,4871.4,0.0606370702606196,0.06111287245098307,False,True
2000-11-01 00:00:00+00:00,4882.6,0.05869598213317739,0.060659021385897904,False,False
2000-12-01 00:00:00+00:00,4927.3,0.06212411890237335,0.06046807047826654,True,False
2001-01-01 00:00:00+00:00,4976.8,0.06658665695120125,0.06062470176340223,True,True
2001-02-01 00:00:00+00:00,5014.9,0.07185756727296044,0.06116794808304582,True,True
2001-03-01 00:00:00+00:00,5072.2,0.07710602875284023,0.06235240755410313,True,True
2001-04-01 00:00:00+00:00,5137.9,0.07794142329640819,0.0635297214216975,True,True
2001-05-01 00:00:00+00:00,5139.1,0.08021019442984767,0.064297880531387,True,True
2001-06-01 00:00:00+00:00,5182.3,0.08511662967460953,0.06597601008681592,True,True
2001-07-01 00:00:00+00:00,5212.0,0.0873284098969418,0.06815971095626183,True,True
2001-08-01 00:00:00+00:00,5244.4,0.08795950543523356,0.07073929400949784,True,True
2001-09-01 00:00:00+00:00,5355.9,0.10296752404291687,0.07318666905250192,True,True
2001-10-01 00:00:00+00:00,5344.0,0.09701523176089011,0.07654425925409415,True,True
2001-11-01 00:00:00+00:00,5387.5,0.10340802031704421,0.07957577271245003,True,True
2001-12-01 00:00:00+00:00,5440.1,0.10407322468694824,0.08330177589443893,True,True
2002-01-01 00:00:00+00:00,5459.6,0.09701012698923006,0.08679753470982017,True,True
2002-02-01 00:00:00+00:00,5488.4,0.09441863247522386,0.08933282387965591,True,True
2002-03-01 00:00:00+00:00,5499.8,0.08430266945309728,0.0912129126465112,False,True
2002-04-01 00:00:00+00:00,5501.3,0.07072928628427966,0.09181263270486595,False,False
2002-05-01 00:00:00+00:00,5530.1,0.07608336089976842,0.09121162128718857,False,False
2002-06-01 00:00:00+00:00,5555.3,0.07197576365706349,0.0908677184930153,False,False
2002-07-01 00:00:00+00:00,5597.6,0.07398311588641593,0.08977264632488646,False,False
2002-08-01 00:00:00+00:00,5638.5,0.07514682327816335,0.08866053849067597,False,False
2002-09-01 00:00:00+00:00,5662.9,0.0573199648985232,0.0875928149775868,False,False
2002-10-01 00:00:00+00:00,5707.3,0.06798278443113781,0.08378885171555399,False,False
2002-11-01 00:00:00+00:00,5758.0,0.06877030162412989,0.08136948110474129,False,False
2002-12-01 00:00:00+00:00,5779.0,0.06229664895865872,0.07848300454699843,False,False
2003-01-01 00:00:00+00:00,5811.1,0.06438200600776622,0.07500162323630764,False,False
2003-02-01 00:00:00+00:00,5846.8,0.06530136287442612,0.07228261315451899,False,False
2003-03-01 00:00:00+00:00,5866.3,0.06663878686497693,0.06985617402111917,False,False
2003-04-01 00:00:00+00:00,5904.9,0.07336447748713937,0.06838418380544248,True,False
2003-05-01 00:00:00+00:00,5967.0,0.07900399631109734,0.06860378307234745,True,True
2003-06-01 00:00:00+00:00,6003.9,0.08075171457887054,0.06884716935662487,True,True
2003-07-01 00:00:00+00:00,6050.4,0.08089181077604679,0.06957849860010878,True,True
2003-08-01 00:00:00+00:00,6107.0,0.08308947415092671,0.07015422317424469,True,True
2003-09-01 00:00:00+00:00,6080.0,0.07365484115912357,0.07081611074697497,True,True
2003-10-01 00:00:00+00:00,6070.2,0.06358523294727791,0.07217735043535833,False,True
2003-11-01 00:00:00+00:00,6075.5,0.05514067384508503,0.07181088781170335,False,False
2003-12-01 00:00:00+00:00,6073.5,0.05096037376708784,0.07067508549678293,False,False
2004-01-01 00:00:00+00:00,6081.3,0.046497220835986175,0.06973039589748536,False,False
2004-02-01 00:00:00+00:00,6120.7,0.04684613805842508,0.06823999713317036,False,False
2004-03-01 00:00:00+00:00,6156.3,0.04943490786355964,0.06670206173183695,False,False
2004-04-01 00:00:00+00:00,6198.5,0.04972141780555139,0.0652684051483855,False,False
2004-05-01 00:00:00+00:00,6277.2,0.051985922574157906,0.06329815017491984,False,False
2004-06-01 00:00:00+00:00,6279.3,0.045870184380153,0.06104664403017488,False,False
2004-07-01 00:00:00+00:00,6292.3,0.03998082771387024,0.05813984984694842,False,False
2004-08-01 00:00:00+00:00,6317.7,0.034501391845423335,0.05473060125843371,False,False
2004-09-01 00:00:00+00:00,6352.3,0.04478618421052638,0.05068159439964176,False,False
2004-10-01 00:00:00+00:00,6379.9,0.05101973575829466,0.04827587298725866,True,False
2004-11-01 00:00:00+00:00,6406.3,0.05444819356431574,0.047228748221510054,True,True
2004-12-01 00:00:00+00:00,6424.3,0.05775911747756646,0.04717104153144595,True,True
2005-01-01 00:00:00+00:00,6429.9,0.05732326969562429,0.04773760350731917,True,True
2005-02-01 00:00:00+00:00,6437.7,0.05179146176090965,0.048639774245622346,True,True
2005-03-01 00:00:00+00:00,6446.6,0.04715494696489775,0.04905188455416273,False,True
2005-04-01 00:00:00+00:00,6461.4,0.042413487133984074,0.048861887812607564,False,False
2005-05-01 00:00:00+00:00,6480.6,0.03240298222137272,0.048252893589976954,False,False
2005-06-01 00:00:00+00:00,6513.2,0.03724937493032665,0.04662098189391153,False,False
2005-07-01 00:00:00+00:00,6545.1,0.04017608823482677,0.045902581106426,False,False
2005-08-01 00:00:00+00:00,6576.7,0.040995932063883966,0.045918852816505706,False,False
2005-09-01 00:00:00+00:00,6610.2,0.04059946790926117,0.04646006450137743,False,False
2005-10-01 00:00:00+00:00,6644.0,0.04139563316039441,0.046111171476271993,False,False
2005-11-01 00:00:00+00:00,6660.6,0.039695299939122464,0.04530916292644697,False,False
2005-12-01 00:00:00+00:00,6687.4,0.040953878243543906,0.04407975512434753,False,False
2006-01-01 00:00:00+00:00,6728.4,0.04642373909392061,0.04267931852151232,True,False
2006-02-01 00:00:00+00:00,6753.1,0.04899265265545161,0.041771024304703676,True,True
2006-03-01 00:00:00+00:00,6766.9,0.049685105326838785,0.04153779021258217,True,True
2006-04-01 00:00:00+00:00,6806.3,0.05337852477791194,0.04174863674274393,True,True
2006-05-01 00:00:00+00:00,6815.7,0.05170817516896564,0.042662389879737916,True,True
2006-06-01 00:00:00+00:00,6854.0,0.05232451022538842,0.04427115595870399,True,True
2006-07-01 00:00:00+00:00,6896.1,0.05362790484484581,0.045527417233292476,True,True
2006-08-01 00:00:00+00:00,6926.4,0.053172563747776236,0.04664840195079406,True,True
2006-09-01 00:00:00+00:00,6952.8,0.051828991558500626,0.04766312125778508,True,True
2006-10-01 00:00:00+00:00,7002.1,0.0538982540638171,0.0485989148952217,True,True
2006-11-01 00:00:00+00:00,7037.3,0.05655646638440981,0.04964079997050693,True,True
2006-12-01 00:00:00+00:00,7079.3,0.05860274546161448,0.051045897174280874,True,True
2007-01-01 00:00:00+00:00,7115.6,0.05754711372688903,0.052516636109120086,True,True
2007-02-01 00:00:00+00:00,7131.9,0.05609275740030495,0.05344358399520079,True,True
2007-03-01 00:00:00+00:00,7164.7,0.05878615023127276,0.05403525939060524,True,True
2007-04-01 00:00:00+00:00,7239.9,0.06370568443941638,0.05479367979930807,True,True
2007-05-01 00:00:00+00:00,7257.1,0.0647622401220711,0.05565427643776677,True,True
2007-06-01 00:00:00+00:00,7290.6,0.06370002918004092,0.05674211518385889,True,True
2007-07-01 00:00:00+00:00,7321.8,0.06173054335058947,0.0576900750967466,True,True
2007-08-01 00:00:00+00:00,7397.0,0.06794294294294301,0.058365294972225236,True,True
2007-09-01 00:00:00+00:00,7413.8,0.06630422275917613,0.0595961599051558,True,True
2007-10-01 00:00:00+00:00,7429.0,0.060967424058496755,0.06080242917187876,True,True
2007-11-01 00:00:00+00:00,7454.0,0.05921305045969327,0.0613915266714354,False,True
2007-12-01 00:00:00+00:00,7482.7,0.05698303504583779,0.06161290867770902,False,False
2008-01-01 00:00:00+00:00,7513.6,0.05593344201472816,0.06147793280972763,False,False
2008-02-01 00:00:00+00:00,7600.3,0.06567674813163404,0.06134346016704756,True,False
2008-03-01 00:00:00+00:00,7664.9,0.06981450723686966,0.062142126061324986,True,True
2008-04-01 00:00:00+00:00,7711.4,0.06512520891172535,0.06306115581179139,True,True
2008-05-01 00:00:00+00:00,7728.3,0.06492951730029906,0.06317944951781714,True,True
2008-06-01 00:00:00+00:00,7747.3,0.06264230653169833,0.06319338928266947,False,True
2008-07-01 00:00:00+00:00,7794.9,0.06461525854298111,0.06310524572864092,True,False
2008-08-01 00:00:00+00:00,7808.8,0.055671218061376315,0.06334563866134023,False,True
2008-09-01 00:00:00+00:00,7873.6,0.06201947719118395,0.062322994921209664,False,False
2008-10-01 00:00:00+00:00,7976.3,0.07367074976443666,0.06196593279054365,True,False
2008-11-01 00:00:00+00:00,8027.8,0.07697880332707263,0.06302454326603864,True,True
2008-12-01 00:00:00+00:00,8203.0,0.09626204444919617,0.06450502267165359,True,True
2009-01-01 00:00:00+00:00,8284.2,0.10256068994889267,0.06777827345526678,True,True
2009-02-01 00:00:00+00:00,8314.7,0.09399628962014672,0.07166387744978049,True,True
2009-03-01 00:00:00+00:00,8380.5,0.09336064397448118,0.07402383924048989,True,True
2009-04-01 00:00:00+00:00,8390.2,0.08802552065772762,0.07598601730195752,True,True
2009-05-01 00:00:00+00:00,8452.9,0.09375930023420409,0.07789437661412436,True,True
2009-06-01 00:00:00+00:00,8462.9,0.09236766357311565,0.08029685852528312,True,True
2009-07-01 00:00:00+00:00,8467.3,0.08626152997472691,0.0827739716120679,True,True
2009-08-01 00:00:00+00:00,8466.2,0.08418707099682421,0.08457782756471338,False,True
2009-09-01 00:00:00+00:00,8462.7,0.07481965047754535,0.08695414864266737,False,False
2009-10-01 00:00:00+00:00,8489.2,0.06430299763048031,0.08802082974986415,False,False
2009-11-01 00:00:00+00:00,8517.9,0.061050350033633016,0.08724018373870113,False,False
2009-12-01 00:00:00+00:00,8510.6,0.03749847616725588,0.08591281263091449,False,False
2010-01-01 00:00:00+00:00,8473.1,0.022802443205137468,0.08101584860741946,False,False
2010-02-01 00:00:00+00:00,8523.4,0.02510012387698879,0.07436932804543987,False,False
2010-03-01 00:00:00+00:00,8519.0,0.01652646023506943,0.0686279809001767,False,False
2010-04-01 00:00:00+00:00,8554.3,0.01955853257371687,0.062225132255225725,False,False
2010-05-01 00:00:00+00:00,8612.0,0.01882194276520499,0.0565195499148915,False,False
2010-06-01 00:00:00+00:00,8631.0,0.01986316747214323,0.05027477012580824,False,False
2010-07-01 00:00:00+00:00,8642.3,0.02066774532613702,0.04423272878406054,False,False
2010-08-01 00:00:00+00:00,8690.5,0.026493586260659896,0.03876658006334471,False,False
2010-09-01 00:00:00+00:00,8719.6,0.030356741938152076,0.033958789668664356,False,False
2010-10-01 00:00:00+00:00,8769.8,0.03305376242755487,0.030253547290381582,True,False
2010-11-01 00:00:00+00:00,8790.3,0.03197971330961846,0.02764944435680446,True,True
2010-12-01 00:00:00+00:00,8822.0,0.036589664653490894,0.025226891296469916,True,True
2011-01-01 00:00:00+00:00,8844.5,0.04383283567997531,0.025151157003656166,True,True
2011-02-01 00:00:00+00:00,8909.9,0.04534575404181429,0.026903689709892653,True,True
2011-03-01 00:00:00+00:00,8967.7,0.052670501232539024,0.028590825556961446,True,True
2011-04-01 00:00:00+00:00,9033.6,0.05603030055060043,0.03160282897341724,True,True
2011-05-01 00:00:00+00:00,9109.4,0.05775661867162096,0.034642142971490875,True,True
2011-06-01 00:00:00+00:00,9184.2,0.06409454292665973,0.03788669929702554,True,True
2011-07-01 00:00:00+00:00,9346.9,0.08152922254492445,0.04157264725156858,True,True
2011-08-01 00:00:00+00:00,9532.5,0.09688740578792943,0.046644437019800866,True,True
2011-09-01 00:00:00+00:00,9553.3,0.0956121840451396,0.05251058864707333,True,True
2011-10-01 00:00:00+00:00,9586.2,0.09309220278683683,0.05794854215598896,True,True
2011-11-01 00:00:00+00:00,9639.5,0.09660648669556227,0.06295174551926246,True,True
2011-12-01 00:00:00+00:00,9683.5,0.09765359328950352,0.0683373099680911,True,True
2012-01-01 00:00:00+00:00,9753.3,0.10275312341002873,0.07342597068775882,True,True
2012-02-01 00:00:00+00:00,9806.3,0.1006071897552161,0.07833599466526327,True,True
2012-03-01 00:00:00+00:00,9849.3,0.09830837338447962,0.08294111430804675,True,True
2012-04-01 00:00:00+00:00,9905.0,0.0964620970598653,0.08674427032070847,True,True
2012-05-01 00:00:00+00:00,9951.9,0.0924868816826574,0.09011358669648055,True,True
2012-06-01 00:00:00+00:00,10023.7,0.09140698155527982,0.09300777528073358,False,True
2012-07-01 00:00:00+00:00,10076.0,0.07800447207095407,0.09528381183311858,False,False
2012-08-01 00:00:00+00:00,10147.8,0.06454760031471274,0.0949900826269544,False,False
2012-09-01 00:00:00+00:00,10228.4,0.0706666806234495,0.09229509883751967,False,False
2012-10-01 00:00:00+00:00,10294.4,0.07387703156620962,0.09021630688571215,False,False
2012-11-01 00:00:00+00:00,10365.6,0.07532548368691327,0.08861504261732656,False,False
2012-12-01 00:00:00+00:00,10485.4,0.08281096710899982,0.08684162569993914,False,False
2013-01-01 00:00:00+00:00,10502.3,0.07679452082884763,0.08560474018489717,False,False
2013-02-01 00:00:00+00:00,10523.0,0.07308566941659955,0.08344152330313208,False,False
2013-03-01 00:00:00+00:00,10578.7,0.07405602428599001,0.08114806327491403,False,False
2013-04-01 00:00:00+00:00,10608.9,0.07106511862695597,0.07912703418337323,False,False
2013-05-01 00:00:00+00:00,10646.5,0.06979571740069734,0.07701061931396412,False,False
2013-06-01 00:00:00+00:00,10705.6,0.06802877181080835,0.07511968895713411,False,False
2013-07-01 00:00:00+00:00,10743.0,0.066196903533148,0.07317150481176149,False,False
2013-08-01 00:00:00+00:00,10803.6,0.0646248447939457,0.07218754076694432,False,False
2013-09-01 00:00:00+00:00,10865.8,0.062316686871846994,0.0721939778068804,False,False
2013-10-01 00:00:00+00:00,10989.2,0.06749300590612384,0.07149814499424685,False,False
2013-11-01 00:00:00+00:00,10999.8,0.061183144246353294,0.07096614285590637,False,False
2013-12-01 00:00:00+00:00,11062.4,0.05502889732389793,0.06978761456919304,False,False
2014-01-01 00:00:00+00:00,11127.5,0.05952981727812001,0.06747244208710122,False,False
2014-02-01 00:00:00+00:00,11191.9,0.06356552313978892,0.06603371679120724,False,False
2014-03-01 00:00:00+00:00,11228.8,0.06145367578246841,0.0652403712681397,False,False
2014-04-01 00:00:00+00:00,11276.0,0.06288116581360947,0.0641901755595129,False,False
2014-05-01 00:00:00+00:00,11343.1,0.06542995350584713,0.06350817949173403,True,False
2014-06-01 00:00:00+00:00,11398.4,0.06471379464952909,0.06314436583382983,True,True
2014-07-01 00:00:00+00:00,11452.5,0.06604300474727731,0.06286811773705657,True,True
2014-08-01 00:00:00+00:00,11477.8,0.06240512421785316,0.062855292838234,False,True
2014-09-01 00:00:00+00:00,11520.7,0.06027167810929712,0.06267031612355962,False,False
2014-10-01 00:00:00+00:00,11596.5,0.055263349470389134,0.06249989872668047,False,False
2014-11-01 00:00:00+00:00,11638.9,0.05810105638284346,0.06148076069036925,False,False
2014-12-01 00:00:00+00:00,11721.2,0.05955308070581444,0.06122392003507676,False,False
2015-01-01 00:00:00+00:00,11806.2,0.060993035272972396,0.06160093531690314,False,False
2015-02-01 00:00:00+00:00,11920.7,0.0651185232176843,0.061722870149807506,True,False
2015-03-01 00:00:00+00:00,11919.1,0.061475847819891793,0.06185228682296545,False,True
2015-04-01 00:00:00+00:00,11953.4,0.0600744945015963,0.061854134492750734,False,False
2015-05-01 00:00:00+00:00,11981.9,0.05631617459072036,0.061620245216749636,False,False
2015-06-01 00:00:00+00:00,12020.9,0.05461292813026386,0.06086076364048907,False,False
2015-07-01 00:00:00+00:00,12063.5,0.05335079676926435,0.060019024763883634,False,False
2015-08-01 00:00:00+00:00,12110.1,0.055088954329227,0.05896134076571589,False,False
2015-09-01 00:00:00+00:00,12172.7,0.05659378336385812,0.05835165994166371,False,False
2015-10-01 00:00:00+00:00,12228.4,0.05449057905402488,0.05804516871287713,False,False
2015-11-01 00:00:00+00:00,12322.7,0.05875125656204627,0.0579807711781801,True,False
2015-12-01 00:00:00+00:00,12393.6,0.057366139985666864,0.058034954526447004,False,True
2016-01-01 00:00:00+00:00,12522.2,0.06064610120106395,0.057852709466434706,True,False
2016-02-01 00:00:00+00:00,12604.4,0.05735401444546029,0.05782379829377567,False,True
2016-03-01 00:00:00+00:00,12662.2,0.06234531130706178,0.05717675589609034,True,False
2016-04-01 00:00:00+00:00,12741.9,0.0659644954573595,0.05724921118668783,True,True
2016-05-01 00:00:00+00:00,12800.7,0.06833640741451696,0.057740044599668104,True,True
2016-06-01 00:00:00+00:00,12849.3,0.06891330931960171,0.05874173066831782,True,True
2016-07-01 00:00:00+00:00,12907.3,0.06994653292991249,0.05993342910076264,True,True
2016-08-01 00:00:00+00:00,12986.7,0.0723858597369138,0.061316407114149984,True,True
2016-09-01 00:00:00+00:00,13052.7,0.07229291775859092,0.06275781589812389,True,True
2016-10-01 00:00:00+00:00,13124.5,0.07328023290046115,0.06406607709768496,True,True
2016-11-01 00:00:00+00:00,13214.2,0.07234615790370613,0.06563188158488797,True,True
2016-12-01 00:00:00+00:00,13240.6,0.06834172476116707,0.06676479003002629,True,True
2017-01-01 00:00:00+00:00,13318.9,0.06362300554215694,0.06767942209465132,False,True
2017-02-01 00:00:00+00:00,13395.2,0.06273999555710708,0.06792749745640907,False,False
2017-03-01 00:00:00+00:00,13464.6,0.06336971458356366,0.06837632921571296,False,False
2017-04-01 00:00:00+00:00,13520.3,0.061089790376631425,0.06846169615542146,False,False
2017-05-01 00:00:00+00:00,13567.4,0.059895161983329004,0.06805547073202745,False,False
2017-06-01 00:00:00+00:00,13577.0,0.05663343528441245,0.06735203361276178,False,False
2017-07-01 00:00:00+00:00,13638.5,0.056650112726906565,0.066328710776496,False,False
2017-08-01 00:00:00+00:00,13695.0,0.054540414423987604,0.06522067575957885,False,False
2017-09-01 00:00:00+00:00,13743.0,0.05288560987381907,0.063733555316835,False,False
2017-10-01 00:00:00+00:00,13801.5,0.051582917444474186,0.06211627965977068,False,False
2017-11-01 00:00:00+00:00,13849.1,0.04804679814139323,0.060308170038438434,False,False
2017-12-01 00:00:00+00:00,13887.3,0.04884219748349761,0.05828322339157902,False,False
2018-01-01 00:00:00+00:00,13902.4,0.043809924242993015,0.05665826278510657,False,False
2018-02-01 00:00:00+00:00,13949.8,0.0414028905876731,0.05500717267684291,False,False
2018-03-01 00:00:00+00:00,14014.5,0.04084042600597115,0.053229080596056744,False,False
2018-04-01 00:00:00+00:00,14034.8,0.038053889336775004,0.05135163988125737,False,False
2018-05-01 00:00:00+00:00,14091.0,0.0385925085130534,0.049431981461269335,False,False
2018-06-01 00:00:00+00:00,14133.2,0.040966340134050316,0.047656760338746364,False,False
2018-07-01 00:00:00+00:00,14170.0,0.038970561278732996,0.04635116907621619,False,False
2018-08-01 00:00:00+00:00,14221.3,0.03843008397225267,0.04487787312220173,False,False
2018-09-01 00:00:00+00:00,14243.9,0.036447646074365014,0.04353534558455715,False,False
2018-10-01 00:00:00+00:00,14257.6,0.03304713255805525,0.04216551526793597,False,False
2018-11-01 00:00:00+00:00,14288.4,0.03172047281050738,0.040620866527401066,False,False
2018-12-01 00:00:00+00:00,14392.0,0.03634255758858829,0.03926033941649391,False,False
2019-01-01 00:00:00+00:00,14460.2,0.04012256876510545,0.0382187027585848,True,False
2019-02-01 00:00:00+00:00,14506.6,0.03991455074624728,0.0379114231354275,True,True
2019-03-01 00:00:00+00:00,14559.5,0.03888829426665241,0.037787394815308684,True,True
2019-04-01 00:00:00+00:00,14594.0,0.03984381679824445,0.03762471717036545,True,True
2019-05-01 00:00:00+00:00,14703.2,0.04344617131502382,0.037773877792154575,True,True
2019-06-01 00:00:00+00:00,14798.8,0.04709478391305577,0.03817834969231878,True,True
2019-07-01 00:00:00+00:00,14882.7,0.0502964008468596,0.038689053340569234,True,True
2019-08-01 00:00:00+00:00,14974.4,0.05295577760120396,0.039632873304579784,True,True
2019-09-01 00:00:00+00:00,15047.2,0.05639607130069724,0.040843347773659056,True,True
2019-10-01 00:00:00+00:00,15185.6,0.06508809336774779,0.042505716542520076,True,True
2019-11-01 00:00:00+00:00,15301.3,0.07088967274152447,0.045175796609994455,True,True
2019-12-01 00:00:00+00:00,15351.5,0.06666898276820454,0.04843989660424588,True,True
2020-01-01 00:00:00+00:00,15425.0,0.06672106886488427,0.05096709870254723,True,True
2020-02-01 00:00:00+00:00,15492.8,0.06798284918588782,0.0531836403775288,True,True
2020-03-01 00:00:00+00:00,16034.4,0.10130155568529142,0.05552266524749885,True,True
2020-04-01 00:00:00+00:00,17064.0,0.16924763601480053,0.060723770365718764,True,True
2020-05-01 00:00:00+00:00,17931.9,0.21959165351760168,0.07150742196709843,True,True
2020-06-01 00:00:00+00:00,18180.0,0.2284779847014624,0.08618621215064659,True,True
2020-07-01 00:00:00+00:00,18331.4,0.23172542616595115,0.10130147888301382,True,True
2020-08-01 00:00:00+00:00,18413.3,0.22965193930975536,0.11642056432627144,True,True
2020-09-01 00:00:00+00:00,18605.0,0.23644266042851814,0.13114524446865072,True,True
2020-10-01 00:00:00+00:00,18759.9,0.23537430197028764,0.14614912689596912,True,True
2020-11-01 00:00:00+00:00,19002.4,0.24188140876918962,0.1603396442795141,True,True
2020-12-01 00:00:00+00:00,19119.4,0.24544181350356653,0.1745889556151529,True,True
2021-01-01 00:00:00+00:00,19375.3,0.2560972447325769,0.18948669150976638,True,True
2021-02-01 00:00:00+00:00,19641.4,0.26777599917381,0.20526803949874076,True,True
2021-03-01 00:00:00+00:00,19874.5,0.2394913436112358,0.2219174686644009,True,True
2021-04-01 00:00:00+00:00,20174.2,0.1822667604313175,0.23343328432489632,False,True
2021-05-01 00:00:00+00:00,20457.5,0.14084397080064015,0.23451821135960604,False,False
2021-06-01 00:00:00+00:00,20472.7,0.12611111111111106,0.22795590446652594,False,False
2021-07-01 00:00:00+00:00,20630.0,0.12539140491179057,0.21942533166733,False,False
2021-08-01 00:00:00+00:00,20844.1,0.1320132730146144,0.21056416322948332,False,False
2021-09-01 00:00:00+00:00,20985.5,0.12794947594732609,0.20242760770488819,False,False
2021-10-01 00:00:00+00:00,21164.2,0.1281616639747547,0.19338650899812218,False,False
2021-11-01 00:00:00+00:00,21341.0,0.12306866501073532,0.18445212249849444,False,False
2021-12-01 00:00:00+00:00,21502.8,0.12465872360011288,0.17455106051862326,False,False
2022-01-01 00:00:00+00:00,21647.4,0.11726786165891645,0.1644858030266688,False,False
2022-02-01 00:00:00+00:00,21725.6,0.10611259889824542,0.1529166877705304,False,False
2022-03-01 00:00:00+00:00,21788.1,0.09628418324989307,0.1394447377475667,False,False
2022-04-01 00:00:00+00:00,21768.4,0.07902172081172987,0.1275108077174548,False,False
2022-05-01 00:00:00+00:00,21718.0,0.0616155444213613,0.1189070544158225,False,False
2022-06-01 00:00:00+00:00,21647.0,0.057359312645620664,0.11230468555088259,False,False
2022-07-01 00:00:00+00:00,21649.3,0.04940862821134262,0.10657536901209173,False,False
2022-08-01 00:00:00+00:00,21641.9,0.038274619676551325,0.10024347095372106,False,False
2022-09-01 00:00:00+00:00,21541.3,0.026484953896738217,0.09243191650888248,False,False
2022-10-01 00:00:00+00:00,21464.1,0.014170155262188011,0.08397653967133349,False,False
2022-11-01 00:00:00+00:00,21409.5,0.0032097839838807207,0.0744772472786196,False,False
2022-12-01 00:00:00+00:00,21293.2,-0.009747567758617404,0.06448900719304838,False,False
2023-01-01 00:00:00+00:00,21274.0,-0.01724918465958969,0.05328848291315419,False,False
2023-02-01 00:00:00+00:00,21240.2,-0.022342305851161703,0.042078729053278675,False,False
2023-03-01 00:00:00+00:00,20942.3,-0.03881935551975613,0.03137415365749475,False,False
2023-04-01 00:00:00+00:00,20758.4,-0.0463975303651164,0.02011552542669065,False,False
2023-05-01 00:00:00+00:00,20829.5,-0.04091076526383641,0.009663921161953462,False,False
2023-06-01 00:00:00+00:00,20798.9,-0.03917863907238872,0.0011200620215203183,False,False
2023-07-01 00:00:00+00:00,20792.2,-0.039590194602134865,-0.006924767288313797,False,False
2023-08-01 00:00:00+00:00,20782.0,-0.03973311030916882,-0.014341335856103588,False,False
2023-09-01 00:00:00+00:00,20753.6,-0.03656696671045856,-0.020841980021580265,False,False
2023-10-01 00:00:00+00:00,20737.5,-0.03385187359358177,-0.026096306738846664,False,False
2023-11-01 00:00:00+00:00,20749.7,-0.030818094771012827,-0.030098142476827478,False,False
2023-12-01 00:00:00+00:00,20779.9,-0.02410628745327148,-0.03293379903973528,False,False
2024-01-01 00:00:00+00:00,20835.5,-0.020612014665789213,-0.034130359014289784,False,False
2024-02-01 00:00:00+00:00,20921.7,-0.014995150704795623,-0.03441059484813974,False,False
2024-03-01 00:00:00+00:00,20965.9,0.0011269058317378011,-0.0337983319192759,True,False
2024-04-01 00:00:00+00:00,20955.5,0.009494951441344046,-0.030469476806651408,True,True
2024-05-01 00:00:00+00:00,21021.7,0.009227297822799407,-0.02581176998944637,True,True
2024-06-01 00:00:00+00:00,21070.7,0.013067998788397484,-0.02163359806556005,True,True
2024-07-01 00:00:00+00:00,21098.8,0.014745914333259558,-0.0172797115771612,True,True
2024-08-01 00:00:00+00:00,21191.9,0.019723799441824674,-0.012751702499211667,True,True
2024-09-01 00:00:00+00:00,21275.5,0.02514744429882043,-0.0077969600199622085,True,True
2024-10-01 00:00:00+00:00,21336.7,0.028894514767932478,-0.002654092435855626,True,True
2024-11-01 00:00:00+00:00,21454.8,0.033981214186229236,0.002574773260937228,True,True
2024-12-01 00:00:00+00:00,21487.6,0.034056949263470804,0.007974715674040733,True,True
2025-01-01 00:00:00+00:00,21539.3,0.03377888699575249,0.01282165206710259,True,True
2025-02-01 00:00:00+00:00,21607.3,0.032769803601045755,0.0173542272055644,True,True
2025-03-01 00:00:00+00:00,21684.1,0.034255624609484725,0.021334640064384514,True,True
2025-04-01 00:00:00+00:00,21770.8,0.03890625372813816,0.024095366629196757,True,True
2025-05-01 00:00:00+00:00,21836.1,0.03874092009685226,0.0265463084864296,True,True
2025-06-01 00:00:00+00:00,21942.6,0.04137973584171384,0.029005777009267337,True,True
2025-07-01 00:00:00+00:00,22025.5,0.04392192920924409,0.03136508843037703,True,True
2025-08-01 00:00:00+00:00,22092.6,0.042502088061947996,0.03379642300337574,True,True
2025-09-01 00:00:00+00:00,22176.1,0.04233038001457068,0.03569461372171936,True,True
2025-10-01 00:00:00+00:00,22249.8,0.04279480894421339,0.03712652503136521,True,True
2025-11-01 00:00:00+00:00,22279.8,0.038452933609262274,0.03828488287938862,True,True
2025-12-01 00:00:00+00:00,22355.3,0.040381429289450654,0.038657526164641375,True,True
2026-01-01 00:00:00+00:00,22413.4,0.040581634500657104,0.03918456616680636,True,True
2026-02-01 00:00:00+00:00,22598.9,0.04589189764570323,0.03975146179221508,True,True
2026-03-01 00:00:00+00:00,22640.4,0.04410143838111802,0.04084496962926987,True,True
2026-04-01 00:00:00+00:00,22756.7,0.04528542818821557,0.04166545411023931,True,True
2026-05-01 00:00:00+00:00,23013.9,0.05393820325058063,0.042197051981912426,True,True
2026-06-01 00:00:00+00:00,23115.2,0.053439428326634175,0.04346349224472312,True,True
2026-07-01 00:00:00+00:00,23218.0,0.05414179019772547,0.044468466618466485,True,True
