date,walcl,prior_sma13,risk_on_signal_close,risk_on_actionable
2003-03-19 00:00:00+00:00,729923.0,723089.2307692308,True,False
2003-03-26 00:00:00+00:00,725019.0,723887.7692307692,True,True
2003-04-02 00:00:00+00:00,732452.0,723346.2307692308,True,True
2003-04-09 00:00:00+00:00,727826.0,723458.3846153846,True,True
2003-04-16 00:00:00+00:00,745838.0,723771.0,True,True
2003-04-23 00:00:00+00:00,732222.0,725752.8461538461,True,True
2003-04-30 00:00:00+00:00,746294.0,725465.8461538461,True,True
2003-05-07 00:00:00+00:00,733466.0,728041.6153846154,True,True
2003-05-14 00:00:00+00:00,740371.0,729104.9230769231,True,True
2003-05-21 00:00:00+00:00,734699.0,731188.7692307692,True,True
2003-05-28 00:00:00+00:00,744896.0,731519.4615384615,True,True
2003-06-04 00:00:00+00:00,731667.0,733282.2307692308,False,True
2003-06-11 00:00:00+00:00,743236.0,733975.9230769231,True,False
2003-06-18 00:00:00+00:00,735926.0,735993.0,False,True
2003-06-25 00:00:00+00:00,744018.0,736454.7692307692,True,False
2003-07-02 00:00:00+00:00,740126.0,737916.2307692308,True,True
2003-07-09 00:00:00+00:00,744430.0,738506.5384615385,True,True
2003-07-16 00:00:00+00:00,737765.0,739783.7692307692,False,True
2003-07-23 00:00:00+00:00,745665.0,739162.7692307692,True,False
2003-07-30 00:00:00+00:00,740295.0,740196.8461538461,True,True
2003-08-06 00:00:00+00:00,734018.0,739735.3846153846,False,True
2003-08-13 00:00:00+00:00,735386.0,739777.8461538461,False,False
2003-08-20 00:00:00+00:00,750825.0,739394.3846153846,True,False
2003-08-27 00:00:00+00:00,740637.0,740634.8461538461,True,True
2003-09-03 00:00:00+00:00,750461.0,740307.2307692308,True,True
2003-09-10 00:00:00+00:00,737234.0,741752.9230769231,False,True
2003-09-17 00:00:00+00:00,743939.0,741291.2307692308,True,False
2003-09-24 00:00:00+00:00,741193.0,741907.6153846154,False,True
2003-10-01 00:00:00+00:00,753155.0,741690.3076923077,True,False
2003-10-08 00:00:00+00:00,737108.0,742692.5384615385,False,True
2003-10-15 00:00:00+00:00,754229.0,742129.3076923077,True,False
2003-10-22 00:00:00+00:00,743578.0,743395.7692307692,True,True
2003-10-29 00:00:00+00:00,747272.0,743235.2307692308,True,True
2003-11-05 00:00:00+00:00,744116.0,743771.9230769231,True,True
2003-11-12 00:00:00+00:00,745604.0,744548.6923076923,True,True
2003-11-19 00:00:00+00:00,744521.0,745334.6923076923,False,True
2003-11-26 00:00:00+00:00,756964.0,744849.7692307692,True,False
2003-12-03 00:00:00+00:00,749981.0,746105.6923076923,True,True
2003-12-10 00:00:00+00:00,756585.0,746068.7692307692,True,True
2003-12-17 00:00:00+00:00,753919.0,747557.3076923077,True,True
2003-12-24 00:00:00+00:00,767012.0,748325.0,True,True
2003-12-31 00:00:00+00:00,771551.0,750311.0769230769,True,True
2004-01-07 00:00:00+00:00,755829.0,751726.1538461539,True,True
2004-01-14 00:00:00+00:00,752812.0,753166.2307692308,False,True
2004-01-21 00:00:00+00:00,775833.0,753057.2307692308,True,False
2004-01-28 00:00:00+00:00,755279.0,755538.3846153846,False,True
2004-02-04 00:00:00+00:00,754153.0,756154.3076923077,False,False
2004-02-11 00:00:00+00:00,750999.0,756926.3846153846,False,False
2004-02-18 00:00:00+00:00,758759.0,757341.3846153846,True,False
2004-02-25 00:00:00+00:00,750666.0,758436.6153846154,False,True
2004-03-03 00:00:00+00:00,754867.0,757952.1538461539,False,False
2004-03-10 00:00:00+00:00,749950.0,758328.0,False,False
2004-03-17 00:00:00+00:00,760638.0,757817.6153846154,True,False
2004-03-24 00:00:00+00:00,751510.0,758334.4615384615,False,True
2004-03-31 00:00:00+00:00,760725.0,757142.0,True,False
2004-04-07 00:00:00+00:00,754083.0,756309.2307692308,False,True
2004-04-14 00:00:00+00:00,763734.0,756174.9230769231,True,False
2004-04-21 00:00:00+00:00,757984.0,757015.0769230769,True,True
2004-04-28 00:00:00+00:00,772927.0,755642.0769230769,True,True
2004-05-05 00:00:00+00:00,758838.0,756999.6153846154,True,True
2004-05-12 00:00:00+00:00,764835.0,757360.0,True,True
2004-05-19 00:00:00+00:00,756874.0,758424.3076923077,False,True
2004-05-26 00:00:00+00:00,771108.0,758279.3076923077,True,False
2004-06-02 00:00:00+00:00,764090.0,759851.7692307692,True,True
2004-06-09 00:00:00+00:00,772187.0,760561.2307692308,True,True
2004-06-16 00:00:00+00:00,761834.0,762271.7692307692,False,True
2004-06-23 00:00:00+00:00,775261.0,762363.7692307692,True,False
2004-06-30 00:00:00+00:00,779578.0,764190.7692307692,True,True
2004-07-07 00:00:00+00:00,778163.0,765641.0,True,True
2004-07-14 00:00:00+00:00,775536.0,767493.3076923077,True,True
2004-07-21 00:00:00+00:00,776764.0,768401.1538461539,True,True
2004-07-28 00:00:00+00:00,773916.0,769845.7692307692,True,True
2004-08-04 00:00:00+00:00,772085.0,769921.8461538461,True,True
2004-08-11 00:00:00+00:00,769265.0,770940.8461538461,False,True
2004-08-18 00:00:00+00:00,767595.0,771281.6153846154,False,False
2004-08-25 00:00:00+00:00,775437.0,772106.3076923077,True,False
2004-09-01 00:00:00+00:00,785273.0,772439.3076923077,True,True
2004-09-08 00:00:00+00:00,788602.0,774068.7692307692,True,True
2004-09-15 00:00:00+00:00,789128.0,775331.4615384615,True,True
2004-09-22 00:00:00+00:00,782124.0,777431.0,True,True
2004-09-29 00:00:00+00:00,786330.0,777958.9230769231,True,True
2004-10-06 00:00:00+00:00,781777.0,778478.3076923077,True,True
2004-10-13 00:00:00+00:00,795483.0,778756.3076923077,True,True
2004-10-20 00:00:00+00:00,784954.0,780290.6923076923,True,True
2004-10-27 00:00:00+00:00,791336.0,780920.6923076923,True,True
2004-11-03 00:00:00+00:00,790552.0,782260.6923076923,True,True
2004-11-10 00:00:00+00:00,800473.0,783681.2307692308,True,True
2004-11-17 00:00:00+00:00,794090.0,786081.8461538461,True,True
2004-11-24 00:00:00+00:00,809956.0,788119.9230769231,True,True
2004-12-01 00:00:00+00:00,807063.0,790775.2307692308,True,True
2004-12-08 00:00:00+00:00,808495.0,792451.3846153846,True,True
2004-12-15 00:00:00+00:00,807028.0,793981.6153846154,True,True
2004-12-22 00:00:00+00:00,811333.0,795358.5384615385,True,True
2004-12-29 00:00:00+00:00,810944.0,797605.3846153846,True,True
2005-01-05 00:00:00+00:00,815702.0,799498.7692307692,True,True
2005-01-12 00:00:00+00:00,798455.0,802108.3846153846,False,True
2005-01-19 00:00:00+00:00,806960.0,802337.0,True,False
2005-01-26 00:00:00+00:00,807262.0,804029.7692307692,True,True
2005-02-02 00:00:00+00:00,804746.0,805254.8461538461,False,True
2005-02-09 00:00:00+00:00,797299.0,806346.6923076923,False,False
2005-02-16 00:00:00+00:00,795606.0,806102.5384615385,False,False
2005-02-23 00:00:00+00:00,804576.0,806219.1538461539,False,False
2005-03-02 00:00:00+00:00,801252.0,805805.3076923077,False,False
2005-03-09 00:00:00+00:00,799250.0,805358.3076923077,False,False
2005-03-16 00:00:00+00:00,807211.0,804647.1538461539,True,False
2005-03-23 00:00:00+00:00,797094.0,804661.2307692308,False,True
2005-03-30 00:00:00+00:00,807551.0,803565.9230769231,True,False
2005-04-06 00:00:00+00:00,797327.0,803304.9230769231,False,True
2005-04-13 00:00:00+00:00,805707.0,801891.4615384615,True,False
2005-04-20 00:00:00+00:00,801793.0,802449.3076923077,False,True
2005-04-27 00:00:00+00:00,809797.0,802051.8461538461,True,False
2005-05-04 00:00:00+00:00,802412.0,802246.8461538461,True,True
2005-05-11 00:00:00+00:00,808378.0,802067.3076923077,True,True
2005-05-18 00:00:00+00:00,801546.0,802919.5384615385,False,True
2005-05-25 00:00:00+00:00,810160.0,803376.4615384615,True,False
2005-06-01 00:00:00+00:00,817335.0,803806.0,True,True
2005-06-08 00:00:00+00:00,814172.0,805043.1538461539,True,True
2005-06-15 00:00:00+00:00,811198.0,806191.0,True,True
2005-06-22 00:00:00+00:00,810429.0,806497.6923076923,True,True
2005-06-29 00:00:00+00:00,810082.0,807523.4615384615,True,True
2005-07-06 00:00:00+00:00,821556.0,807718.1538461539,True,True
2005-07-13 00:00:00+00:00,808861.0,809581.9230769231,False,True
2005-07-20 00:00:00+00:00,816804.0,809824.5384615385,True,False
2005-07-27 00:00:00+00:00,814259.0,810979.2307692308,True,True
2005-08-03 00:00:00+00:00,818841.0,811322.4615384615,True,True
2005-08-10 00:00:00+00:00,808544.0,812586.2307692308,False,True
2005-08-17 00:00:00+00:00,813774.0,812599.0,True,False
2005-08-24 00:00:00+00:00,811313.0,813539.6153846154,False,True
2005-08-31 00:00:00+00:00,823237.0,813628.3076923077,True,False
2005-09-07 00:00:00+00:00,822500.0,814082.3076923077,True,True
2005-09-14 00:00:00+00:00,823590.0,814722.9230769231,True,True
2005-09-21 00:00:00+00:00,812926.0,815676.1538461539,False,True
2005-09-28 00:00:00+00:00,823771.0,815868.2307692308,True,False
2005-10-05 00:00:00+00:00,817137.0,816921.2307692308,True,True
2005-10-12 00:00:00+00:00,826306.0,816581.3076923077,True,True
2005-10-19 00:00:00+00:00,814281.0,817923.2307692308,False,True
2005-10-26 00:00:00+00:00,819105.0,817729.1538461539,True,False
2005-11-02 00:00:00+00:00,814571.0,818101.9230769231,False,True
2005-11-09 00:00:00+00:00,824991.0,817773.4615384615,True,False
2005-11-16 00:00:00+00:00,823263.0,819038.6153846154,True,True
2005-11-23 00:00:00+00:00,833124.0,819768.5384615385,True,True
2005-11-30 00:00:00+00:00,835059.0,821446.3076923077,True,True
2005-12-07 00:00:00+00:00,833250.0,822355.6923076923,True,True
2005-12-14 00:00:00+00:00,830950.0,823182.6153846154,True,True
2005-12-21 00:00:00+00:00,848317.0,823748.7692307692,True,True
2005-12-28 00:00:00+00:00,847700.0,826471.1538461539,True,True
2006-01-04 00:00:00+00:00,851856.0,828311.8461538461,True,True
2006-01-11 00:00:00+00:00,829357.0,830982.5384615385,False,True
2006-01-18 00:00:00+00:00,836042.0,831217.2307692308,True,False
2006-01-25 00:00:00+00:00,828901.0,832891.1538461539,False,True
2006-02-01 00:00:00+00:00,831808.0,833644.6923076923,False,False
2006-02-08 00:00:00+00:00,827613.0,834970.6153846154,False,False
2006-02-15 00:00:00+00:00,835240.0,835172.3076923077,True,False
2006-02-22 00:00:00+00:00,840555.0,836093.6153846154,True,True
2006-03-01 00:00:00+00:00,839356.0,836665.2307692308,True,True
2006-03-08 00:00:00+00:00,839234.0,836995.7692307692,True,True
2006-03-15 00:00:00+00:00,843010.0,837456.0769230769,True,True
2006-03-22 00:00:00+00:00,838003.0,838383.7692307692,False,True
2006-03-29 00:00:00+00:00,833675.0,837590.3846153846,False,False
2006-04-05 00:00:00+00:00,834589.0,836511.5384615385,False,False
2006-04-12 00:00:00+00:00,836862.0,835183.3076923077,True,False
2006-04-19 00:00:00+00:00,836352.0,835760.6153846154,True,True
2006-04-26 00:00:00+00:00,844572.0,835784.4615384615,True,True
2006-05-03 00:00:00+00:00,843867.0,836989.9230769231,True,True
2006-05-10 00:00:00+00:00,838405.0,837917.5384615385,True,True
2006-05-17 00:00:00+00:00,838153.0,838747.6923076923,False,True
2006-05-24 00:00:00+00:00,840251.0,838971.7692307692,True,False
2006-05-31 00:00:00+00:00,851580.0,838948.3846153846,True,True
2006-06-07 00:00:00+00:00,849074.0,839888.6923076923,True,True
2006-06-14 00:00:00+00:00,845869.0,840645.6153846154,True,True
2006-06-21 00:00:00+00:00,844773.0,840865.5384615385,True,True
2006-06-28 00:00:00+00:00,844436.0,841386.3076923077,True,True
2006-07-05 00:00:00+00:00,851659.0,842214.0769230769,True,True
2006-07-12 00:00:00+00:00,844391.0,843527.1538461539,True,True
2006-07-19 00:00:00+00:00,849894.0,844106.3076923077,True,True
2006-07-26 00:00:00+00:00,841552.0,845148.0,False,True
2006-08-02 00:00:00+00:00,850263.0,844915.6923076923,True,False
2006-08-09 00:00:00+00:00,840006.0,845407.6923076923,False,True
2006-08-16 00:00:00+00:00,842876.0,845530.8461538461,False,False
2006-08-23 00:00:00+00:00,837987.0,845894.1538461539,False,False
2006-08-30 00:00:00+00:00,850925.0,845720.0,True,False
2006-09-06 00:00:00+00:00,848594.0,845669.6153846154,True,True
2006-09-13 00:00:00+00:00,840886.0,845632.6923076923,False,True
2006-09-20 00:00:00+00:00,838192.0,845249.3846153846,False,False
2006-09-27 00:00:00+00:00,849971.0,844743.1538461539,True,False
2006-10-04 00:00:00+00:00,842296.0,845168.9230769231,False,True
2006-10-11 00:00:00+00:00,859339.0,844448.6923076923,True,False
2006-10-18 00:00:00+00:00,844200.0,845598.5384615385,False,True
2006-10-25 00:00:00+00:00,852648.0,845160.5384615385,True,False
2006-11-01 00:00:00+00:00,855536.0,846014.0769230769,True,True
2006-11-08 00:00:00+00:00,858630.0,846419.6923076923,True,True
2006-11-15 00:00:00+00:00,855551.0,847852.3076923077,True,True
2006-11-22 00:00:00+00:00,865126.0,848827.3076923077,True,True
2006-11-29 00:00:00+00:00,856671.0,850914.9230769231,True,True
2006-12-06 00:00:00+00:00,862178.0,851356.9230769231,True,True
2006-12-13 00:00:00+00:00,853851.0,852401.8461538461,True,True
2006-12-20 00:00:00+00:00,865010.0,853399.1538461539,True,True
2006-12-27 00:00:00+00:00,869988.0,855462.0769230769,True,True
2007-01-03 00:00:00+00:00,874626.0,857001.8461538461,True,True
2007-01-10 00:00:00+00:00,854819.0,859488.7692307692,False,True
2007-01-17 00:00:00+00:00,859363.0,859141.0769230769,True,False
2007-01-24 00:00:00+00:00,851755.0,860307.4615384615,False,True
2007-01-31 00:00:00+00:00,865730.0,860238.7692307692,True,False
2007-02-07 00:00:00+00:00,855057.0,861022.9230769231,False,True
2007-02-14 00:00:00+00:00,867199.0,860748.0769230769,True,False
2007-02-21 00:00:00+00:00,869235.0,861644.0769230769,True,True
2007-02-28 00:00:00+00:00,877409.0,861960.1538461539,True,True
2007-03-07 00:00:00+00:00,864505.0,863555.3846153846,True,True
2007-03-14 00:00:00+00:00,876108.0,863734.3846153846,True,True
2007-03-21 00:00:00+00:00,863067.0,865446.4615384615,False,True
2007-03-28 00:00:00+00:00,869803.0,865297.0,True,False
2007-04-04 00:00:00+00:00,862319.0,865282.7692307692,False,True
2007-04-11 00:00:00+00:00,865441.0,864336.0769230769,True,False
2007-04-18 00:00:00+00:00,861335.0,865153.1538461539,False,True
2007-04-25 00:00:00+00:00,879686.0,865304.8461538461,True,False
2007-05-02 00:00:00+00:00,890857.0,867453.3846153846,True,True
2007-05-09 00:00:00+00:00,875270.0,869386.2307692308,True,True
2007-05-16 00:00:00+00:00,859559.0,870941.0769230769,False,True
2007-05-23 00:00:00+00:00,873935.0,870353.3846153846,True,False
2007-05-30 00:00:00+00:00,876986.0,870714.9230769231,True,True
2007-06-06 00:00:00+00:00,872706.0,870682.3846153846,True,True
2007-06-13 00:00:00+00:00,864989.0,871313.2307692308,False,True
2007-06-20 00:00:00+00:00,866089.0,870457.9230769231,False,False
2007-06-27 00:00:00+00:00,865105.0,870690.3846153846,False,False
2007-07-04 00:00:00+00:00,876611.0,870329.0,True,False
2007-07-11 00:00:00+00:00,869407.0,871428.3846153846,False,True
2007-07-18 00:00:00+00:00,872916.0,871733.4615384615,True,False
2007-07-25 00:00:00+00:00,863890.0,872624.3076923077,False,True
2007-08-01 00:00:00+00:00,870261.0,871409.2307692308,False,False
2007-08-08 00:00:00+00:00,865453.0,869824.9230769231,False,False
2007-08-15 00:00:00+00:00,864931.0,869069.7692307692,False,False
2007-08-22 00:00:00+00:00,862775.0,869483.0,False,False
2007-08-29 00:00:00+00:00,872873.0,868624.5384615385,True,False
2007-09-05 00:00:00+00:00,871156.0,868308.1538461539,True,True
2007-09-12 00:00:00+00:00,886314.0,868188.9230769231,True,True
2007-09-19 00:00:00+00:00,867732.0,869829.3076923077,False,True
2007-09-26 00:00:00+00:00,889900.0,869955.6923076923,True,False
2007-10-03 00:00:00+00:00,869051.0,871863.0,False,True
2007-10-10 00:00:00+00:00,886363.0,871281.4615384615,True,False
2007-10-17 00:00:00+00:00,869509.0,872585.7692307692,False,True
2007-10-24 00:00:00+00:00,881395.0,872323.6923076923,True,False
2007-10-31 00:00:00+00:00,883385.0,873670.2307692308,True,True
2007-11-07 00:00:00+00:00,885724.0,874679.7692307692,True,True
2007-11-14 00:00:00+00:00,889537.0,876239.0769230769,True,True
2007-11-21 00:00:00+00:00,891028.0,878131.8461538461,True,True
2007-11-28 00:00:00+00:00,879417.0,880305.1538461539,False,True
2007-12-05 00:00:00+00:00,882764.0,880808.5384615385,True,False
2007-12-12 00:00:00+00:00,881750.0,881701.4615384615,True,True
2007-12-19 00:00:00+00:00,887983.0,881350.3846153846,True,True
2007-12-26 00:00:00+00:00,890662.0,882908.1538461539,True,True
2008-01-02 00:00:00+00:00,922187.0,882966.7692307692,True,True
2008-01-09 00:00:00+00:00,880754.0,887054.1538461539,False,True
2008-01-16 00:00:00+00:00,893581.0,886622.6923076923,True,False
2008-01-23 00:00:00+00:00,877253.0,888474.3846153846,False,True
2008-01-30 00:00:00+00:00,900264.0,888155.7692307692,True,False
2008-02-06 00:00:00+00:00,871022.0,889454.1538461539,False,True
2008-02-13 00:00:00+00:00,883005.0,888323.2307692308,False,False
2008-02-20 00:00:00+00:00,878949.0,887820.7692307692,False,False
2008-02-27 00:00:00+00:00,893825.0,886891.6153846154,True,False
2008-03-05 00:00:00+00:00,881208.0,887999.9230769231,False,True
2008-03-12 00:00:00+00:00,896565.0,887880.2307692308,True,False
2008-03-19 00:00:00+00:00,888646.0,889019.8461538461,False,True
2008-03-26 00:00:00+00:00,893965.0,889070.8461538461,True,False
2008-04-02 00:00:00+00:00,883708.0,889324.9230769231,False,True
2008-04-09 00:00:00+00:00,893029.0,886365.0,True,False
2008-04-16 00:00:00+00:00,881904.0,887309.2307692308,False,True
2008-04-23 00:00:00+00:00,885781.0,886411.0,False,False
2008-04-30 00:00:00+00:00,888131.0,887067.0,True,False
2008-05-07 00:00:00+00:00,889228.0,886133.6923076923,True,True
2008-05-14 00:00:00+00:00,880175.0,887534.1538461539,False,True
2008-05-21 00:00:00+00:00,898487.0,887316.4615384615,True,False
2008-05-28 00:00:00+00:00,904054.0,888819.3846153846,True,True
2008-06-04 00:00:00+00:00,895939.0,889606.2307692308,True,True
2008-06-11 00:00:00+00:00,890610.0,890739.3846153846,False,True
2008-06-18 00:00:00+00:00,902304.0,890281.3076923077,True,False
2008-06-25 00:00:00+00:00,892713.0,891331.9230769231,True,True
2008-07-02 00:00:00+00:00,902962.0,891235.6153846154,True,True
2008-07-09 00:00:00+00:00,898034.0,892716.6923076923,True,True
2008-07-16 00:00:00+00:00,910681.0,893101.6923076923,True,True
2008-07-23 00:00:00+00:00,899665.0,895315.3076923077,True,True
2008-07-30 00:00:00+00:00,918625.0,896383.3076923077,True,True
2008-08-06 00:00:00+00:00,901710.0,898729.0,True,True
2008-08-13 00:00:00+00:00,914632.0,899689.1538461539,True,True
2008-08-20 00:00:00+00:00,898611.0,902339.6923076923,False,True
2008-08-27 00:00:00+00:00,909982.0,902349.2307692308,True,False
2008-09-03 00:00:00+00:00,905253.0,902805.2307692308,True,True
2008-09-10 00:00:00+00:00,925725.0,903521.6923076923,True,True
2008-09-17 00:00:00+00:00,995093.0,906222.8461538461,True,True
2008-09-24 00:00:00+00:00,1211825.0,913360.4615384615,True,True
2008-10-01 00:00:00+00:00,1503989.0,937907.5384615385,True,True
2008-10-08 00:00:00+00:00,1591587.0,984140.3846153846,True,True
2008-10-15 00:00:00+00:00,1770809.0,1037490.6153846154,True,True
2008-10-22 00:00:00+00:00,1802602.0,1103654.3076923077,True,True
2008-10-29 00:00:00+00:00,1969086.0,1173111.0,True,True
2008-11-05 00:00:00+00:00,2074205.0,1253915.6923076923,True,True
2008-11-12 00:00:00+00:00,2212852.0,1344107.6153846155,True,True
2008-11-19 00:00:00+00:00,2187137.0,1443970.6923076923,True,True
2008-11-26 00:00:00+00:00,2106117.0,1543088.076923077,True,True
2008-12-03 00:00:00+00:00,2136924.0,1635098.4615384615,True,True
2008-12-10 00:00:00+00:00,2250012.0,1729842.3846153845,True,True
2008-12-17 00:00:00+00:00,2254983.0,1831710.6153846155,True,True
2008-12-24 00:00:00+00:00,2232311.0,1928625.2307692308,True,True
2008-12-31 00:00:00+00:00,2239457.0,2007124.1538461538,True,True
2009-01-07 00:00:00+00:00,2121439.0,2063698.6153846155,True,True
2009-01-14 00:00:00+00:00,2049714.0,2104456.4615384615,False,True
2009-01-21 00:00:00+00:00,2037112.0,2125910.6923076925,False,False
2009-01-28 00:00:00+00:00,1927082.0,2143949.923076923,False,False
2009-02-04 00:00:00+00:00,1851437.0,2140718.846153846,False,False
2009-02-11 00:00:00+00:00,1843400.0,2123582.846153846,False,False
2009-02-18 00:00:00+00:00,1915562.0,2095163.4615384615,False,False
2009-02-25 00:00:00+00:00,1916115.0,2074273.076923077,False,False
2009-03-04 00:00:00+00:00,1901317.0,2059657.5384615385,False,False
2009-03-11 00:00:00+00:00,1899514.0,2041533.923076923,False,False
2009-03-18 00:00:00+00:00,2066942.0,2014572.5384615385,True,False
2009-03-25 00:00:00+00:00,2071556.0,2000107.8461538462,True,True
2009-04-01 00:00:00+00:00,2078936.0,1987742.076923077,True,True
2009-04-08 00:00:00+00:00,2088573.0,1975394.3076923077,True,True
2009-04-15 00:00:00+00:00,2186498.0,1972866.1538461538,True,True
2009-04-22 00:00:00+00:00,2196812.0,1983388.0,True,True
2009-04-29 00:00:00+00:00,2066712.0,1995672.6153846155,True,True
2009-05-06 00:00:00+00:00,2079758.0,2006413.3846153845,True,True
2009-05-13 00:00:00+00:00,2196351.0,2023976.5384615385,True,True
2009-05-20 00:00:00+00:00,2181632.0,2051126.6153846155,True,True
2009-05-27 00:00:00+00:00,2080115.0,2071593.5384615385,True,True
2009-06-03 00:00:00+00:00,2077695.0,2084208.923076923,False,True
2009-06-10 00:00:00+00:00,2052297.0,2097776.4615384615,False,False
2009-06-17 00:00:00+00:00,2072527.0,2109529.0,False,False
2009-06-24 00:00:00+00:00,2025571.0,2109958.6153846155,False,False
2009-07-01 00:00:00+00:00,2005627.0,2106421.3076923075,False,False
2009-07-08 00:00:00+00:00,1992740.0,2100782.153846154,False,False
2009-07-15 00:00:00+00:00,2072451.0,2093410.3846153845,False,False
2009-07-22 00:00:00+00:00,2039001.0,2084637.5384615385,False,False
2009-07-29 00:00:00+00:00,2000547.0,2072498.2307692308,False,False
2009-08-05 00:00:00+00:00,1989203.0,2067408.6153846155,False,False
2009-08-12 00:00:00+00:00,2014899.0,2060442.8461538462,False,False
2009-08-19 00:00:00+00:00,2060641.0,2046485.0,True,False
2009-08-26 00:00:00+00:00,2074902.0,2037178.0,True,True
2009-09-02 00:00:00+00:00,2083720.0,2036777.0,True,True
2009-09-09 00:00:00+00:00,2087946.0,2037240.4615384615,True,True
2009-09-16 00:00:00+00:00,2139783.0,2039982.6923076923,True,True
2009-09-23 00:00:00+00:00,2158631.0,2045156.2307692308,True,True
2009-09-30 00:00:00+00:00,2141020.0,2055391.6153846155,True,True
2009-10-07 00:00:00+00:00,2138086.0,2065806.4615384615,True,True
2009-10-14 00:00:00+00:00,2192787.0,2076986.923076923,True,True
2009-10-21 00:00:00+00:00,2201119.0,2086243.5384615385,True,True
2009-10-28 00:00:00+00:00,2161537.0,2098714.153846154,True,True
2009-11-04 00:00:00+00:00,2165067.0,2111098.0,True,True
2009-11-11 00:00:00+00:00,2135035.0,2124626.0,True,True
2009-11-18 00:00:00+00:00,2208721.0,2133867.230769231,True,True
2009-11-25 00:00:00+00:00,2206359.0,2145258.0,True,True
2009-12-02 00:00:00+00:00,2204074.0,2155370.076923077,True,True
2009-12-09 00:00:00+00:00,2186383.0,2164628.076923077,True,True
2009-12-16 00:00:00+00:00,2235763.0,2172200.153846154,True,True
2009-12-23 00:00:00+00:00,2235803.0,2179583.230769231,True,True
2009-12-30 00:00:00+00:00,2234067.0,2185519.5384615385,True,True
2010-01-06 00:00:00+00:00,2235304.0,2192677.0,True,True
2010-01-13 00:00:00+00:00,2291700.0,2200155.3076923075,True,True
2010-01-20 00:00:00+00:00,2251806.0,2207764.0,True,True
2010-01-27 00:00:00+00:00,2246886.0,2211663.0,True,True
2010-02-03 00:00:00+00:00,2249319.0,2218228.3076923075,True,True
2010-02-10 00:00:00+00:00,2256679.0,2224709.230769231,True,True
2010-02-17 00:00:00+00:00,2277574.0,2234066.4615384615,True,True
2010-02-24 00:00:00+00:00,2286127.0,2239362.846153846,True,True
2010-03-03 00:00:00+00:00,2280147.0,2245498.846153846,True,True
2010-03-10 00:00:00+00:00,2282474.0,2251350.6153846155,True,True
2010-03-17 00:00:00+00:00,2307997.0,2258742.230769231,True,True
2010-03-24 00:00:00+00:00,2313149.0,2264298.6923076925,True,True
2010-03-31 00:00:00+00:00,2307150.0,2270248.3846153845,True,True
2010-04-07 00:00:00+00:00,2307575.0,2275870.153846154,True,True
2010-04-14 00:00:00+00:00,2339345.0,2281429.4615384615,True,True
2010-04-21 00:00:00+00:00,2337556.0,2285094.4615384615,True,True
2010-04-28 00:00:00+00:00,2330472.0,2291690.6153846155,True,True
2010-05-05 00:00:00+00:00,2326164.0,2298120.3076923075,True,True
2010-05-12 00:00:00+00:00,2336103.0,2304031.4615384615,True,True
2010-05-19 00:00:00+00:00,2350890.0,2310141.0,True,True
2010-05-26 00:00:00+00:00,2334041.0,2315780.6923076925,True,True
2010-06-02 00:00:00+00:00,2336216.0,2319466.3846153845,True,True
2010-06-09 00:00:00+00:00,2331529.0,2323779.3846153845,True,True
2010-06-16 00:00:00+00:00,2344316.0,2327552.846153846,True,True
2010-06-23 00:00:00+00:00,2344497.0,2330346.6153846155,True,True
2010-06-30 00:00:00+00:00,2330851.0,2332758.0,False,True
2010-07-07 00:00:00+00:00,2332017.0,2334581.153846154,False,False
2010-07-14 00:00:00+00:00,2340717.0,2336461.3076923075,True,False
2010-07-21 00:00:00+00:00,2332322.0,2336566.846153846,False,True
2010-07-28 00:00:00+00:00,2325298.0,2336164.230769231,False,False
2010-08-04 00:00:00+00:00,2326479.0,2335766.230769231,False,False
2010-08-11 00:00:00+00:00,2327533.0,2335790.4615384615,False,False
2010-08-18 00:00:00+00:00,2313662.0,2335131.230769231,False,False
2010-08-25 00:00:00+00:00,2301015.0,2332267.5384615385,False,False
2010-09-01 00:00:00+00:00,2301996.0,2329727.076923077,False,False
2010-09-08 00:00:00+00:00,2305802.0,2327094.769230769,False,False
2010-09-15 00:00:00+00:00,2296079.0,2325115.769230769,False,False
2010-09-22 00:00:00+00:00,2307171.0,2321405.230769231,False,False
2010-09-29 00:00:00+00:00,2298691.0,2318534.0,False,False
2010-10-06 00:00:00+00:00,2308092.0,2316060.153846154,False,False
2010-10-13 00:00:00+00:00,2309885.0,2314219.769230769,False,False
2010-10-20 00:00:00+00:00,2305227.0,2311848.076923077,False,False
2010-10-27 00:00:00+00:00,2295392.0,2309763.846153846,False,False
2010-11-03 00:00:00+00:00,2300353.0,2307463.3846153845,False,False
2010-11-10 00:00:00+00:00,2312768.0,2305453.6923076925,True,False
2010-11-17 00:00:00+00:00,2314757.0,2304317.923076923,True,True
2010-11-24 00:00:00+00:00,2346001.0,2304402.153846154,True,True
2010-12-01 00:00:00+00:00,2346920.0,2307862.6153846155,True,True
2010-12-08 00:00:00+00:00,2382294.0,2311318.3076923075,True,True
2010-12-15 00:00:00+00:00,2385754.0,2317202.3076923075,True,True
2010-12-22 00:00:00+00:00,2427921.0,2324100.3846153845,True,True
2010-12-29 00:00:00+00:00,2420570.0,2333388.846153846,True,True
2011-01-05 00:00:00+00:00,2436064.0,2342764.153846154,True,True
2011-01-12 00:00:00+00:00,2468131.0,2352608.153846154,True,True
2011-01-19 00:00:00+00:00,2425164.0,2364780.923076923,True,True
2011-01-26 00:00:00+00:00,2443527.0,2374006.846153846,True,True
2011-02-02 00:00:00+00:00,2469419.0,2385401.846153846,True,True
2011-02-09 00:00:00+00:00,2500481.0,2398406.923076923,True,True
2011-02-16 00:00:00+00:00,2508868.0,2412846.3846153845,True,True
2011-02-23 00:00:00+00:00,2533221.0,2427778.0,True,True
2011-03-02 00:00:00+00:00,2545119.0,2442179.5384615385,True,True
2011-03-09 00:00:00+00:00,2577076.0,2457425.6153846155,True,True
2011-03-16 00:00:00+00:00,2583046.0,2472408.846153846,True,True
2011-03-23 00:00:00+00:00,2601341.0,2487585.153846154,True,True
2011-03-30 00:00:00+00:00,2622523.0,2500925.153846154,True,True
2011-04-06 00:00:00+00:00,2648676.0,2516460.0,True,True
2011-04-13 00:00:00+00:00,2665408.0,2532814.769230769,True,True
2011-04-20 00:00:00+00:00,2685782.0,2547989.923076923,True,True
2011-04-27 00:00:00+00:00,2690985.0,2568037.4615384615,True,True
2011-05-04 00:00:00+00:00,2718757.0,2587072.6923076925,True,True
2011-05-11 00:00:00+00:00,2744498.0,2606252.5384615385,True,True
2011-05-18 00:00:00+00:00,2758009.0,2625023.076923077,True,True
2011-05-25 00:00:00+00:00,2774996.0,2644187.769230769,True,True
2011-06-01 00:00:00+00:00,2788723.0,2662785.846153846,True,True
2011-06-08 00:00:00+00:00,2811206.0,2681524.6153846155,True,True
2011-06-15 00:00:00+00:00,2827549.0,2699534.6153846155,True,True
2011-06-22 00:00:00+00:00,2856403.0,2718342.5384615385,True,True
2011-06-29 00:00:00+00:00,2865251.0,2737962.6923076925,True,True
2011-07-06 00:00:00+00:00,2870103.0,2756634.076923077,True,True
2011-07-13 00:00:00+00:00,2878074.0,2773666.923076923,True,True
2011-07-20 00:00:00+00:00,2871301.0,2790025.846153846,True,True
2011-07-27 00:00:00+00:00,2863576.0,2804296.5384615385,True,True
2011-08-03 00:00:00+00:00,2867215.0,2817572.769230769,True,True
2011-08-10 00:00:00+00:00,2872423.0,2828992.6153846155,True,True
2011-08-17 00:00:00+00:00,2857906.0,2838833.0,True,True
2011-08-24 00:00:00+00:00,2859433.0,2846517.3846153845,True,True
2011-08-31 00:00:00+00:00,2853888.0,2853012.5384615385,True,True
2011-09-07 00:00:00+00:00,2858660.0,2858025.230769231,True,True
2011-09-14 00:00:00+00:00,2863540.0,2861675.5384615385,True,True
2011-09-21 00:00:00+00:00,2857747.0,2864444.076923077,False,True
2011-09-28 00:00:00+00:00,2850921.0,2864547.4615384615,False,False
2011-10-05 00:00:00+00:00,2859701.0,2863445.153846154,False,False
2011-10-12 00:00:00+00:00,2860822.0,2862645.0,False,False
2011-10-19 00:00:00+00:00,2852390.0,2861317.923076923,False,False
2011-10-26 00:00:00+00:00,2845685.0,2859863.230769231,False,False
2011-11-02 00:00:00+00:00,2822034.0,2858487.0,False,False
2011-11-09 00:00:00+00:00,2839786.0,2855011.5384615385,False,False
2011-11-16 00:00:00+00:00,2831576.0,2852501.0,False,False
2011-11-23 00:00:00+00:00,2821980.0,2850475.6153846155,False,False
2011-11-30 00:00:00+00:00,2814235.0,2847594.6153846155,False,False
2011-12-07 00:00:00+00:00,2820691.0,2844544.3846153845,False,False
2011-12-14 00:00:00+00:00,2902488.0,2841623.6923076925,True,False
2011-12-21 00:00:00+00:00,2916085.0,2844619.6923076925,True,True
2011-12-28 00:00:00+00:00,2926095.0,2849107.230769231,True,True
2012-01-04 00:00:00+00:00,2917689.0,2854889.846153846,True,True
2012-01-11 00:00:00+00:00,2899149.0,2859350.4615384615,True,True
2012-01-18 00:00:00+00:00,2919423.0,2862298.6923076925,True,True
2012-01-25 00:00:00+00:00,2919545.0,2867455.076923077,True,True
2012-02-01 00:00:00+00:00,2924947.0,2873136.6153846155,True,True
2012-02-08 00:00:00+00:00,2928275.0,2881053.0,True,True
2012-02-15 00:00:00+00:00,2937893.0,2887859.846153846,True,True
2012-02-22 00:00:00+00:00,2932813.0,2896038.076923077,True,True
2012-02-29 00:00:00+00:00,2925722.0,2904563.6923076925,True,True
2012-03-07 00:00:00+00:00,2884747.0,2913139.6153846155,False,True
2012-03-14 00:00:00+00:00,2893560.0,2918067.0,False,False
2012-03-21 00:00:00+00:00,2892646.0,2917380.230769231,False,False
2012-03-28 00:00:00+00:00,2878137.0,2915577.230769231,False,False
2012-04-04 00:00:00+00:00,2865478.0,2911888.153846154,False,False
2012-04-11 00:00:00+00:00,2867200.0,2907871.923076923,False,False
2012-04-18 00:00:00+00:00,2875470.0,2905414.3076923075,False,False
2012-04-25 00:00:00+00:00,2866561.0,2902033.3076923075,False,False
2012-05-02 00:00:00+00:00,2864280.0,2897957.6153846155,False,False
2012-05-09 00:00:00+00:00,2864150.0,2893290.923076923,False,False
2012-05-16 00:00:00+00:00,2850984.0,2888358.230769231,False,False
2012-05-23 00:00:00+00:00,2859495.0,2881672.923076923,False,False
2012-05-30 00:00:00+00:00,2842654.0,2876033.076923077,False,False
2012-06-06 00:00:00+00:00,2852018.0,2869643.230769231,False,False
2012-06-13 00:00:00+00:00,2869071.0,2867125.6153846155,True,False
2012-06-20 00:00:00+00:00,2870846.0,2865241.846153846,True,True
2012-06-27 00:00:00+00:00,2863547.0,2863564.923076923,False,True
2012-07-04 00:00:00+00:00,2865858.0,2862442.6153846155,True,False
2012-07-11 00:00:00+00:00,2866279.0,2862471.846153846,True,True
2012-07-18 00:00:00+00:00,2855807.0,2862401.0,False,True
2012-07-25 00:00:00+00:00,2846757.0,2860888.4615384615,False,False
2012-08-01 00:00:00+00:00,2851118.0,2859365.076923077,False,False
2012-08-08 00:00:00+00:00,2856181.0,2858352.6153846155,False,False
2012-08-15 00:00:00+00:00,2833317.0,2857739.6153846155,False,False
2012-08-22 00:00:00+00:00,2825661.0,2856380.6153846155,False,False
2012-08-29 00:00:00+00:00,2812806.0,2853778.0,False,False
2012-09-05 00:00:00+00:00,2822169.0,2851482.0,False,False
2012-09-12 00:00:00+00:00,2823448.0,2849185.923076923,False,False
2012-09-19 00:00:00+00:00,2821574.0,2845676.4615384615,False,False
2012-09-26 00:00:00+00:00,2804457.0,2841886.3076923075,False,False
2012-10-03 00:00:00+00:00,2808512.0,2837340.923076923,False,False
2012-10-10 00:00:00+00:00,2811623.0,2832929.6923076925,False,False
2012-10-17 00:00:00+00:00,2846920.0,2828725.3846153845,True,False
2012-10-24 00:00:00+00:00,2840964.0,2828041.769230769,True,True
2012-10-31 00:00:00+00:00,2823137.0,2827596.153846154,False,True
2012-11-07 00:00:00+00:00,2830791.0,2825443.769230769,True,False
2012-11-14 00:00:00+00:00,2877244.0,2823490.6923076925,True,True
2012-11-21 00:00:00+00:00,2871161.0,2826869.6923076925,True,True
2012-11-28 00:00:00+00:00,2851362.0,2830369.6923076925,True,True
2012-12-05 00:00:00+00:00,2859807.0,2833335.5384615385,True,True
2012-12-12 00:00:00+00:00,2917260.0,2836230.769230769,True,True
2012-12-19 00:00:00+00:00,2920231.0,2843447.076923077,True,True
2012-12-26 00:00:00+00:00,2907300.0,2851036.076923077,True,True
2013-01-02 00:00:00+00:00,2917189.0,2858947.076923077,True,True
2013-01-09 00:00:00+00:00,2928728.0,2867306.846153846,True,True
2013-01-16 00:00:00+00:00,2963812.0,2876314.923076923,True,True
2013-01-23 00:00:00+00:00,3011697.0,2885306.6153846155,True,True
2013-01-30 00:00:00+00:00,3008704.0,2898439.923076923,True,True
2013-02-06 00:00:00+00:00,3014975.0,2912714.3076923075,True,True
2013-02-13 00:00:00+00:00,3074225.0,2926882.3076923075,True,True
2013-02-20 00:00:00+00:00,3095150.0,2942034.6923076925,True,True
2013-02-27 00:00:00+00:00,3090600.0,2959264.6153846155,True,True
2013-03-06 00:00:00+00:00,3108805.0,2977667.5384615385,True,True
2013-03-13 00:00:00+00:00,3165396.0,2996821.230769231,True,True
2013-03-20 00:00:00+00:00,3206888.0,3015908.6153846155,True,True
2013-03-27 00:00:00+00:00,3202256.0,3037959.153846154,True,True
2013-04-03 00:00:00+00:00,3215432.0,3060648.076923077,True,True
2013-04-10 00:00:00+00:00,3227762.0,3083589.846153846,True,True
2013-04-17 00:00:00+00:00,3295109.0,3106592.4615384615,True,True
2013-04-24 00:00:00+00:00,3318649.0,3132076.846153846,True,True
2013-05-01 00:00:00+00:00,3317194.0,3155688.5384615385,True,True
2013-05-08 00:00:00+00:00,3324615.0,3179418.5384615385,True,True
2013-05-15 00:00:00+00:00,3354269.0,3203237.0,True,True
2013-05-22 00:00:00+00:00,3398713.0,3224778.846153846,True,True
2013-05-29 00:00:00+00:00,3385128.0,3248129.846153846,True,True
2013-06-05 00:00:00+00:00,3400183.0,3270785.846153846,True,True
2013-06-12 00:00:00+00:00,3410842.0,3293199.5384615385,True,True
2013-06-19 00:00:00+00:00,3470530.0,3312080.0,True,True
2013-06-26 00:00:00+00:00,3478672.0,3332360.153846154,True,True
2013-07-03 00:00:00+00:00,3492742.0,3353622.923076923,True,True
2013-07-10 00:00:00+00:00,3504095.0,3374954.4615384615,True,True
2013-07-17 00:00:00+00:00,3537861.0,3396210.846153846,True,True
2013-07-24 00:00:00+00:00,3574574.0,3414884.076923077,True,True
2013-07-31 00:00:00+00:00,3571797.0,3434570.6153846155,True,True
2013-08-07 00:00:00+00:00,3585359.0,3454155.4615384615,True,True
2013-08-14 00:00:00+00:00,3646323.0,3474212.6923076925,True,True
2013-08-21 00:00:00+00:00,3645668.0,3496678.3846153845,True,True
2013-08-28 00:00:00+00:00,3644456.0,3515674.923076923,True,True
2013-09-04 00:00:00+00:00,3654182.0,3535623.230769231,True,True
2013-09-11 00:00:00+00:00,3662035.0,3555161.6153846155,True,True
2013-09-18 00:00:00+00:00,3722192.0,3574484.153846154,True,True
2013-09-25 00:00:00+00:00,3734018.0,3593842.769230769,True,True
2013-10-02 00:00:00+00:00,3747387.0,3613484.769230769,True,True
2013-10-09 00:00:00+00:00,3758663.0,3633072.846153846,True,True
2013-10-16 00:00:00+00:00,3813599.0,3652655.0,True,True
2013-10-23 00:00:00+00:00,3839033.0,3673865.6153846155,True,True
2013-10-30 00:00:00+00:00,3843396.0,3694208.6153846155,True,True
2013-11-06 00:00:00+00:00,3851623.0,3715100.846153846,True,True
2013-11-13 00:00:00+00:00,3907424.0,3735582.6923076925,True,True
2013-11-20 00:00:00+00:00,3906620.0,3755667.3846153845,True,True
2013-11-27 00:00:00+00:00,3925876.0,3775740.6153846155,True,True
2013-12-04 00:00:00+00:00,3932626.0,3797388.3076923075,True,True
2013-12-11 00:00:00+00:00,3993955.0,3818807.076923077,True,True
2013-12-18 00:00:00+00:00,4008062.0,3844339.3846153845,True,True
2013-12-25 00:00:00+00:00,4032575.0,3866329.3846153845,True,True
2014-01-01 00:00:00+00:00,4023640.0,3889295.3076923075,True,True
2014-01-08 00:00:00+00:00,4028185.0,3910545.5384615385,True,True
2014-01-15 00:00:00+00:00,4071528.0,3931278.0,True,True
2014-01-22 00:00:00+00:00,4097914.0,3951118.6923076925,True,True
2014-01-29 00:00:00+00:00,4102138.0,3971032.6153846155,True,True
2014-02-05 00:00:00+00:00,4109285.0,3990935.846153846,True,True
2014-02-12 00:00:00+00:00,4119474.0,4010756.0,True,True
2014-02-19 00:00:00+00:00,4149224.0,4027067.5384615385,True,True
2014-02-26 00:00:00+00:00,4159972.0,4045729.3846153845,True,True
2014-03-05 00:00:00+00:00,4171762.0,4063736.769230769,True,True
2014-03-12 00:00:00+00:00,4181361.0,4082131.846153846,True,True
2014-03-19 00:00:00+00:00,4222081.0,4096547.6923076925,True,True
2014-03-26 00:00:00+00:00,4226971.0,4113010.6923076925,True,True
2014-04-02 00:00:00+00:00,4236441.0,4127964.230769231,True,True
2014-04-09 00:00:00+00:00,4244188.0,4144333.5384615385,True,True
2014-04-16 00:00:00+00:00,4283967.0,4160949.153846154,True,True
2014-04-23 00:00:00+00:00,4296339.0,4177290.6153846155,True,True
2014-04-30 00:00:00+00:00,4296049.0,4192554.076923077,True,True
2014-05-07 00:00:00+00:00,4303143.0,4207470.307692308,True,True
2014-05-14 00:00:00+00:00,4336649.0,4222382.461538462,True,True
2014-05-21 00:00:00+00:00,4327560.0,4239088.230769231,True,True
2014-05-28 00:00:00+00:00,4322654.0,4252806.384615385,True,True
2014-06-04 00:00:00+00:00,4330917.0,4265320.384615385,True,True
2014-06-11 00:00:00+00:00,4340904.0,4277563.076923077,True,True
2014-06-18 00:00:00+00:00,4368168.0,4289835.615384615,True,True
2014-06-25 00:00:00+00:00,4368348.0,4301073.076923077,True,True
2014-07-02 00:00:00+00:00,4377031.0,4311948.230769231,True,True
2014-07-09 00:00:00+00:00,4383401.0,4322762.846153846,True,True
2014-07-16 00:00:00+00:00,4398201.0,4333471.538461538,True,True
2014-07-23 00:00:00+00:00,4410746.0,4342258.769230769,True,True
2014-07-30 00:00:00+00:00,4406637.0,4351059.307692308,True,True
2014-08-06 00:00:00+00:00,4410111.0,4359566.076923077,True,True
2014-08-13 00:00:00+00:00,4431923.0,4367794.384615385,True,True
2014-08-20 00:00:00+00:00,4412924.0,4375123.153846154,True,True
2014-08-27 00:00:00+00:00,4413736.0,4381689.615384615,True,True
2014-09-03 00:00:00+00:00,4415587.0,4388695.923076923,True,True
2014-09-10 00:00:00+00:00,4421408.0,4395209.0,True,True
2014-09-17 00:00:00+00:00,4449588.0,4401401.615384615,True,True
2014-09-24 00:00:00+00:00,4459050.0,4407664.692307692,True,True
2014-10-01 00:00:00+00:00,4450260.0,4414641.769230769,True,True
2014-10-08 00:00:00+00:00,4455403.0,4420274.769230769,True,True
2014-10-15 00:00:00+00:00,4474360.0,4425813.384615385,True,True
2014-10-22 00:00:00+00:00,4481616.0,4431671.769230769,True,True
2014-10-29 00:00:00+00:00,4486754.0,4437123.307692308,True,True
2014-11-05 00:00:00+00:00,4486585.0,4443286.153846154,True,True
2014-11-12 00:00:00+00:00,4488895.0,4449168.769230769,True,True
2014-11-19 00:00:00+00:00,4492759.0,4453551.230769231,True,True
2014-11-26 00:00:00+00:00,4485931.0,4459692.384615385,True,True
2014-12-03 00:00:00+00:00,4486190.0,4465245.846153846,True,True
2014-12-10 00:00:00+00:00,4488865.0,4470676.846153846,True,True
2014-12-17 00:00:00+00:00,4502247.0,4475865.846153846,True,True
2014-12-24 00:00:00+00:00,4509462.0,4479916.538461538,True,True
2014-12-31 00:00:00+00:00,4497660.0,4483794.384615385,True,True
2015-01-07 00:00:00+00:00,4499524.0,4487440.538461538,True,True
2015-01-14 00:00:00+00:00,4516077.0,4490834.461538462,True,True
2015-01-21 00:00:00+00:00,4512936.0,4494043.461538462,True,True
2015-01-28 00:00:00+00:00,4500064.0,4496452.692307692,True,True
2015-02-04 00:00:00+00:00,4500348.0,4497476.538461538,True,True
2015-02-11 00:00:00+00:00,4501685.0,4498535.230769231,True,True
2015-02-18 00:00:00+00:00,4496851.0,4499519.076923077,False,True
2015-02-25 00:00:00+00:00,4486725.0,4499833.846153846,False,False
2015-03-04 00:00:00+00:00,4487583.0,4499894.923076923,False,False
2015-03-11 00:00:00+00:00,4489279.0,4500002.076923077,False,False
2015-03-18 00:00:00+00:00,4495888.0,4500033.923076923,False,False
2015-03-25 00:00:00+00:00,4480603.0,4499544.769230769,False,False
2015-04-01 00:00:00+00:00,4481799.0,4497324.846153846,False,False
2015-04-08 00:00:00+00:00,4483419.0,4496104.769230769,False,False
2015-04-15 00:00:00+00:00,4485366.0,4494865.923076923,False,False
2015-04-22 00:00:00+00:00,4489695.0,4492503.538461538,False,False
2015-04-29 00:00:00+00:00,4471499.0,4490715.769230769,False,False
2015-05-06 00:00:00+00:00,4472703.0,4488518.461538462,False,False
2015-05-13 00:00:00+00:00,4501188.0,4486391.923076923,True,False
2015-05-20 00:00:00+00:00,4480384.0,4486353.692307692,False,True
2015-05-27 00:00:00+00:00,4463981.0,4485087.0,False,False
2015-06-03 00:00:00+00:00,4465360.0,4483337.461538462,False,False
2015-06-10 00:00:00+00:00,4468005.0,4481628.0,False,False
2015-06-17 00:00:00+00:00,4487817.0,4479991.538461538,True,False
2015-06-24 00:00:00+00:00,4495055.0,4479370.692307692,True,True
2015-07-01 00:00:00+00:00,4479130.0,4480482.384615385,False,True
2015-07-08 00:00:00+00:00,4481289.0,4480277.076923077,True,False
2015-07-15 00:00:00+00:00,4493605.0,4480113.230769231,True,True
2015-07-22 00:00:00+00:00,4500503.0,4480747.0,True,True
2015-07-29 00:00:00+00:00,4485480.0,4481578.384615385,True,True
2015-08-05 00:00:00+00:00,4486329.0,4482653.846153846,True,True
2015-08-12 00:00:00+00:00,4489250.0,4483702.0,True,True
2015-08-19 00:00:00+00:00,4487208.0,4482783.692307692,True,True
2015-08-26 00:00:00+00:00,4475105.0,4483308.615384615,False,True
2015-09-02 00:00:00+00:00,4475886.0,4484164.307692308,False,False
2015-09-09 00:00:00+00:00,4478213.0,4484974.0,False,False
2015-09-16 00:00:00+00:00,4487809.0,4485759.230769231,True,False
2015-09-23 00:00:00+00:00,4497484.0,4485758.615384615,True,True
2015-09-30 00:00:00+00:00,4484111.0,4485945.461538462,False,True
2015-10-07 00:00:00+00:00,4486185.0,4486328.615384615,False,False
2015-10-14 00:00:00+00:00,4504704.0,4486705.230769231,True,False
2015-10-21 00:00:00+00:00,4501372.0,4487559.0,True,True
2015-10-28 00:00:00+00:00,4489339.0,4487625.846153846,True,True
2015-11-04 00:00:00+00:00,4489702.0,4487922.692307692,True,True
2015-11-11 00:00:00+00:00,4492012.0,4488182.153846154,True,True
2015-11-18 00:00:00+00:00,4486721.0,4488394.615384615,False,True
2015-11-25 00:00:00+00:00,4477088.0,4488357.153846154,False,False
2015-12-02 00:00:00+00:00,4478069.0,4488509.692307692,False,False
2015-12-09 00:00:00+00:00,4480436.0,4488677.615384615,False,False
2015-12-16 00:00:00+00:00,4489593.0,4488848.615384615,True,False
2015-12-23 00:00:00+00:00,4496523.0,4488985.846153846,True,True
2015-12-30 00:00:00+00:00,4486587.0,4488911.923076923,False,True
2016-01-06 00:00:00+00:00,4486606.0,4489102.384615385,False,False
2016-01-13 00:00:00+00:00,4501695.0,4489134.769230769,True,False
2016-01-20 00:00:00+00:00,4488840.0,4488903.307692308,False,True
2016-01-27 00:00:00+00:00,4482349.0,4487939.307692308,False,False
2016-02-03 00:00:00+00:00,4483495.0,4487401.615384615,False,False
2016-02-10 00:00:00+00:00,4486278.0,4486924.153846154,False,False
2016-02-17 00:00:00+00:00,4483629.0,4486483.076923077,False,False
2016-02-24 00:00:00+00:00,4489796.0,4486245.230769231,True,False
2016-03-02 00:00:00+00:00,4478485.0,4487222.769230769,False,True
2016-03-09 00:00:00+00:00,4481083.0,4487254.769230769,False,False
2016-03-16 00:00:00+00:00,4486333.0,4487304.538461538,False,False
2016-03-23 00:00:00+00:00,4492857.0,4487053.769230769,True,False
2016-03-30 00:00:00+00:00,4482840.0,4486771.769230769,False,True
2016-04-06 00:00:00+00:00,4484069.0,4486483.538461538,False,False
2016-04-13 00:00:00+00:00,4499729.0,4486288.384615385,True,False
2016-04-20 00:00:00+00:00,4490131.0,4486137.153846154,True,True
2016-04-27 00:00:00+00:00,4474665.0,4486236.461538462,False,True
2016-05-04 00:00:00+00:00,4477270.0,4485645.384615385,False,False
2016-05-11 00:00:00+00:00,4478411.0,4485166.538461538,False,False
2016-05-18 00:00:00+00:00,4473741.0,4484561.384615385,False,False
2016-05-25 00:00:00+00:00,4461111.0,4483800.769230769,False,False
2016-06-01 00:00:00+00:00,4461393.0,4481594.230769231,False,False
2016-06-08 00:00:00+00:00,4463542.0,4480279.461538462,False,False
2016-06-15 00:00:00+00:00,4472817.0,4478930.153846154,False,False
2016-06-22 00:00:00+00:00,4482009.0,4477890.461538462,True,False
2016-06-29 00:00:00+00:00,4466482.0,4477056.0,False,True
2016-07-06 00:00:00+00:00,4470605.0,4475797.692307692,False,False
2016-07-13 00:00:00+00:00,4472202.0,4474762.0,False,False
2016-07-20 00:00:00+00:00,4480973.0,4472644.538461538,True,False
2016-07-27 00:00:00+00:00,4464498.0,4471940.076923077,False,True
2016-08-03 00:00:00+00:00,4466793.0,4471158.0,False,False
2016-08-10 00:00:00+00:00,4468929.0,4470352.076923077,False,False
2016-08-17 00:00:00+00:00,4466476.0,4469622.692307692,False,False
2016-08-24 00:00:00+00:00,4473840.0,4469063.846153846,True,False
2016-08-31 00:00:00+00:00,4457907.0,4470043.0,False,True
2016-09-07 00:00:00+00:00,4459394.0,4469774.846153846,False,False
2016-09-14 00:00:00+00:00,4481635.0,4469455.769230769,True,False
2016-09-21 00:00:00+00:00,4473032.0,4470134.076923077,True,True
2016-09-28 00:00:00+00:00,4452002.0,4469443.538461538,False,True
2016-10-05 00:00:00+00:00,4459407.0,4468329.692307692,False,False
2016-10-12 00:00:00+00:00,4457698.0,4467468.307692308,False,False
2016-10-19 00:00:00+00:00,4467382.0,4466352.615384615,True,False
2016-10-26 00:00:00+00:00,4454326.0,4465307.153846154,False,True
2016-11-02 00:00:00+00:00,4453087.0,4464524.692307692,False,False
2016-11-09 00:00:00+00:00,4455087.0,4463470.384615385,False,False
2016-11-16 00:00:00+00:00,4453633.0,4462405.615384615,False,False
2016-11-23 00:00:00+00:00,4465782.0,4461417.692307692,True,False
2016-11-30 00:00:00+00:00,4446307.0,4460797.846153846,False,True
2016-12-07 00:00:00+00:00,4448618.0,4459905.538461538,False,False
2016-12-14 00:00:00+00:00,4470973.0,4459076.615384615,True,False
2016-12-21 00:00:00+00:00,4469089.0,4458256.461538462,True,True
2016-12-28 00:00:00+00:00,4451451.0,4457953.153846154,False,True
2017-01-04 00:00:00+00:00,4453101.0,4457910.769230769,False,False
2017-01-11 00:00:00+00:00,4452509.0,4457425.692307692,False,False
2017-01-18 00:00:00+00:00,4460758.0,4457026.538461538,True,False
2017-01-25 00:00:00+00:00,4452838.0,4456517.0,False,True
2017-02-01 00:00:00+00:00,4453881.0,4456402.538461538,False,False
2017-02-08 00:00:00+00:00,4456236.0,4456463.615384615,False,False
2017-02-15 00:00:00+00:00,4454676.0,4456552.0,False,False
2017-02-22 00:00:00+00:00,4468702.0,4456632.230769231,True,False
2017-03-01 00:00:00+00:00,4458018.0,4456856.846153846,True,True
2017-03-08 00:00:00+00:00,4459840.0,4457757.692307692,True,True
2017-03-15 00:00:00+00:00,4469577.0,4458620.923076923,True,True
2017-03-22 00:00:00+00:00,4478236.0,4458513.538461538,True,True
2017-03-29 00:00:00+00:00,4469618.0,4459217.153846154,True,True
2017-04-05 00:00:00+00:00,4474634.0,4460614.615384615,True,True
2017-04-12 00:00:00+00:00,4484492.0,4462271.0,True,True
2017-04-19 00:00:00+00:00,4479270.0,4464731.230769231,True,True
2017-04-26 00:00:00+00:00,4470142.0,4466155.230769231,True,True
2017-05-03 00:00:00+00:00,4471246.0,4467486.307692308,True,True
2017-05-10 00:00:00+00:00,4473459.0,4468822.076923077,True,True
2017-05-17 00:00:00+00:00,4467108.0,4470146.923076923,False,True
2017-05-24 00:00:00+00:00,4470852.0,4471103.230769231,False,False
2017-05-31 00:00:00+00:00,4459914.0,4471268.615384615,False,False
2017-06-07 00:00:00+00:00,4462443.0,4471414.461538462,False,False
2017-06-14 00:00:00+00:00,4476269.0,4471614.692307692,True,False
2017-06-21 00:00:00+00:00,4474257.0,4472129.461538462,True,True
2017-06-28 00:00:00+00:00,4463347.0,4471823.384615385,False,True
2017-07-05 00:00:00+00:00,4467272.0,4471341.0,False,False
2017-07-12 00:00:00+00:00,4466702.0,4470774.692307692,False,False
2017-07-19 00:00:00+00:00,4476903.0,4469406.230769231,True,False
2017-07-26 00:00:00+00:00,4465284.0,4469224.153846154,False,True
2017-08-02 00:00:00+00:00,4466846.0,4468850.461538462,False,False
2017-08-09 00:00:00+00:00,4469083.0,4468512.0,True,False
2017-08-16 00:00:00+00:00,4462871.0,4468175.384615385,False,True
2017-08-23 00:00:00+00:00,4463837.0,4467849.461538462,False,False
2017-08-30 00:00:00+00:00,4452360.0,4467309.846153846,False,False
2017-09-06 00:00:00+00:00,4453474.0,4466728.769230769,False,False
2017-09-13 00:00:00+00:00,4471174.0,4466038.846153846,True,False
2017-09-20 00:00:00+00:00,4458576.0,4465646.923076923,False,True
2017-09-27 00:00:00+00:00,4455661.0,4464440.692307692,False,False
2017-10-04 00:00:00+00:00,4460422.0,4463849.461538462,False,False
2017-10-11 00:00:00+00:00,4459415.0,4463322.538461538,False,False
2017-10-18 00:00:00+00:00,4469723.0,4462762.0,True,False
2017-10-25 00:00:00+00:00,4461117.0,4462209.692307692,False,True
2017-11-01 00:00:00+00:00,4455887.0,4461889.153846154,False,False
2017-11-08 00:00:00+00:00,4458552.0,4461046.153846154,False,False
2017-11-15 00:00:00+00:00,4448289.0,4460236.076923077,False,False
2017-11-22 00:00:00+00:00,4450615.0,4459114.384615385,False,False
2017-11-29 00:00:00+00:00,4438592.0,4458097.307692308,False,False
2017-12-06 00:00:00+00:00,4437148.0,4457038.230769231,False,False
2017-12-13 00:00:00+00:00,4452726.0,4455782.384615385,False,False
2017-12-20 00:00:00+00:00,4447470.0,4454363.307692308,False,False
2017-12-27 00:00:00+00:00,4448680.0,4453509.0,False,False
2018-01-03 00:00:00+00:00,4443718.0,4452972.0,False,False
2018-01-10 00:00:00+00:00,4446062.0,4451687.076923077,False,False
2018-01-17 00:00:00+00:00,4439145.0,4450659.923076923,False,False
2018-01-24 00:00:00+00:00,4441317.0,4448307.769230769,False,False
2018-01-31 00:00:00+00:00,4419225.0,4446784.692307692,False,False
2018-02-07 00:00:00+00:00,4420745.0,4443964.538461538,False,False
2018-02-14 00:00:00+00:00,4434863.0,4441056.307692308,False,False
2018-02-21 00:00:00+00:00,4411660.0,4440023.538461538,False,False
2018-02-28 00:00:00+00:00,4393401.0,4437027.0,False,False
2018-03-07 00:00:00+00:00,4396097.0,4433550.769230769,False,False
2018-03-14 00:00:00+00:00,4407258.0,4430393.0,False,False
2018-03-21 00:00:00+00:00,4401222.0,4426895.461538462,False,False
2018-03-28 00:00:00+00:00,4392198.0,4423337.923076923,False,False
2018-04-04 00:00:00+00:00,4386104.0,4418993.153846154,False,False
2018-04-11 00:00:00+00:00,4383684.0,4414561.307692308,False,False
2018-04-18 00:00:00+00:00,4385903.0,4409763.0,False,False
2018-04-25 00:00:00+00:00,4372886.0,4405667.461538462,False,False
2018-05-02 00:00:00+00:00,4356129.0,4400403.538461538,False,False
2018-05-09 00:00:00+00:00,4358207.0,4395550.0,False,False
2018-05-16 00:00:00+00:00,4337609.0,4390739.384615385,False,False
2018-05-23 00:00:00+00:00,4337301.0,4383258.307692308,False,False
2018-05-30 00:00:00+00:00,4327519.0,4377538.384615385,False,False
2018-06-06 00:00:00+00:00,4319191.0,4372470.538461538,False,False
2018-06-13 00:00:00+00:00,4324906.0,4366554.692307692,False,False
2018-06-20 00:00:00+00:00,4315896.0,4360219.923076923,False,False
2018-06-27 00:00:00+00:00,4305491.0,4353656.384615385,False,False
2018-07-04 00:00:00+00:00,4289764.0,4346986.615384615,False,False
2018-07-11 00:00:00+00:00,4291201.0,4339575.846153846,False,False
2018-07-18 00:00:00+00:00,4291615.0,4332461.769230769,False,False
2018-07-25 00:00:00+00:00,4277681.0,4325208.846153846,False,False
2018-08-01 00:00:00+00:00,4255653.0,4317885.384615385,False,False
2018-08-08 00:00:00+00:00,4258030.0,4310156.461538462,False,False
2018-08-15 00:00:00+00:00,4228924.0,4302450.538461538,False,False
2018-08-22 00:00:00+00:00,4228818.0,4294090.153846154,False,False
2018-08-29 00:00:00+00:00,4218914.0,4285745.307692308,False,False
2018-09-05 00:00:00+00:00,4208496.0,4277391.076923077,False,False
2018-09-12 00:00:00+00:00,4210812.0,4268876.076923077,False,False
2018-09-19 00:00:00+00:00,4208059.0,4260099.615384615,False,False
2018-09-26 00:00:00+00:00,4192909.0,4251804.461538462,False,False
2018-10-03 00:00:00+00:00,4174704.0,4243144.307692308,False,False
2018-10-10 00:00:00+00:00,4176906.0,4234293.538461538,False,False
2018-10-17 00:00:00+00:00,4175446.0,4225501.615384615,False,False
2018-10-24 00:00:00+00:00,4173070.0,4216565.538461538,False,False
2018-10-31 00:00:00+00:00,4139731.0,4208518.538461538,False,False
2018-11-07 00:00:00+00:00,4141936.0,4199601.461538462,False,False
2018-11-14 00:00:00+00:00,4145892.0,4190671.153846154,False,False
2018-11-21 00:00:00+00:00,4106198.0,4184284.076923077,False,False
2018-11-28 00:00:00+00:00,4097170.0,4174851.769230769,False,False
2018-12-05 00:00:00+00:00,4086044.0,4165486.846153846,False,False
2018-12-12 00:00:00+00:00,4088314.0,4156067.4615384615,False,False
2018-12-19 00:00:00+00:00,4084274.0,4146644.5384615385,False,False
2018-12-26 00:00:00+00:00,4075636.0,4137122.6153846155,False,False
2019-01-02 00:00:00+00:00,4058378.0,4128101.6153846155,False,False
2019-01-09 00:00:00+00:00,4056563.0,4119153.4615384615,False,False
2019-01-16 00:00:00+00:00,4050044.0,4109896.3076923075,False,False
2019-01-23 00:00:00+00:00,4047052.0,4100250.0,False,False
2019-01-30 00:00:00+00:00,4039678.0,4090556.3076923075,False,False
2019-02-06 00:00:00+00:00,4026350.0,4082859.923076923,False,False
2019-02-13 00:00:00+00:00,4028431.0,4073968.6923076925,False,False
2019-02-20 00:00:00+00:00,3981420.0,4064933.230769231,False,False
2019-02-27 00:00:00+00:00,3974590.0,4055334.923076923,False,False
2019-03-06 00:00:00+00:00,3969134.0,4045905.6923076925,False,False
2019-03-13 00:00:00+00:00,3971559.0,4036912.6153846155,False,False
2019-03-20 00:00:00+00:00,3962748.0,4027931.4615384615,False,False
2019-03-27 00:00:00+00:00,3955617.0,4018583.3076923075,False,False
2019-04-03 00:00:00+00:00,3935509.0,4009351.076923077,False,False
2019-04-10 00:00:00+00:00,3936784.0,3999899.6153846155,False,False
2019-04-17 00:00:00+00:00,3931827.0,3990685.846153846,False,False
2019-04-24 00:00:00+00:00,3928273.0,3981592.230769231,False,False
2019-05-01 00:00:00+00:00,3889691.0,3972455.3846153845,False,False
2019-05-08 00:00:00+00:00,3892216.0,3960917.923076923,False,False
2019-05-15 00:00:00+00:00,3864749.0,3950599.923076923,False,False
2019-05-22 00:00:00+00:00,3860435.0,3938009.0,False,False
2019-05-29 00:00:00+00:00,3851444.0,3928702.4615384615,False,False
2019-06-05 00:00:00+00:00,3847645.0,3919229.6923076925,False,False
2019-06-12 00:00:00+00:00,3849955.0,3909884.3846153845,False,False
2019-06-19 00:00:00+00:00,3844016.0,3900530.230769231,False,False
2019-06-26 00:00:00+00:00,3826817.0,3891397.0,False,False
2019-07-03 00:00:00+00:00,3813198.0,3881489.3076923075,False,False
2019-07-10 00:00:00+00:00,3815038.0,3872080.769230769,False,False
2019-07-17 00:00:00+00:00,3808110.0,3862715.6923076925,False,False
2019-07-24 00:00:00+00:00,3803436.0,3853199.0,False,False
2019-07-31 00:00:00+00:00,3779102.0,3843596.153846154,False,False
2019-08-07 00:00:00+00:00,3781543.0,3835089.3076923075,False,False
2019-08-14 00:00:00+00:00,3786018.0,3826576.0,False,False
2019-08-21 00:00:00+00:00,3764866.0,3820519.769230769,False,False
2019-08-28 00:00:00+00:00,3759946.0,3813168.3076923075,False,False
2019-09-04 00:00:00+00:00,3761508.0,3806130.0,False,False
2019-09-11 00:00:00+00:00,3769673.0,3799504.076923077,False,False
2019-09-18 00:00:00+00:00,3844695.0,3793328.5384615385,True,False
2019-09-25 00:00:00+00:00,3857715.0,3793380.769230769,True,True
2019-10-02 00:00:00+00:00,3945831.0,3795757.5384615385,True,True
2019-10-09 00:00:00+00:00,3949955.0,3805960.076923077,True,True
2019-10-16 00:00:00+00:00,3966471.0,3816338.3076923075,True,True
2019-10-23 00:00:00+00:00,3968700.0,3828519.923076923,True,True
2019-10-30 00:00:00+00:00,4019823.0,3841232.5384615385,True,True
2019-11-06 00:00:00+00:00,4039443.0,3859749.5384615385,True,True
2019-11-13 00:00:00+00:00,4047882.0,3879588.0,True,True
2019-11-20 00:00:00+00:00,4030249.0,3899731.3846153845,True,True
2019-11-27 00:00:00+00:00,4052875.0,3920145.4615384615,True,True
2019-12-04 00:00:00+00:00,4065696.0,3942678.4615384615,True,True
2019-12-11 00:00:00+00:00,4095491.0,3966077.5384615385,True,True
2019-12-18 00:00:00+00:00,4137052.0,3991140.4615384615,True,True
2019-12-25 00:00:00+00:00,4165591.0,4013629.4615384615,True,True
2020-01-01 00:00:00+00:00,4173626.0,4037312.230769231,True,True
2020-01-08 00:00:00+00:00,4149544.0,4054834.923076923,True,True
2020-01-15 00:00:00+00:00,4175850.0,4070187.923076923,True,True
2020-01-22 00:00:00+00:00,4145912.0,4086294.0,True,True
2020-01-29 00:00:00+00:00,4151630.0,4099925.6923076925,True,True
2020-02-05 00:00:00+00:00,4166707.0,4110064.6923076925,True,True
2020-02-12 00:00:00+00:00,4182689.0,4119854.230769231,True,True
2020-02-19 00:00:00+00:00,4171570.0,4130224.0,True,True
2020-02-26 00:00:00+00:00,4158637.0,4141094.846153846,True,True
2020-03-04 00:00:00+00:00,4241507.0,4149230.3846153845,True,True
2020-03-11 00:00:00+00:00,4311911.0,4162754.3076923075,True,True
2020-03-18 00:00:00+00:00,4668212.0,4179402.0,True,True
2020-03-25 00:00:00+00:00,5254278.0,4220260.461538462,True,True
2020-04-01 00:00:00+00:00,5811607.0,4304005.615384615,True,True
2020-04-08 00:00:00+00:00,6083141.0,4430004.153846154,True,True
2020-04-15 00:00:00+00:00,6367887.0,4578742.384615385,True,True
2020-04-22 00:00:00+00:00,6573136.0,4747360.615384615,True,True
2020-04-29 00:00:00+00:00,6655929.0,4934070.153846154,True,True
2020-05-06 00:00:00+00:00,6721420.0,5126708.538461538,True,True
2020-05-13 00:00:00+00:00,6934227.0,5323224.923076923,True,True
2020-05-20 00:00:00+00:00,7037258.0,5534881.692307692,True,True
2020-05-27 00:00:00+00:00,7097316.0,5755319.230769231,True,True
2020-06-03 00:00:00+00:00,7165217.0,5981371.461538462,True,True
2020-06-10 00:00:00+00:00,7168936.0,6206272.230769231,True,True
2020-06-17 00:00:00+00:00,7094690.0,6426043.384615385,True,True
2020-06-24 00:00:00+00:00,7082302.0,6612695.538461538,True,True
2020-07-01 00:00:00+00:00,7009040.0,6753312.769230769,True,True
2020-07-08 00:00:00+00:00,6920716.0,6845423.0,True,True
2020-07-15 00:00:00+00:00,6958604.0,6909851.846153846,True,True
2020-07-22 00:00:00+00:00,6964755.0,6955291.615384615,True,True
2020-07-29 00:00:00+00:00,6949032.0,6985416.153846154,False,True
2020-08-05 00:00:00+00:00,6945237.0,7007962.538461538,False,False
2020-08-12 00:00:00+00:00,6957277.0,7025179.230769231,False,False
2020-08-19 00:00:00+00:00,7010637.0,7026952.307692308,False,False
2020-08-26 00:00:00+00:00,6990418.0,7024904.538461538,False,False
2020-09-02 00:00:00+00:00,7017492.0,7016681.615384615,True,False
2020-09-09 00:00:00+00:00,7010614.0,7005318.153846154,True,True
2020-09-16 00:00:00+00:00,7064475.0,6993139.538461538,True,True
2020-09-23 00:00:00+00:00,7093161.0,6990815.307692308,True,True
2020-09-30 00:00:00+00:00,7056129.0,6991650.615384615,True,True
2020-10-07 00:00:00+00:00,7074649.0,6995272.846153846,True,True
2020-10-14 00:00:00+00:00,7151426.0,7007113.846153846,True,True
2020-10-21 00:00:00+00:00,7177265.0,7021946.307692308,True,True
2020-10-28 00:00:00+00:00,7146306.0,7038293.230769231,True,True
2020-11-04 00:00:00+00:00,7157479.0,7053468.153846154,True,True
2020-11-11 00:00:00+00:00,7175417.0,7069794.461538462,True,True
2020-11-18 00:00:00+00:00,7243080.0,7086574.461538462,True,True
2020-11-25 00:00:00+00:00,7216480.0,7104454.692307692,True,True
2020-12-02 00:00:00+00:00,7222414.0,7121844.076923077,True,True
2020-12-09 00:00:00+00:00,7242658.0,7137607.307692308,True,True
2020-12-16 00:00:00+00:00,7362592.0,7155456.846153846,True,True
2020-12-23 00:00:00+00:00,7404039.0,7178388.923076923,True,True
2020-12-30 00:00:00+00:00,7363351.0,7202302.615384615,True,True
2021-01-06 00:00:00+00:00,7334809.0,7225935.076923077,True,True
2021-01-13 00:00:00+00:00,7333968.0,7245947.384615385,True,True
2021-01-20 00:00:00+00:00,7414942.0,7259989.076923077,True,True
2021-01-27 00:00:00+00:00,7404926.0,7278271.923076923,True,True
2021-02-03 00:00:00+00:00,7410598.0,7298165.769230769,True,True
2021-02-10 00:00:00+00:00,7442225.0,7317636.461538462,True,True
2021-02-17 00:00:00+00:00,7557402.0,7338160.153846154,True,True
2021-02-24 00:00:00+00:00,7590111.0,7362338.769230769,True,True
2021-03-03 00:00:00+00:00,7557524.0,7391079.615384615,True,True
2021-03-10 00:00:00+00:00,7579901.0,7416857.307692308,True,True
2021-03-17 00:00:00+00:00,7693506.0,7442799.076923077,True,True
2021-03-24 00:00:00+00:00,7719622.0,7468254.0,True,True
2021-03-31 00:00:00+00:00,7688988.0,7492529.615384615,True,True
2021-04-07 00:00:00+00:00,7708882.0,7517578.615384615,True,True
2021-04-14 00:00:00+00:00,7793104.0,7546353.461538462,True,True
2021-04-21 00:00:00+00:00,7820948.0,7581671.615384615,True,True
2021-04-28 00:00:00+00:00,7780962.0,7612902.846153846,True,True
2021-05-05 00:00:00+00:00,7810486.0,7641828.692307692,True,True
2021-05-12 00:00:00+00:00,7830663.0,7672589.307692308,True,True
2021-05-19 00:00:00+00:00,7922883.0,7702469.153846154,True,True
2021-05-26 00:00:00+00:00,7903541.0,7730583.076923077,True,True
2021-06-02 00:00:00+00:00,7935703.0,7754693.076923077,True,True
2021-06-09 00:00:00+00:00,7952327.0,7783783.769230769,True,True
2021-06-16 00:00:00+00:00,8064257.0,7812431.923076923,True,True
2021-06-23 00:00:00+00:00,8101945.0,7840951.230769231,True,True
2021-06-30 00:00:00+00:00,8078544.0,7870360.692307692,True,True
2021-07-07 00:00:00+00:00,8097773.0,7900326.538461538,True,True
2021-07-14 00:00:00+00:00,8201651.0,7930241.230769231,True,True
2021-07-21 00:00:00+00:00,8240530.0,7961667.923076923,True,True
2021-07-28 00:00:00+00:00,8221473.0,7993943.461538462,True,True
2021-08-04 00:00:00+00:00,8235073.0,8027828.923076923,True,True
2021-08-11 00:00:00+00:00,8257159.0,8060489.461538462,True,True
2021-08-18 00:00:00+00:00,8342598.0,8093296.846153846,True,True
2021-08-25 00:00:00+00:00,8332743.0,8125582.615384615,True,True
2021-09-01 00:00:00+00:00,8349173.0,8158598.153846154,True,True
2021-09-08 00:00:00+00:00,8357314.0,8190403.538461538,True,True
2021-09-15 00:00:00+00:00,8448770.0,8221556.384615385,True,True
2021-09-22 00:00:00+00:00,8489824.0,8251134.307692308,True,True
2021-09-29 00:00:00+00:00,8447981.0,8280971.153846154,True,True
2021-10-06 00:00:00+00:00,8464032.0,8309389.384615385,True,True
2021-10-13 00:00:00+00:00,8480942.0,8337563.153846154,True,True
2021-10-20 00:00:00+00:00,8564943.0,8359047.076923077,True,True
2021-10-27 00:00:00+00:00,8556181.0,8384001.923076923,True,True
2021-11-03 00:00:00+00:00,8574871.0,8409748.692307692,True,True
2021-11-10 00:00:00+00:00,8663117.0,8435887.0,True,True
2021-11-17 00:00:00+00:00,8674970.0,8467114.538461538,True,True
2021-11-24 00:00:00+00:00,8681771.0,8492681.615384616,True,True
2021-12-01 00:00:00+00:00,8650402.0,8519529.923076924,True,True
2021-12-08 00:00:00+00:00,8664524.0,8542701.384615384,True,True
2021-12-15 00:00:00+00:00,8756666.0,8566332.923076924,True,True
2021-12-22 00:00:00+00:00,8790495.0,8590017.23076923,True,True
2021-12-29 00:00:00+00:00,8757460.0,8613145.76923077,True,True
2022-01-05 00:00:00+00:00,8765721.0,8636951.846153846,True,True
2022-01-12 00:00:00+00:00,8788278.0,8660158.692307692,True,True
2022-01-19 00:00:00+00:00,8867834.0,8683799.923076924,True,True
2022-01-26 00:00:00+00:00,8860485.0,8707099.23076923,True,True
2022-02-02 00:00:00+00:00,8873211.0,8730507.23076923,True,True
2022-02-09 00:00:00+00:00,8878009.0,8753456.461538462,True,True
2022-02-16 00:00:00+00:00,8911033.0,8769986.615384616,True,True
2022-02-23 00:00:00+00:00,8928129.0,8788145.307692308,True,True
2022-03-02 00:00:00+00:00,8904455.0,8807095.923076924,True,True
2022-03-09 00:00:00+00:00,8910748.0,8826638.461538462,True,True
2022-03-16 00:00:00+00:00,8954306.0,8845578.76923077,True,True
2022-03-23 00:00:00+00:00,8962474.0,8860781.846153846,True,True
2022-03-30 00:00:00+00:00,8937142.0,8874011.0,True,True
2022-04-06 00:00:00+00:00,8937592.0,8887832.692307692,True,True
2022-04-13 00:00:00+00:00,8965487.0,8901053.538461538,True,True
2022-04-20 00:00:00+00:00,8955851.0,8914685.0,True,True
2022-04-27 00:00:00+00:00,8939199.0,8921455.538461538,True,True
2022-05-04 00:00:00+00:00,8939972.0,8927510.461538462,True,True
2022-05-11 00:00:00+00:00,8942008.0,8932645.923076924,True,True
2022-05-18 00:00:00+00:00,8945898.0,8937568.923076924,True,True
2022-05-25 00:00:00+00:00,8914281.0,8940250.846153846,False,True
2022-06-01 00:00:00+00:00,8915050.0,8939185.615384616,False,False
2022-06-08 00:00:00+00:00,8918254.0,8940000.615384616,False,False
2022-06-15 00:00:00+00:00,8932420.0,8940578.0,False,False
2022-06-22 00:00:00+00:00,8934346.0,8938894.461538462,False,False
2022-06-29 00:00:00+00:00,8913553.0,8936730.76923077,False,False
2022-07-06 00:00:00+00:00,8891851.0,8934916.23076923,False,False
2022-07-13 00:00:00+00:00,8895867.0,8931397.692307692,False,False
2022-07-20 00:00:00+00:00,8899213.0,8926042.307692308,False,False
2022-07-27 00:00:00+00:00,8890004.0,8921685.538461538,False,False
2022-08-03 00:00:00+00:00,8874620.0,8917901.307692308,False,False
2022-08-10 00:00:00+00:00,8879138.0,8912874.23076923,False,False
2022-08-17 00:00:00+00:00,8849762.0,8908038.076923076,False,False
2022-08-24 00:00:00+00:00,8851436.0,8900643.0,False,False
2022-08-31 00:00:00+00:00,8826093.0,8895808.76923077,False,False
2022-09-07 00:00:00+00:00,8822401.0,8888965.923076924,False,False
2022-09-14 00:00:00+00:00,8832759.0,8881592.615384616,False,False
2022-09-21 00:00:00+00:00,8816802.0,8873926.384615384,False,False
2022-09-28 00:00:00+00:00,8795567.0,8864884.538461538,False,False
2022-10-05 00:00:00+00:00,8759053.0,8855808.692307692,False,False
2022-10-12 00:00:00+00:00,8758969.0,8845593.461538462,False,False
2022-10-19 00:00:00+00:00,8743922.0,8835062.846153846,False,False
2022-10-26 00:00:00+00:00,8723090.0,8823117.384615384,False,False
2022-11-02 00:00:00+00:00,8676870.0,8810277.846153846,False,False
2022-11-09 00:00:00+00:00,8678886.0,8795066.307692308,False,False
2022-11-16 00:00:00+00:00,8625620.0,8779662.307692308,False,False
2022-11-23 00:00:00+00:00,8621390.0,8762420.615384616,False,False
2022-11-30 00:00:00+00:00,8584576.0,8744724.76923077,False,False
2022-12-07 00:00:00+00:00,8582735.0,8726146.538461538,False,False
2022-12-14 00:00:00+00:00,8583413.0,8707710.692307692,False,False
2022-12-21 00:00:00+00:00,8564411.0,8688530.23076923,False,False
2022-12-28 00:00:00+00:00,8551169.0,8669115.538461538,False,False
2023-01-04 00:00:00+00:00,8507429.0,8650315.692307692,False,False
2023-01-11 00:00:00+00:00,8508587.0,8630960.0,False,False
2023-01-18 00:00:00+00:00,8489039.0,8611699.846153846,False,False
2023-01-25 00:00:00+00:00,8470557.0,8592093.461538462,False,False
2023-02-01 00:00:00+00:00,8433610.0,8572667.846153846,False,False
2023-02-08 00:00:00+00:00,8435369.0,8553955.538461538,False,False
2023-02-15 00:00:00+00:00,8384767.0,8535223.461538462,False,False
2023-02-22 00:00:00+00:00,8382190.0,8516696.307692308,False,False
2023-03-01 00:00:00+00:00,8339684.0,8498296.307692308,False,False
2023-03-08 00:00:00+00:00,8342283.0,8479458.461538462,False,False
2023-03-15 00:00:00+00:00,8639300.0,8460962.153846154,True,False
2023-03-22 00:00:00+00:00,8733787.0,8465261.153846154,True,True
2023-03-29 00:00:00+00:00,8705942.0,8478290.076923076,True,True
2023-04-05 00:00:00+00:00,8632384.0,8490195.692307692,True,True
2023-04-12 00:00:00+00:00,8614797.0,8499807.615384616,True,True
2023-04-19 00:00:00+00:00,8593263.0,8507977.615384616,True,True
2023-04-26 00:00:00+00:00,8562768.0,8515994.846153846,True,True
2023-05-03 00:00:00+00:00,8503994.0,8523088.0,False,True
2023-05-10 00:00:00+00:00,8503017.0,8528502.153846154,False,False
2023-05-17 00:00:00+00:00,8456760.0,8533705.846153846,False,False
2023-05-24 00:00:00+00:00,8436255.0,8539243.76923077,False,False
2023-05-31 00:00:00+00:00,8385854.0,8543402.615384616,False,False
2023-06-07 00:00:00+00:00,8389325.0,8546954.153846154,False,False
2023-06-14 00:00:00+00:00,8388323.0,8550572.76923077,False,False
2023-06-21 00:00:00+00:00,8362060.0,8531266.846153846,False,False
2023-06-28 00:00:00+00:00,8340914.0,8502672.461538462,False,False
2023-07-05 00:00:00+00:00,8298312.0,8474593.384615384,False,False
2023-07-12 00:00:00+00:00,8296923.0,8448895.538461538,False,False
2023-07-19 00:00:00+00:00,8274552.0,8424443.692307692,False,False
2023-07-26 00:00:00+00:00,8243344.0,8399927.461538462,False,False
2023-08-02 00:00:00+00:00,8206764.0,8375356.384615385,False,False
2023-08-09 00:00:00+00:00,8208241.0,8352492.538461538,False,False
2023-08-16 00:00:00+00:00,8145727.0,8329817.461538462,False,False
2023-08-23 00:00:00+00:00,8139066.0,8305891.846153846,False,False
2023-08-30 00:00:00+00:00,8121316.0,8283031.153846154,False,False
2023-09-06 00:00:00+00:00,8101318.0,8262682.076923077,False,False
2023-09-13 00:00:00+00:00,8098779.0,8240527.692307692,False,False
2023-09-20 00:00:00+00:00,8024090.0,8218255.076923077,False,False
2023-09-27 00:00:00+00:00,8002064.0,8192257.384615385,False,False
2023-10-04 00:00:00+00:00,7955782.0,8166192.0,False,False
2023-10-11 00:00:00+00:00,7952054.0,8139843.538461538,False,False
2023-10-18 00:00:00+00:00,7933162.0,8113315.153846154,False,False
2023-10-25 00:00:00+00:00,7907830.0,8087054.384615385,False,False
2023-11-01 00:00:00+00:00,7866664.0,8061245.615384615,False,False
2023-11-08 00:00:00+00:00,7860691.0,8035084.076923077,False,False
2023-11-15 00:00:00+00:00,7814991.0,8008349.461538462,False,False
2023-11-22 00:00:00+00:00,7810814.0,7982908.230769231,False,False
2023-11-29 00:00:00+00:00,7796145.0,7957658.076923077,False,False
2023-12-06 00:00:00+00:00,7737385.0,7932644.923076923,False,False
2023-12-13 00:00:00+00:00,7739566.0,7904650.076923077,False,False
2023-12-20 00:00:00+00:00,7724063.0,7877018.307692308,False,False
2023-12-27 00:00:00+00:00,7712781.0,7853939.307692308,False,False
2024-01-03 00:00:00+00:00,7681024.0,7831686.769230769,False,False
2024-01-10 00:00:00+00:00,7686710.0,7810551.538461538,False,False
2024-01-17 00:00:00+00:00,7673741.0,7790140.461538462,False,False
2024-01-24 00:00:00+00:00,7677230.0,7770185.0,False,False
2024-01-31 00:00:00+00:00,7630124.0,7752446.538461538,False,False
2024-02-07 00:00:00+00:00,7631300.0,7734251.153846154,False,False
2024-02-14 00:00:00+00:00,7633874.0,7716605.692307692,False,False
2024-02-21 00:00:00+00:00,7581683.0,7702673.615384615,False,False
2024-02-28 00:00:00+00:00,7567807.0,7685048.153846154,False,False
2024-03-06 00:00:00+00:00,7538857.0,7667483.692307692,False,False
2024-03-13 00:00:00+00:00,7541969.0,7652212.307692308,False,False
2024-03-20 00:00:00+00:00,7514348.0,7637012.538461538,False,False
2024-03-27 00:00:00+00:00,7484739.0,7620880.615384615,False,False
2024-04-03 00:00:00+00:00,7439558.0,7603338.923076923,False,False
2024-04-10 00:00:00+00:00,7438176.0,7584764.615384615,False,False
2024-04-17 00:00:00+00:00,7405506.0,7565646.615384615,False,False
2024-04-24 00:00:00+00:00,7402434.0,7545013.153846154,False,False
2024-05-01 00:00:00+00:00,7362474.0,7523875.0,False,False
2024-05-08 00:00:00+00:00,7353408.0,7503286.538461538,False,False
2024-05-15 00:00:00+00:00,7304272.0,7481910.230769231,False,False
2024-05-22 00:00:00+00:00,7299566.0,7456556.230769231,False,False
2024-05-29 00:00:00+00:00,7284319.0,7434854.923076923,False,False
2024-06-05 00:00:00+00:00,7255687.0,7413048.153846154,False,False
2024-06-12 00:00:00+00:00,7258974.0,7391265.846153846,False,False
2024-06-19 00:00:00+00:00,7252542.0,7369497.0,False,False
2024-06-26 00:00:00+00:00,7231163.0,7349358.076923077,False,False
2024-07-03 00:00:00+00:00,7221520.0,7329852.230769231,False,False
2024-07-10 00:00:00+00:00,7224079.0,7313080.076923077,False,False
2024-07-17 00:00:00+00:00,7208247.0,7296611.076923077,False,False
2024-07-24 00:00:00+00:00,7205455.0,7281437.307692308,False,False
2024-07-31 00:00:00+00:00,7178391.0,7266285.076923077,False,False
2024-08-07 00:00:00+00:00,7175256.0,7252124.846153846,False,False
2024-08-14 00:00:00+00:00,7177688.0,7238420.846153846,False,False
2024-08-21 00:00:00+00:00,7139952.0,7228683.615384615,False,False
2024-08-28 00:00:00+00:00,7123238.0,7216405.615384615,False,False
2024-09-04 00:00:00+00:00,7112567.0,7204014.769230769,False,False
2024-09-11 00:00:00+00:00,7115001.0,7193005.538461538,False,False
2024-09-18 00:00:00+00:00,7109137.0,7181930.692307692,False,False
2024-09-25 00:00:00+00:00,7080059.0,7170899.538461538,False,False
2024-10-02 00:00:00+00:00,7046925.0,7159276.153846154,False,False
2024-10-09 00:00:00+00:00,7046840.0,7145845.769230769,False,False
2024-10-16 00:00:00+00:00,7039284.0,7132212.0,False,False
2024-10-23 00:00:00+00:00,7029408.0,7119214.846153846,False,False
2024-10-30 00:00:00+00:00,7013490.0,7105672.769230769,False,False
2024-11-06 00:00:00+00:00,6994299.0,7092988.076923077,False,False
2024-11-13 00:00:00+00:00,6967108.0,7079068.307692308,False,False
2024-11-20 00:00:00+00:00,6923731.0,7062869.846153846,False,False
2024-11-27 00:00:00+00:00,6905140.0,7046237.461538462,False,False
2024-12-04 00:00:00+00:00,6895827.0,7029460.692307692,False,False
2024-12-11 00:00:00+00:00,6897485.0,7012788.384615385,False,False
2024-12-18 00:00:00+00:00,6889332.0,6996056.384615385,False,False
2024-12-25 00:00:00+00:00,6885963.0,6979148.307692308,False,False
2025-01-01 00:00:00+00:00,6852491.0,6964217.846153846,False,False
2025-01-08 00:00:00+00:00,6853554.0,6949261.384615385,False,False
2025-01-15 00:00:00+00:00,6834070.0,6934393.230769231,False,False
2025-01-22 00:00:00+00:00,6831760.0,6918607.538461538,False,False
2025-01-29 00:00:00+00:00,6818186.0,6903403.846153846,False,False
2025-02-05 00:00:00+00:00,6810935.0,6888380.461538462,False,False
2025-02-12 00:00:00+00:00,6813513.0,6874275.538461538,False,False
2025-02-19 00:00:00+00:00,6782332.0,6862460.538461538,False,False
2025-02-26 00:00:00+00:00,6766101.0,6851583.692307692,False,False
2025-03-05 00:00:00+00:00,6756764.0,6840888.384615385,False,False
2025-03-12 00:00:00+00:00,6759571.0,6830191.230769231,False,False
2025-03-19 00:00:00+00:00,6755982.0,6819582.461538462,False,False
2025-03-26 00:00:00+00:00,6740253.0,6809324.769230769,False,False
2025-04-02 00:00:00+00:00,6723452.0,6798116.307692308,False,False
2025-04-09 00:00:00+00:00,6727416.0,6788190.230769231,False,False
2025-04-16 00:00:00+00:00,6727113.0,6778487.307692308,False,False
2025-04-23 00:00:00+00:00,6726930.0,6770259.846153846,False,False
2025-04-30 00:00:00+00:00,6709277.0,6762196.0,False,False
2025-05-07 00:00:00+00:00,6710889.0,6753818.384615385,False,False
2025-05-14 00:00:00+00:00,6713270.0,6746122.538461538,False,False
2025-05-21 00:00:00+00:00,6688726.0,6738411.538461538,False,False
2025-05-28 00:00:00+00:00,6673244.0,6731211.076923077,False,False
2025-06-04 00:00:00+00:00,6672885.0,6724068.230769231,False,False
2025-06-11 00:00:00+00:00,6677155.0,6717616.0,False,False
2025-06-18 00:00:00+00:00,6681056.0,6711276.307692308,False,False
2025-06-25 00:00:00+00:00,6662200.0,6705512.769230769,False,False
2025-07-02 00:00:00+00:00,6659598.0,6699508.692307692,False,False
2025-07-09 00:00:00+00:00,6661912.0,6694596.846153846,False,False
2025-07-16 00:00:00+00:00,6659273.0,6689558.076923077,False,False
2025-07-23 00:00:00+00:00,6657715.0,6684339.615384615,False,False
2025-07-30 00:00:00+00:00,6642578.0,6679015.384615385,False,False
2025-08-06 00:00:00+00:00,6640843.0,6673884.692307692,False,False
2025-08-13 00:00:00+00:00,6643615.0,6668496.538461538,False,False
2025-08-20 00:00:00+00:00,6618415.0,6663138.461538462,False,False
2025-08-27 00:00:00+00:00,6603384.0,6657729.923076923,False,False
2025-09-03 00:00:00+00:00,6602071.0,6652356.076923077,False,False
2025-09-10 00:00:00+00:00,6605962.0,6646908.846153846,False,False
2025-09-17 00:00:00+00:00,6608597.0,6641432.461538462,False,False
2025-09-24 00:00:00+00:00,6608395.0,6635858.692307692,False,False
2025-10-01 00:00:00+00:00,6587119.0,6631719.846153846,False,False
2025-10-08 00:00:00+00:00,6590815.0,6626144.538461538,False,False
2025-10-15 00:00:00+00:00,6596454.0,6620675.538461538,False,False
2025-10-22 00:00:00+00:00,6589533.0,6615843.307692308,False,False
2025-10-29 00:00:00+00:00,6587034.0,6610598.538461538,False,False
2025-11-05 00:00:00+00:00,6572732.0,6606325.923076923,False,False
2025-11-12 00:00:00+00:00,6580462.0,6601086.615384615,False,False
2025-11-19 00:00:00+00:00,6555283.0,6596228.692307692,False,False
2025-11-26 00:00:00+00:00,6552419.0,6591372.384615385,False,False
2025-12-03 00:00:00+00:00,6535781.0,6587452.0,False,False
2025-12-10 00:00:00+00:00,6539303.0,6582352.769230769,False,False
2025-12-17 00:00:00+00:00,6556861.0,6577225.153846154,False,False
2025-12-24 00:00:00+00:00,6581231.0,6573245.461538462,True,False
2025-12-31 00:00:00+00:00,6640618.0,6571155.923076923,True,True
2026-01-07 00:00:00+00:00,6573602.0,6575271.230769231,False,True
2026-01-14 00:00:00+00:00,6581700.0,6573947.153846154,True,False
2026-01-21 00:00:00+00:00,6584580.0,6572812.230769231,True,True
2026-01-28 00:00:00+00:00,6587568.0,6572431.230769231,True,True
2026-02-04 00:00:00+00:00,6605909.0,6572472.307692308,True,True
2026-02-11 00:00:00+00:00,6622382.0,6575024.384615385,True,True
2026-02-18 00:00:00+00:00,6613395.0,6578249.0,True,True
2026-02-25 00:00:00+00:00,6613797.0,6582719.153846154,True,True
2026-03-04 00:00:00+00:00,6628894.0,6587440.538461538,True,True
2026-03-11 00:00:00+00:00,6646344.0,6594603.076923077,True,True
2026-03-18 00:00:00+00:00,6655939.0,6602837.0,True,True
2026-03-25 00:00:00+00:00,6657161.0,6610458.384615385,True,True
2026-04-01 00:00:00+00:00,6675344.0,6616299.153846154,True,True
2026-04-08 00:00:00+00:00,6693871.0,6618970.384615385,True,True
2026-04-15 00:00:00+00:00,6705696.0,6628221.846153846,True,True
2026-04-22 00:00:00+00:00,6707419.0,6637760.0,True,True
2026-04-29 00:00:00+00:00,6699950.0,6647209.153846154,True,True
2026-05-06 00:00:00+00:00,6709505.0,6655853.923076923,True,True
2026-05-13 00:00:00+00:00,6728502.0,6663822.846153846,True,True
2026-05-20 00:00:00+00:00,6713643.0,6671985.923076923,True,True
2026-05-27 00:00:00+00:00,6704383.0,6679697.307692308,True,True
2026-06-03 00:00:00+00:00,6711495.0,6686665.461538462,True,True
2026-06-10 00:00:00+00:00,6725397.0,6693019.384615385,True,True
2026-06-17 00:00:00+00:00,6736424.0,6699100.384615385,True,True
2026-06-24 00:00:00+00:00,6735645.0,6705291.538461538,True,True
2026-07-01 00:00:00+00:00,6724564.0,6711328.769230769,True,True
2026-07-08 00:00:00+00:00,6735609.0,6715114.923076923,True,True
2026-07-15 00:00:00+00:00,6743028.0,6718325.538461538,True,True
2026-07-22 00:00:00+00:00,6747378.0,6721197.230769231,True,True
