entry_time,exit_time,entry_price,exit_price,gross_return,capital_at_entry,capital_at_exit,trade_return,asset
2020-11-11 00:00:00+00:00,2020-11-27 00:00:00+00:00,15297.21,17149.47,0.12108482527205955,9985.0,11177.240932371004,0.11940319803415167,BTC
2020-11-30 00:00:00+00:00,2020-12-10 00:00:00+00:00,18185.0,18541.29,0.019592521308771014,11160.475070972447,11362.068211241558,0.018063132526807912,BTC
2020-12-18 00:00:00+00:00,2021-01-21 00:00:00+00:00,22797.15,35468.23,0.5558186001320341,11345.025108924696,17624.324881804856,0.5534848722318364,BTC
2021-02-14 00:00:00+00:00,2021-02-25 00:00:00+00:00,47156.78,49676.21,0.05342667586718178,17597.88839448215,18510.277946070466,0.05184653585338106,BTC
2021-07-27 00:00:00+00:00,2021-09-07 00:00:00+00:00,37241.33,52666.2,0.4141868724881736,18482.51252915136,26098.51999944006,0.4120655921794414,BTC
2022-02-09 00:00:00+00:00,2022-02-17 00:00:00+00:00,44043.0,43873.56,-0.003847149376745506,26059.372219440902,25920.17924496573,-0.005341378652680362,BTC
2022-10-29 00:00:00+00:00,2022-11-08 00:00:00+00:00,20591.84,20590.67,-5.6818623299418206e-05,25881.298976098282,25841.00869366678,-0.0015567333953644402,BTC
2022-12-08 00:00:00+00:00,2022-12-16 00:00:00+00:00,16836.64,17356.96,0.030904028357201897,25802.24718062628,26559.741098337126,0.02935767231466624,BTC
2023-01-16 00:00:00+00:00,2023-02-06 00:00:00+00:00,20872.99,22932.91,0.09868830483797472,26519.90148668962,29093.399950467785,0.09704027238071777,BTC
2023-03-14 00:00:00+00:00,2023-04-20 00:00:00+00:00,24112.27,28797.1,0.19429236650054094,29049.759850542086,34641.86557851905,0.19250092795079032,BTC
2023-07-03 00:00:00+00:00,2023-07-06 00:00:00+00:00,30617.02,30504.8,-0.003665281598274462,34589.90278015127,34411.426364436076,-0.005159783675876994,BTC
2023-10-19 00:00:00+00:00,2023-12-29 00:00:00+00:00,28320.0,42563.76,0.5029576271186441,34359.809224889425,51563.875334877775,0.5007031906779662,BTC
2024-01-01 00:00:00+00:00,2024-01-12 00:00:00+00:00,42283.58,46339.16,0.0959138275425118,51486.52952187546,56340.16243574627,0.09426995680119798,BTC
2024-02-18 00:00:00+00:00,2024-03-16 00:00:00+00:00,51642.64,69499.84,0.3457840265331129,56255.65219209265,75594.39618513732,0.34376535049331336,BTC
2024-07-19 00:00:00+00:00,2024-07-31 00:00:00+00:00,63987.92,66188.0,0.034382739742126356,75481.00459085962,77959.13395469062,0.03283116563251309,BTC
2024-09-19 00:00:00+00:00,2024-10-01 00:00:00+00:00,61759.98,63327.6,0.025382456406235807,77842.19525375859,79698.29434928078,0.023844382721626367,BTC
2024-10-18 00:00:00+00:00,2024-12-21 00:00:00+00:00,67421.78,97805.44,0.45065051679145823,79578.74690775687,115267.78890186314,0.44847454101627116,BTC
2025-05-01 00:00:00+00:00,2025-05-30 00:00:00+00:00,94172.0,105589.75,0.1212435755850996,115094.88721851035,128855.82877213167,0.11956171022172213,BTC
2025-07-09 00:00:00+00:00,2025-07-31 00:00:00+00:00,108922.99,117840.29,0.08186793256409862,128662.54502897349,138987.0877665474,0.08024513066525252,BTC
2025-09-16 00:00:00+00:00,2025-09-21 00:00:00+00:00,115349.71,115685.63,0.0029121876422576027,138778.60713489758,138973.98234488614,0.0014078193607942602,BTC
2026-05-10 00:00:00+00:00,2026-05-15 00:00:00+00:00,80678.41,81090.0,0.005101612686715027,138765.5213713688,139264.2391417021,0.0035939602676848814,BTC
2022-02-09 00:00:00+00:00,2022-02-18 00:00:00+00:00,3116.69,2891.88,-0.07213101078387646,9985.0,9250.87469953701,-0.07352281426770058,ETH
2022-04-01 00:00:00+00:00,2022-04-06 00:00:00+00:00,3281.51,3407.0,0.0382415412416844,9236.998387487703,9575.850089108777,0.03668417892982179,ETH
2022-07-24 00:00:00+00:00,2022-08-19 00:00:00+00:00,1548.66,1846.39,0.1922500742577454,9561.486313975114,11382.58324369947,0.1904616991463588,ETH
2022-10-29 00:00:00+00:00,2022-11-08 00:00:00+00:00,1554.4,1568.09,0.008807256819351407,11365.50936883392,11448.409916234894,0.007294045934122417,ETH
2022-12-13 00:00:00+00:00,2022-12-16 00:00:00+00:00,1275.41,1266.53,-0.0069624669714053585,11431.237301360543,11334.620217673712,-0.008452023270948295,ETH
2023-01-15 00:00:00+00:00,2023-02-09 00:00:00+00:00,1549.91,1650.42,0.06484892671187359,11317.6182873472,12033.476355687015,0.06325165332180571,ETH
2023-02-17 00:00:00+00:00,2023-02-25 00:00:00+00:00,1637.83,1607.8,-0.01833523625773125,12015.426141153484,11777.42778342194,-0.01980773340334452,ETH
2023-03-13 00:00:00+00:00,2023-03-27 00:00:00+00:00,1580.33,1773.88,0.12247441989964133,11759.761641746807,13180.231579537334,0.12079070826979188,ETH
2023-04-10 00:00:00+00:00,2023-04-21 00:00:00+00:00,1858.91,1942.98,0.04522542780446602,13160.461232168029,13735.015248414671,0.04365758966275912,ETH
2023-06-25 00:00:00+00:00,2023-07-22 00:00:00+00:00,1874.95,1891.73,0.008949571988586348,13714.41272554205,13816.395123236209,0.007436147630603518,ETH
2023-10-25 00:00:00+00:00,2023-11-21 00:00:00+00:00,1784.98,2021.41,0.1324552656052169,13795.670530551355,15599.545265275283,0.13075658270680912,ETH
2023-12-07 00:00:00+00:00,2023-12-17 00:00:00+00:00,2232.7,2228.96,-0.0016751018945670184,15576.14594737737,15526.729234317181,-0.0031725892417250323,ETH
2024-02-12 00:00:00+00:00,2024-03-16 00:00:00+00:00,2507.22,3742.19,0.4925654709199832,15503.439140465705,23105.188094656143,0.4903266227136034,ETH
2024-09-27 00:00:00+00:00,2024-10-01 00:00:00+00:00,2632.25,2602.24,-0.011400892772343135,23070.53031251416,22773.294411714767,-0.012883791433184522,ETH
2025-07-14 00:00:00+00:00,2025-08-01 00:00:00+00:00,2972.03,3698.39,0.24439860970447796,22739.134470097197,28254.102499491415,0.24253201178992123,ETH
2026-04-17 00:00:00+00:00,2026-04-29 00:00:00+00:00,2348.16,2289.42,-0.025015331152902606,28211.72134574218,27464.7368001942,-0.026477808156173177,ETH
2022-03-30 00:00:00+00:00,2022-04-08 00:00:00+00:00,111.62,118.47,0.06136893029922948,9985.0,10581.87211588425,0.05977687690378075,SOL
2022-07-18 00:00:00+00:00,2022-07-25 00:00:00+00:00,38.61,40.93,0.0600880600880601,10565.999307710425,11184.088374439027,0.05849792799792808,SOL
2022-09-12 00:00:00+00:00,2022-09-18 00:00:00+00:00,34.99,33.69,-0.037153472420691745,11167.31224187737,10736.279202763797,-0.03859774221206069,SOL
2022-10-30 00:00:00+00:00,2022-11-07 00:00:00+00:00,32.87,32.61,-0.007909948281107334,10720.174783959652,10619.425687720319,-0.009398083358685638,SOL
2023-01-09 00:00:00+00:00,2023-02-05 00:00:00+00:00,14.46,24.34,0.6832641770401106,10603.49654918874,17821.71316377891,0.6807392807745505,SOL
2023-05-30 00:00:00+00:00,2023-06-07 00:00:00+00:00,20.57,20.38,-0.009236752552260636,17794.98059403324,17604.166842471455,-0.010722897423432243,SOL
2023-07-06 00:00:00+00:00,2023-07-24 00:00:00+00:00,18.99,24.76,0.3038441284886784,17577.76059220775,22884.281950219553,0.3018883622959454,SOL
2023-09-20 00:00:00+00:00,2023-10-11 00:00:00+00:00,20.02,22.11,0.10439560439560439,22849.955527294223,25197.53735931132,0.10273901098901117,SOL
2023-10-25 00:00:00+00:00,2024-01-03 00:00:00+00:00,30.18,106.72,2.5361166335321403,25159.741053272355,88834.32716558708,2.5308124585818423,SOL
2024-03-07 00:00:00+00:00,2024-04-05 00:00:00+00:00,130.8,184.0,0.40672782874617724,88701.0756748387,124591.10418412894,0.4046177370030579,SOL
2024-09-26 00:00:00+00:00,2024-10-02 00:00:00+00:00,147.97,145.12,-0.019260660944786068,124404.21752785276,121825.09790883647,-0.020731769953368784,SOL
2024-11-06 00:00:00+00:00,2024-12-02 00:00:00+00:00,166.63,236.79,0.42105263157894735,121642.36026197323,172600.90586750882,0.41892105263157897,SOL
2025-09-17 00:00:00+00:00,2025-09-22 00:00:00+00:00,236.96,236.16,-0.003376097231600318,172342.00450870756,171502.52090268067,-0.004871033085752874,SOL
2022-03-21 00:00:00+00:00,2022-03-31 00:00:00+00:00,0.8057,0.8613,0.06900831575027924,9985.0,10658.036960717389,0.06740480327665388,XRP
2022-09-12 00:00:00+00:00,2022-10-16 00:00:00+00:00,0.3551,0.4818,0.3568009011546043,10642.049905276313,14417.484187258757,0.3547656998028723,XRP
2022-11-04 00:00:00+00:00,2022-11-08 00:00:00+00:00,0.4548,0.4647,0.021767810026385268,14395.85796097787,14687.160425845903,0.02023515831134559,XRP
2023-03-27 00:00:00+00:00,2023-04-19 00:00:00+00:00,0.4479,0.5325,0.18888144675150692,14665.129685207135,17408.94794605211,0.18709812458137987,XRP
2023-06-09 00:00:00+00:00,2023-06-14 00:00:00+00:00,0.5237,0.5193,-0.00840175673095297,17382.83452413303,17210.932994901104,-0.009889154095856556,XRP
2023-11-05 00:00:00+00:00,2023-11-16 00:00:00+00:00,0.6149,0.6482,0.05415514717840299,17185.116595408752,18088.605445240264,0.052573914457635595,XRP
2024-11-21 00:00:00+00:00,2024-12-21 00:00:00+00:00,1.1042,2.2793,1.0642093823582683,18061.472537072405,37226.737078625716,1.0611130682847314,XRP
2025-03-02 00:00:00+00:00,2025-03-09 00:00:00+00:00,2.1917,2.3262,0.06136788794086785,37170.89697300778,39392.81841848921,0.05977583610895665,XRP
