date,vix,mean,std,z,risk_off_signal_close,risk_off_actionable
1991-11-26 00:00:00+00:00,19.8,16.851166666666668,1.7185538773568763,1.7158806437122691,False,False
1991-11-27 00:00:00+00:00,19.84,16.904999999999998,1.759694214576323,1.6679034207694174,False,False
1996-11-26 00:00:00+00:00,16.97,16.28683333333333,1.2548016139595393,0.5444419731904305,False,False
1996-11-27 00:00:00+00:00,16.96,16.261833333333332,1.2251606489841211,0.569857240555004,False,False
1997-11-25 00:00:00+00:00,28.95,26.207,5.5544861392559515,0.49383506074739,False,False
2002-11-26 00:00:00+00:00,25.97,34.105333333333334,4.703910910413418,-1.729482868249802,False,False
2002-11-27 00:00:00+00:00,27.25,33.872,4.75501975614771,-1.3926335408887613,False,False
2003-11-25 00:00:00+00:00,16.71,18.43466666666667,1.5875847412772672,-1.0863462099535632,False,False
2003-11-26 00:00:00+00:00,16.23,18.39616666666667,1.6011014129233747,-1.3529228374807118,False,False
2008-11-25 00:00:00+00:00,60.9,51.019,17.709442631124336,0.5579509308008457,False,False
2008-11-26 00:00:00+00:00,54.92,51.667500000000004,17.33691824754426,0.1876054298439521,False,False
2013-11-26 00:00:00+00:00,12.81,14.4535,1.9094233977483286,-0.8607310468375338,False,False
2013-11-27 00:00:00+00:00,12.98,14.390166666666667,1.8996783774780088,-0.7423186384522563,False,False
2014-11-25 00:00:00+00:00,12.25,15.255833333333333,3.3054281456405925,-0.9093627817315032,False,False
2014-11-26 00:00:00+00:00,12.07,15.255833333333333,3.3054281456405925,-0.9638186622011468,False,False
2019-11-26 00:00:00+00:00,11.54,14.691166666666666,2.228314017724209,-1.4141483837565108,False,False
2019-11-27 00:00:00+00:00,11.75,14.555833333333334,2.1671634914962783,-1.294703119696843,False,False
2022-07-11 00:00:00+00:00,26.17,28.25883333333333,3.2416589661947763,-0.6443717106322595,False,False
2022-07-12 00:00:00+00:00,27.29,28.3255,3.1542693290211674,-0.32828521980440356,False,False
2022-07-13 00:00:00+00:00,26.82,28.424166666666668,3.0228638860276162,-0.5306777702037797,False,False
2022-07-14 00:00:00+00:00,26.4,28.532500000000002,2.838346155476591,-0.7513178038152053,False,False
2022-07-15 00:00:00+00:00,24.23,28.5945,2.747515009752854,-1.5885263536349516,False,False
2022-07-18 00:00:00+00:00,25.3,28.528166666666667,2.8044108669626358,-1.1511033225181397,False,False
2022-07-19 00:00:00+00:00,24.5,28.4995,2.8287737206633414,-1.4138635306121716,False,False
2022-07-20 00:00:00+00:00,23.88,28.34916666666667,2.7969422114993585,-1.5978759404796143,False,False
2022-07-21 00:00:00+00:00,23.11,28.2205,2.8223156888380263,-1.8107471181241395,False,False
2022-07-22 00:00:00+00:00,23.03,28.105833333333337,2.888198248787194,-1.7574393778075201,False,False
2022-07-25 00:00:00+00:00,23.36,27.933,2.8762713032975706,-1.5899056513748109,False,False
2022-07-26 00:00:00+00:00,24.69,27.783333333333335,2.8767034256025874,-1.0753049152730676,False,False
2022-07-27 00:00:00+00:00,23.24,27.707333333333334,2.8974593585530886,-1.5418105245017826,False,False
2022-07-28 00:00:00+00:00,22.33,27.671,2.939984261459696,-1.8166763917804805,False,False
2022-07-29 00:00:00+00:00,21.33,27.523166666666665,2.982230135640858,-2.076689720438293,False,False
2022-08-01 00:00:00+00:00,22.84,27.3755,3.066116311768311,-1.4792328596902626,False,False
2022-08-02 00:00:00+00:00,23.93,27.177,2.964440267858078,-1.0953163857627943,False,False
2022-08-03 00:00:00+00:00,21.95,27.026,2.893213684422974,-1.7544504325170036,False,False
2022-08-04 00:00:00+00:00,21.44,26.84916666666667,2.8734166113883313,-1.8824860430013153,False,False
2022-08-05 00:00:00+00:00,21.15,26.677,2.883032948659166,-1.9170783332776287,False,False
2022-08-08 00:00:00+00:00,21.29,26.548333333333336,2.954875412021373,-1.7795448538847913,False,False
2022-08-09 00:00:00+00:00,21.77,26.445333333333334,3.0289845401778246,-1.5435315932840175,False,False
2022-08-10 00:00:00+00:00,19.74,26.373166666666666,3.0883518130076193,-2.147801503290164,False,False
2022-08-11 00:00:00+00:00,20.2,26.18616666666667,3.1450763735533838,-1.9033454058552328,False,False
2022-08-12 00:00:00+00:00,19.53,26.033666666666665,3.2102267551081978,-2.025921270613628,False,False
2022-08-15 00:00:00+00:00,19.95,25.868666666666666,3.286224182634917,-1.8010538349581007,False,False
2022-08-16 00:00:00+00:00,19.69,25.726499999999998,3.3551270278314047,-1.7991867222689641,False,False
2022-08-17 00:00:00+00:00,19.9,25.563833333333335,3.407725565692882,-1.6620567660593664,False,False
2022-08-18 00:00:00+00:00,19.56,25.422666666666665,3.4644728934402047,-1.6922247184462933,False,False
2022-08-19 00:00:00+00:00,20.6,25.29033333333333,3.5347106738778495,-1.3269355729722772,False,False
2022-08-22 00:00:00+00:00,23.8,25.205,3.5855980755412937,-0.3918453687221745,False,False
2022-08-23 00:00:00+00:00,24.11,25.159333333333333,3.5857556547849994,-0.2926393860476951,False,False
2022-08-24 00:00:00+00:00,22.82,25.124666666666666,3.5856769999577467,-0.642742407275899,False,False
2022-08-25 00:00:00+00:00,21.78,25.076833333333337,3.5971323284950127,-0.9165171120387117,False,False
2022-08-26 00:00:00+00:00,25.56,25.027833333333334,3.6220137163717787,0.14692563538929496,False,False
2022-08-29 00:00:00+00:00,26.21,25.040666666666667,3.6225208315680706,0.3227954752235802,False,False
2022-08-30 00:00:00+00:00,26.21,25.059666666666665,3.625665557448268,0.3172750809765633,False,False
2022-08-31 00:00:00+00:00,25.87,25.096166666666665,3.626045187331283,0.2134097324647148,False,False
2022-09-01 00:00:00+00:00,25.56,25.127999999999997,3.6242852246800195,0.1191959167722906,False,False
2022-09-02 00:00:00+00:00,25.47,25.11916666666667,3.62254629600093,0.09684716347742169,False,False
2022-09-05 00:00:00+00:00,25.99,25.081166666666665,3.606403951761397,0.2520054174434487,False,False
2022-09-06 00:00:00+00:00,26.91,24.947333333333333,3.4128654229962834,0.5750788335930246,False,False
2022-09-07 00:00:00+00:00,24.64,24.851,3.2691618684362,-0.06454253673921939,False,False
2022-09-08 00:00:00+00:00,23.61,24.768000000000004,3.208689367581486,-0.36089501579669414,False,False
2022-09-09 00:00:00+00:00,22.79,24.612333333333332,3.0264021077043726,-0.6021451441281324,False,False
2022-09-12 00:00:00+00:00,23.87,24.473333333333333,2.9113137966564517,-0.2072374795277102,False,False
2022-09-13 00:00:00+00:00,27.27,24.354,2.7818687780534166,1.0482162289626187,False,False
2022-09-14 00:00:00+00:00,26.16,24.305333333333333,2.7024499033708858,0.6862908593988213,False,False
2022-09-15 00:00:00+00:00,26.27,24.25883333333333,2.6445595523625514,0.7604921072282023,False,False
2022-09-16 00:00:00+00:00,26.3,24.212499999999995,2.5828270052379354,0.8082229261838234,False,False
2022-09-19 00:00:00+00:00,25.76,24.197000000000003,2.5671545284389614,0.6088453120702593,False,False
2022-09-20 00:00:00+00:00,27.16,24.17716666666667,2.5500648656872142,1.1697088075951712,False,False
2022-09-21 00:00:00+00:00,27.99,24.157166666666665,2.521246054368747,1.520213914342832,False,False
2022-09-22 00:00:00+00:00,27.35,24.154333333333334,2.516763031792107,1.2697527046839747,False,False
2022-09-23 00:00:00+00:00,29.92,24.131666666666668,2.480906864446911,2.3331522098971558,True,False
2022-09-26 00:00:00+00:00,32.26,24.185333333333332,2.5706119212593768,3.141145732612482,True,True
2022-09-27 00:00:00+00:00,32.6,24.264166666666664,2.741752681837824,3.0403301466803874,True,True
2022-09-28 00:00:00+00:00,30.18,24.3485,2.9164744359580017,1.9995032111723177,True,True
2022-09-29 00:00:00+00:00,31.84,24.406000000000002,2.997117372138804,2.480383340708123,True,True
2022-09-30 00:00:00+00:00,31.62,24.502000000000002,3.140466229017048,2.266542443358132,True,True
2022-10-03 00:00:00+00:00,30.1,24.618333333333332,3.272183828218253,1.675231880126829,True,True
2022-10-04 00:00:00+00:00,29.07,24.683833333333332,3.3423518014977276,1.3122995205654895,True,True
2022-10-05 00:00:00+00:00,28.55,24.7135,3.373629451787712,1.1372025454564996,True,True
2022-10-06 00:00:00+00:00,30.52,24.74233333333333,3.3992338950783725,1.6996967096121107,True,True
2022-10-07 00:00:00+00:00,31.36,24.810999999999996,3.4740767338309806,1.885105166568443,True,True
2022-10-10 00:00:00+00:00,32.45,24.92983333333333,3.5743623310248918,2.1039183972460855,True,True
2022-10-11 00:00:00+00:00,33.63,25.049,3.703758375177611,2.316835800496437,True,True
2022-10-12 00:00:00+00:00,33.57,25.201166666666666,3.864866999122654,2.1653612751054836,True,True
2022-10-13 00:00:00+00:00,31.94,25.362666666666666,4.0085112273624,1.6408419386319693,True,True
2022-10-14 00:00:00+00:00,32.02,25.509833333333333,4.085752214488235,1.5933826441019523,True,True
2022-10-17 00:00:00+00:00,31.37,25.659666666666666,4.157481704625677,1.3735077479667395,True,True
2022-10-18 00:00:00+00:00,30.5,25.793166666666668,4.210649731121735,1.1178401514959098,True,True
2022-10-19 00:00:00+00:00,30.76,25.89,4.251459171243353,1.145489067127923,True,True
2022-10-20 00:00:00+00:00,29.98,26.015333333333334,4.282742850987797,0.9257307301913379,False,True
2022-10-21 00:00:00+00:00,29.69,26.142833333333336,4.285040628989867,0.8278023416321391,False,False
2022-10-24 00:00:00+00:00,29.85,26.28216666666667,4.261747509668034,0.8371761408294334,False,False
2022-10-25 00:00:00+00:00,28.46,26.399,4.261870640450706,0.4835904638771586,False,False
2022-10-26 00:00:00+00:00,27.28,26.4745,4.257513169660666,0.1891949520532434,False,False
2022-10-27 00:00:00+00:00,27.39,26.563333333333333,4.216920985609473,0.19603560737507855,False,False
2022-10-28 00:00:00+00:00,25.75,26.6625,4.164026174636079,-0.21913887226699547,False,False
2022-10-31 00:00:00+00:00,25.88,26.739166666666666,4.10270695742879,-0.20941458300134497,False,False
2022-11-01 00:00:00+00:00,25.81,26.81566666666667,4.041718197586777,-0.24882156981333634,False,False
2022-11-02 00:00:00+00:00,25.86,26.883,3.989550461061932,-0.25641986734708433,False,False
2022-11-03 00:00:00+00:00,25.3,26.985000000000003,3.880577669735655,-0.43421370306312784,False,False
2022-11-04 00:00:00+00:00,24.55,27.07,3.7840960678675977,-0.6659450380761771,False,False
2022-11-07 00:00:00+00:00,24.35,27.153666666666666,3.6682845788482648,-0.7642991175856195,False,False
2022-11-08 00:00:00+00:00,25.54,27.226999999999997,3.564341905645774,-0.4732991516127725,False,False
2022-11-09 00:00:00+00:00,26.09,27.3245,3.432241657665402,-0.35967747120687965,False,False
2022-11-10 00:00:00+00:00,23.53,27.427666666666667,3.2956028057262796,-1.1826870215956453,False,False
2022-11-11 00:00:00+00:00,22.52,27.493833333333335,3.172519231910146,-1.5677866609302267,False,False
2022-11-14 00:00:00+00:00,23.73,27.52583333333333,3.110889725948067,-1.2201761128567559,False,False
2022-11-15 00:00:00+00:00,24.54,27.52466666666667,3.1123234912405686,-0.9589834331382386,False,False
2022-11-16 00:00:00+00:00,24.11,27.53183333333333,3.1048133717584245,-1.1021059637460147,False,False
2022-11-17 00:00:00+00:00,23.93,27.553333333333335,3.075964595390198,-1.1779502724977564,False,False
2022-11-18 00:00:00+00:00,23.12,27.589166666666664,3.019574721244489,-1.4800649360399791,False,False
2022-11-21 00:00:00+00:00,22.36,27.5485,3.0634774884169604,-1.6936634983014474,False,False
2022-11-22 00:00:00+00:00,21.29,27.484333333333332,3.1315525832922697,-1.9780390616405026,False,False
2022-11-23 00:00:00+00:00,20.35,27.40233333333333,3.2284043215310585,-2.1844640977276315,False,False
2022-11-24 00:00:00+00:00,20.42,27.310333333333336,3.349203278225081,-2.0573052039364073,False,False
2022-11-25 00:00:00+00:00,20.5,27.224666666666668,3.458679314257629,-1.9442874159930756,False,False
2022-11-28 00:00:00+00:00,22.21,27.141833333333338,3.5594607721822307,-1.3855563100670818,False,False
2022-11-29 00:00:00+00:00,21.89,27.078833333333332,3.613238413966306,-1.436061709428543,False,False
2022-11-30 00:00:00+00:00,20.58,26.995166666666666,3.674810033908458,-1.7457138212512222,False,False
2022-12-01 00:00:00+00:00,19.84,26.9275,3.755408134176741,-1.8872782256338478,False,False
2022-12-02 00:00:00+00:00,19.06,26.86466666666667,3.8423869111718534,-2.0312026995444863,False,False
2022-12-05 00:00:00+00:00,20.75,26.802500000000002,3.9384035417451386,-1.5367902084807923,False,False
2022-12-06 00:00:00+00:00,22.17,26.7505,3.997925913542298,-1.1457190801070944,False,False
2022-12-07 00:00:00+00:00,22.68,26.6655,4.040680604275254,-0.9863437352071658,False,False
2022-12-08 00:00:00+00:00,22.29,26.6075,4.072907022038804,-1.0600536610921112,False,False
2022-12-09 00:00:00+00:00,22.83,26.541166666666665,4.110731343100002,-0.9027996132357281,False,False
2022-12-12 00:00:00+00:00,25.0,26.483333333333334,4.138497502950123,-0.358423155330151,False,False
2022-12-13 00:00:00+00:00,22.55,26.470666666666666,4.141910582912149,-0.9465840916126373,False,False
2022-12-14 00:00:00+00:00,21.14,26.393833333333337,4.171558702170355,-1.2594413044217505,False,False
2022-12-15 00:00:00+00:00,22.83,26.27966666666667,4.220581519362635,-0.817343925437938,False,False
2022-12-16 00:00:00+00:00,22.62,26.204333333333334,4.241440579814113,-0.8450745132189077,False,False
2022-12-19 00:00:00+00:00,22.42,26.082666666666668,4.237748789423856,-0.8642953720634831,False,False
2022-12-20 00:00:00+00:00,21.48,25.91866666666667,4.18470640351498,-1.0606877134650052,False,False
2022-12-21 00:00:00+00:00,20.07,25.733333333333334,4.12966722780817,-1.3713776488327754,False,False
2022-12-22 00:00:00+00:00,21.97,25.564833333333333,4.151356523921306,-0.8659418463865663,False,False
2022-12-23 00:00:00+00:00,20.87,25.400333333333332,4.093635807481804,-1.106677180479365,False,False
2023-03-28 00:00:00+00:00,19.97,20.782833333333333,2.0152436801534814,-0.40334245497865956,False,False
2023-03-29 00:00:00+00:00,19.12,20.733999999999998,1.9985013028842846,-0.807605177775283,False,False
2023-03-30 00:00:00+00:00,19.02,20.68583333333333,2.0020500439634707,-0.8320637829988861,False,False
2023-03-31 00:00:00+00:00,18.7,20.628499999999995,1.9996362592968209,-0.9644254003866483,False,False
2023-04-03 00:00:00+00:00,18.55,20.588,2.0138644863780133,-1.0119846761215772,False,False
2023-04-04 00:00:00+00:00,19.0,20.531,2.0224667770843183,-0.756996365699099,False,False
2023-04-05 00:00:00+00:00,19.08,20.504666666666665,2.032081229748662,-0.7010874594038137,False,False
2023-04-06 00:00:00+00:00,18.4,20.471166666666665,2.038824928825064,-1.0158629303499054,False,False
2023-07-03 00:00:00+00:00,13.57,16.286833333333334,1.9790311716932827,-1.3728097728793118,False,False
2023-07-04 00:00:00+00:00,13.7,16.196833333333334,1.9777281022249458,-1.2624755296364527,False,False
2023-07-05 00:00:00+00:00,14.18,16.106833333333334,1.966209889021568,-0.979973371150204,False,False
2023-07-06 00:00:00+00:00,15.44,16.025,1.9419739215208291,-0.30123988459220125,False,False
2023-07-07 00:00:00+00:00,14.83,15.985666666666669,1.9292717223174265,-0.5990170556579197,False,False
2023-07-10 00:00:00+00:00,15.07,15.948333333333332,1.9296062359951243,-0.4551878600663641,False,False
2023-07-11 00:00:00+00:00,14.84,15.917,1.9283287749783093,-0.5585147169792737,False,False
2023-07-12 00:00:00+00:00,13.54,15.883833333333335,1.9294726526998738,-1.2147533317218338,False,False
2023-07-13 00:00:00+00:00,13.61,15.835166666666668,1.9513945397382026,-1.1402956303061065,False,False
2023-07-14 00:00:00+00:00,13.34,15.775833333333335,1.9642001793695363,-1.240114606910983,False,False
2023-07-17 00:00:00+00:00,13.48,15.718666666666667,1.984583350088595,-1.1280285439090927,False,False
2023-07-18 00:00:00+00:00,13.3,15.661833333333332,1.9992434939309254,-1.181363521003377,False,False
2023-07-19 00:00:00+00:00,13.76,15.570833333333333,1.980002817723908,-0.9145609880570564,False,False
2023-07-20 00:00:00+00:00,13.99,15.486166666666668,1.9461644953447195,-0.7687770844887677,False,False
2023-07-21 00:00:00+00:00,13.6,15.4355,1.9448623540687124,-0.943768589154948,False,False
2023-07-24 00:00:00+00:00,13.91,15.399166666666668,1.9586317358908134,-0.760309679139031,False,False
2023-07-25 00:00:00+00:00,13.86,15.363000000000001,1.965868333609157,-0.7645476425374986,False,False
2023-07-26 00:00:00+00:00,13.19,15.297666666666666,1.9492487615657899,-1.0812712611260675,False,False
2023-07-27 00:00:00+00:00,14.41,15.211833333333335,1.926264050459561,-0.4162634573084807,False,False
2023-07-28 00:00:00+00:00,13.33,15.117166666666666,1.819050871594523,-0.9824720652809954,False,False
2023-07-31 00:00:00+00:00,13.63,15.052833333333332,1.8127459194172912,-0.7849049985950057,False,False
2023-08-01 00:00:00+00:00,13.93,14.996999999999998,1.8039516886318507,-0.5914792545299427,False,False
2023-08-02 00:00:00+00:00,16.09,14.934000000000001,1.773344250423735,0.6518756861358286,False,False
2023-08-03 00:00:00+00:00,15.92,14.919833333333333,1.7603952673128789,0.5681489181650391,False,False
2023-08-04 00:00:00+00:00,17.1,14.903,1.7456146506251073,1.2585824707722588,False,False
2023-08-07 00:00:00+00:00,15.77,14.904166666666667,1.7470830815355491,0.49558795599596395,False,False
2023-08-08 00:00:00+00:00,15.99,14.881666666666668,1.7266359637789508,0.6419033059566369,False,False
2023-08-09 00:00:00+00:00,15.96,14.848333333333334,1.6844001765627705,0.6599777666463805,False,False
2023-08-10 00:00:00+00:00,15.85,14.833166666666667,1.669922855893409,0.6089103635804342,False,False
2023-08-11 00:00:00+00:00,14.84,14.829833333333333,1.6676508308958866,0.006096400084665789,False,False
2023-08-14 00:00:00+00:00,14.82,14.797,1.64727232165703,0.013962475844226805,False,False
2023-08-15 00:00:00+00:00,16.46,14.757166666666667,1.6165438039406537,1.053379023310307,False,False
2023-08-16 00:00:00+00:00,16.78,14.722666666666667,1.555599907896868,1.3225337201998149,False,False
2023-08-17 00:00:00+00:00,17.89,14.6685,1.4181771840733226,2.2715779355208148,True,False
2023-08-18 00:00:00+00:00,17.3,14.647666666666668,1.3593372845286602,1.951195897825321,True,True
2023-08-21 00:00:00+00:00,17.13,14.636833333333334,1.334944284582791,1.8676185182109324,True,True
2023-08-22 00:00:00+00:00,16.97,14.631333333333334,1.3237484868733864,1.7667001623476477,True,True
2023-08-23 00:00:00+00:00,15.98,14.623166666666668,1.3074123643280586,1.0378005978478517,True,True
2023-08-24 00:00:00+00:00,17.2,14.590499999999999,1.2461866239441486,2.093988131361096,True,True
2023-08-25 00:00:00+00:00,15.68,14.616333333333333,1.2840137898137158,0.8283919340313181,False,True
2023-08-28 00:00:00+00:00,15.08,14.634333333333332,1.2913301074202865,0.3451221837900025,False,False
2023-08-29 00:00:00+00:00,14.45,14.640166666666666,1.2925595310256868,-0.14712410693824146,False,False
2023-08-30 00:00:00+00:00,13.88,14.648333333333333,1.289734129305801,-0.595730015880783,False,False
2023-08-31 00:00:00+00:00,13.57,14.647333333333334,1.290315776181278,-0.8349377363436792,False,False
2023-09-01 00:00:00+00:00,13.09,14.645999999999999,1.2914047009738356,-1.2048895275250546,False,False
2023-09-04 00:00:00+00:00,13.82,14.633666666666667,1.3028130798032234,-0.6245459761499803,False,False
2023-09-05 00:00:00+00:00,14.01,14.613833333333334,1.306040843013044,-0.4623387825608019,False,False
2023-09-06 00:00:00+00:00,14.45,14.603833333333334,1.3083656406830302,-0.11757671445195272,False,False
2023-09-07 00:00:00+00:00,14.4,14.613333333333333,1.3050860958253012,-0.16346303436665355,False,False
2023-09-08 00:00:00+00:00,13.84,14.611666666666666,1.3052971175077934,-0.5911808555434577,False,False
2023-09-11 00:00:00+00:00,13.8,14.616666666666667,1.3016920756805004,-0.6273885213903052,False,False
2023-09-12 00:00:00+00:00,14.23,14.610166666666666,1.3048287005793175,-0.2913536976140083,False,False
2023-09-13 00:00:00+00:00,13.48,14.615999999999998,1.3022889887317235,-0.8723102244044373,False,False
2023-09-14 00:00:00+00:00,12.82,14.620666666666667,1.2976221625876163,-1.3876663936410567,False,False
2023-09-15 00:00:00+00:00,13.79,14.619166666666667,1.2996835229737314,-0.6379758241217822,False,False
2023-09-18 00:00:00+00:00,14.0,14.625,1.2950786901040903,-0.48259615788270477,False,False
2023-09-19 00:00:00+00:00,14.11,14.620833333333334,1.2967067696013959,-0.3939466850245279,False,False
2023-09-20 00:00:00+00:00,15.14,14.627,1.2933222231461736,0.3966528919236082,False,False
2023-09-21 00:00:00+00:00,17.54,14.655499999999998,1.2853139496461363,2.2441987817794566,True,False
2023-09-22 00:00:00+00:00,17.2,14.722166666666665,1.329452661260825,1.8637995962815324,True,True
2023-09-25 00:00:00+00:00,16.9,14.782333333333332,1.3587124596562081,1.5585833865117384,True,True
2023-09-26 00:00:00+00:00,18.94,14.837833333333332,1.37625023797148,2.9806837110619107,True,True
2023-09-27 00:00:00+00:00,18.22,14.925166666666666,1.4661450568364844,2.2472765010323243,True,True
2023-09-28 00:00:00+00:00,17.34,14.992500000000001,1.5230095373469956,1.541356073245098,True,True
2023-09-29 00:00:00+00:00,17.52,15.024166666666666,1.5519493391908399,1.6081925294253605,True,True
2023-10-02 00:00:00+00:00,17.61,15.068999999999999,1.5847533091462278,1.6034041294218482,True,True
2023-10-03 00:00:00+00:00,19.78,15.111333333333333,1.618349720922986,2.884831755650447,True,True
2023-10-04 00:00:00+00:00,18.58,15.193666666666667,1.7263677620136426,1.9615364743509214,True,True
2023-10-05 00:00:00+00:00,18.49,15.277666666666667,1.766686419248558,1.8182815571196074,True,True
2023-10-06 00:00:00+00:00,17.45,15.359,1.8006154315138727,1.1612696211550209,True,True
2023-10-09 00:00:00+00:00,17.7,15.427500000000002,1.8006831330817816,1.262021039820995,True,True
2023-10-10 00:00:00+00:00,17.03,15.497833333333334,1.8057338915267023,0.8485008083728544,False,True
2023-10-11 00:00:00+00:00,16.09,15.559999999999999,1.7929475778593416,0.2956026191422648,False,False
2023-10-12 00:00:00+00:00,16.69,15.598833333333333,1.7784749624588274,0.6135406399863383,False,False
2023-10-13 00:00:00+00:00,19.32,15.643833333333333,1.7712210589168593,2.075498508873152,True,False
2023-10-16 00:00:00+00:00,17.21,15.739166666666666,1.8127975306162023,0.8113610640419244,False,True
2023-10-17 00:00:00+00:00,17.88,15.794166666666666,1.8064097660664955,1.1546844866075376,False,False
2023-10-18 00:00:00+00:00,19.22,15.861166666666666,1.808005823137675,1.8577558160207135,False,False
2023-10-19 00:00:00+00:00,21.4,15.961666666666668,1.8245260974369668,2.98068267753085,True,False
2023-10-20 00:00:00+00:00,21.71,16.078166666666668,1.9430811559308756,2.8984035567136566,True,True
2023-10-23 00:00:00+00:00,20.37,16.217833333333335,2.0409079831003747,2.0344702951080853,True,True
2023-10-24 00:00:00+00:00,18.97,16.330166666666667,2.0811482258252854,1.2684504162535075,True,True
2023-10-25 00:00:00+00:00,20.19,16.414166666666667,2.084340558779776,1.8115241856368234,True,True
2023-10-26 00:00:00+00:00,20.68,16.4825,2.139997326943349,1.961451048163443,True,True
2023-10-27 00:00:00+00:00,21.27,16.561833333333333,2.206003742999306,2.134251440691299,True,True
2023-10-30 00:00:00+00:00,19.75,16.63133333333333,2.2874309967678617,1.3633926754832575,True,True
2023-10-31 00:00:00+00:00,18.14,16.697666666666667,2.3195129286105245,0.6218259512773424,False,True
2023-11-01 00:00:00+00:00,16.87,16.7335,2.324995954070319,0.05870977958522211,False,False
2023-11-02 00:00:00+00:00,15.66,16.74866666666667,2.32283175125437,-0.4686808099978697,False,False
2023-11-03 00:00:00+00:00,14.91,16.7455,2.3242067536905964,-0.7897318072436621,False,False
2023-11-06 00:00:00+00:00,14.89,16.746666666666666,2.3232514231447094,-0.7991673428756654,False,False
2023-11-07 00:00:00+00:00,14.81,16.747833333333332,2.3222848857102254,-0.8344511671489795,False,False
2023-11-08 00:00:00+00:00,14.45,16.720333333333333,2.335483085560785,-0.9721043784773084,False,False
2023-11-09 00:00:00+00:00,15.29,16.6815,2.3537736200068085,-0.5911783478973546,False,False
2023-11-10 00:00:00+00:00,14.17,16.638166666666667,2.3550806900188874,-1.04801787774281,False,False
2023-11-13 00:00:00+00:00,14.76,16.586,2.3747557947604676,-0.7689211682433984,False,False
2023-11-14 00:00:00+00:00,14.16,16.546499999999998,2.385241220080006,-1.0005277369472718,False,False
2023-11-15 00:00:00+00:00,14.18,16.499666666666666,2.4042955673427286,-0.964800957991369,False,False
2023-11-16 00:00:00+00:00,14.32,16.46966666666667,2.422054014616553,-0.8875386980199087,False,False
2023-11-17 00:00:00+00:00,13.8,16.421666666666667,2.435833596684532,-1.076291364991055,False,False
2023-11-20 00:00:00+00:00,13.41,16.390333333333334,2.457530775824981,-1.2127348974227397,False,False
2023-11-21 00:00:00+00:00,13.35,16.3625,2.4819583745268554,-1.2137592761096505,False,False
2023-11-22 00:00:00+00:00,12.85,16.344166666666666,2.50031949935857,-1.3974880680501263,False,False
2023-11-23 00:00:00+00:00,12.8,16.327,2.520975261915331,-1.3990617255483635,False,False
2023-11-24 00:00:00+00:00,12.46,16.31416666666667,2.537155949234712,-1.5190893834607244,False,False
2023-11-27 00:00:00+00:00,12.69,16.30366666666667,2.551985579011538,-1.4160215858532994,False,False
2023-11-28 00:00:00+00:00,12.69,16.28483333333333,2.574693986534402,-1.3962177066999955,False,False
2023-11-29 00:00:00+00:00,12.98,16.262833333333333,2.5999765915943898,-1.262639572966383,False,False
2023-11-30 00:00:00+00:00,12.92,16.238333333333333,2.624162282256652,-1.264530534475836,False,False
2023-12-01 00:00:00+00:00,12.63,16.21366666666667,2.6485774670325717,-1.3530533696949996,False,False
2023-12-04 00:00:00+00:00,13.08,16.1935,2.6714649221936435,-1.1654654246567402,False,False
2023-12-05 00:00:00+00:00,12.85,16.1815,2.683986299821542,-1.2412507471522904,False,False
2023-12-06 00:00:00+00:00,12.97,16.1585,2.706808631230569,-1.1779554576602795,False,False
2023-12-07 00:00:00+00:00,13.06,16.15,2.7161469469251376,-1.1376409525626319,False,False
2023-12-08 00:00:00+00:00,12.35,16.154,2.7113322761821386,-1.403000301149537,False,False
2023-12-11 00:00:00+00:00,12.63,16.130000000000003,2.7388461012083725,-1.2779104304019893,False,False
2023-12-12 00:00:00+00:00,12.07,16.107166666666668,2.7625130365011423,-1.4614109013508716,False,False
2023-12-13 00:00:00+00:00,12.19,16.073166666666665,2.799812034651814,-1.38693834393407,False,False
2023-12-14 00:00:00+00:00,12.48,16.024,2.8420601265128886,-1.246982766810204,False,False
2023-12-15 00:00:00+00:00,12.28,15.93966666666667,2.8712366476847975,-1.2745959723026028,False,False
2023-12-18 00:00:00+00:00,12.56,15.857666666666667,2.904693085492257,-1.1352891922169508,False,False
2023-12-19 00:00:00+00:00,12.53,15.785333333333334,2.9322042768038044,-1.1102000495278423,False,False
2023-12-20 00:00:00+00:00,13.67,15.678499999999998,2.9320900308747504,-0.6850062511214188,False,False
2023-12-21 00:00:00+00:00,13.65,15.602666666666666,2.924072425235931,-0.6677901168980496,False,False
2023-12-22 00:00:00+00:00,13.03,15.541166666666667,2.9257171171731637,-0.8583080886141734,False,False
2024-03-26 00:00:00+00:00,13.24,13.747666666666667,0.7627345244608851,-0.6655876328995274,False,False
2024-03-27 00:00:00+00:00,12.78,13.748333333333333,0.7622650605932183,-1.270336767868839,False,False
2024-03-28 00:00:00+00:00,13.01,13.727333333333332,0.7713950968748351,-0.9299168950379334,False,False
2024-06-24 00:00:00+00:00,13.33,14.088666666666667,1.932617849295297,-0.39255907055981304,False,False
2024-06-25 00:00:00+00:00,12.84,14.083333333333334,1.934289749794622,-0.642785463483611,False,False
2024-06-26 00:00:00+00:00,12.55,14.053833333333333,1.939611259031185,-0.7753271828729646,False,False
2024-06-27 00:00:00+00:00,12.24,14.024166666666666,1.948906074444839,-0.9154708326181904,False,False
2024-06-28 00:00:00+00:00,12.44,13.955666666666666,1.937970602589087,-0.7820896068504694,False,False
2024-07-01 00:00:00+00:00,12.22,13.895833333333334,1.9282364751132388,-0.8691015624704005,False,False
2024-07-02 00:00:00+00:00,12.03,13.846333333333336,1.9325674208576817,-0.9398550931419716,False,False
2024-07-03 00:00:00+00:00,12.09,13.797166666666667,1.940745175482991,-0.8796449365083734,False,False
2024-07-04 00:00:00+00:00,12.26,13.735333333333333,1.9349448962217852,-0.7624678802037727,False,False
2024-07-05 00:00:00+00:00,12.48,13.691166666666668,1.9379196356213004,-0.6249829169403947,False,False
2024-07-08 00:00:00+00:00,12.37,13.610666666666667,1.884632650144582,-0.6583068942223241,False,False
2024-07-09 00:00:00+00:00,12.51,13.496333333333332,1.7405268700347634,-0.5666866454716857,False,False
2024-07-10 00:00:00+00:00,12.85,13.398166666666668,1.6212847925436593,-0.3381063396065298,False,False
2024-07-11 00:00:00+00:00,12.92,13.308833333333332,1.4943578538899165,-0.2602009500744233,False,False
2024-07-12 00:00:00+00:00,12.46,13.224166666666667,1.3621223366090307,-0.5610117726789797,False,False
2024-07-15 00:00:00+00:00,13.12,13.12,1.1593817756447362,0.0,False,False
2024-07-16 00:00:00+00:00,13.19,13.056333333333333,1.0453301589666086,0.1278702862632478,False,False
2024-07-17 00:00:00+00:00,14.48,13.014666666666667,0.9867571725183133,1.4849989178124148,False,False
2024-07-18 00:00:00+00:00,15.93,12.989833333333333,0.9281282269449228,3.1678453270887776,True,False
2024-07-19 00:00:00+00:00,16.52,12.999166666666666,0.9548986842473661,3.6871276413040524,True,True
2024-07-22 00:00:00+00:00,14.91,13.024,1.0253816156091993,1.8393152083963311,True,True
2024-07-23 00:00:00+00:00,14.72,13.028,1.0323558708459066,1.6389697078136292,True,True
2024-07-24 00:00:00+00:00,18.04,13.0125,0.9987562180297348,5.0337609010513535,True,True
2024-07-25 00:00:00+00:00,18.46,13.056666666666668,1.1524442214780015,4.688585558096335,True,True
2024-07-26 00:00:00+00:00,16.39,13.119666666666665,1.3320189425376285,2.4551702899232235,True,True
2024-07-29 00:00:00+00:00,16.6,13.168,1.3967271672245978,2.4571727969032384,True,True
2024-07-30 00:00:00+00:00,17.69,13.219833333333332,1.4649214610373793,3.0514718949513755,True,True
2024-07-31 00:00:00+00:00,16.36,13.294166666666666,1.5745026566574791,1.9471757131498333,True,True
2024-08-01 00:00:00+00:00,18.59,13.350166666666667,1.6228720008293027,3.2287409793598814,True,True
2024-08-02 00:00:00+00:00,23.39,13.4485,1.75551897295616,5.662997753455933,True,True
2024-08-05 00:00:00+00:00,38.57,13.629166666666666,2.1702794412493613,11.491991703600934,True,True
2024-08-06 00:00:00+00:00,27.71,14.045333333333334,3.8829250142990164,3.5191683116068484,True,True
2024-08-07 00:00:00+00:00,27.85,14.2835,4.263518808111561,3.181996048472695,True,True
2024-08-08 00:00:00+00:00,23.79,14.540166666666668,4.601424794696242,2.0102106947385083,True,True
2024-08-09 00:00:00+00:00,20.37,14.729666666666667,4.744529755294248,1.1888076636129201,True,True
2024-08-12 00:00:00+00:00,20.71,14.869333333333334,4.785678446374438,1.220446950649489,True,True
2024-08-13 00:00:00+00:00,18.12,15.012,4.830618727258245,0.6433958412950621,False,True
2024-08-14 00:00:00+00:00,16.19,15.116333333333333,4.828989425341392,0.2223377547758377,False,False
2024-08-15 00:00:00+00:00,15.23,15.181333333333333,4.81653278018549,0.01010408708664354,False,False
2024-08-16 00:00:00+00:00,14.8,15.222333333333333,4.806117699831671,-0.08787411372553866,False,False
2024-08-19 00:00:00+00:00,14.65,15.270166666666665,4.787039172552334,-0.12955119946010518,False,False
2024-08-20 00:00:00+00:00,15.88,15.308333333333334,4.772550455795084,0.11978221539230019,False,False
2024-08-21 00:00:00+00:00,16.27,15.357666666666667,4.7627325751004985,0.19155669963562497,False,False
2024-08-22 00:00:00+00:00,17.55,15.390833333333335,4.762029652619974,0.45341310831164927,False,False
2024-08-23 00:00:00+00:00,15.86,15.442166666666667,4.7685314129363485,0.08762306403179182,False,False
2024-08-26 00:00:00+00:00,16.15,15.491166666666667,4.7572670874405905,0.13848987690278797,False,False
2024-08-27 00:00:00+00:00,15.43,15.541833333333333,4.747655796809021,-0.023555484668559647,False,False
2024-08-28 00:00:00+00:00,17.11,15.579666666666668,4.737387167536954,0.32303319935933733,False,False
2024-08-29 00:00:00+00:00,15.65,15.654333333333334,4.725398868167575,-0.0009170301712569904,False,False
2024-08-30 00:00:00+00:00,15.0,15.7055,4.708135197071222,-0.1498470138323278,False,False
2024-09-02 00:00:00+00:00,15.55,15.751833333333334,4.686883786992263,-0.04306343884469484,False,False
2024-09-03 00:00:00+00:00,20.72,15.798666666666666,4.670288150899467,1.0537536816407176,False,False
2024-09-04 00:00:00+00:00,21.32,15.929833333333335,4.696512406596339,1.147695609000431,False,False
2024-09-05 00:00:00+00:00,19.9,16.0845,4.718992073149021,0.8085413030698071,False,False
2024-09-06 00:00:00+00:00,22.38,16.217166666666667,4.712387962672121,1.3077941337068408,False,False
2024-09-09 00:00:00+00:00,19.45,16.379166666666666,4.754911570108396,0.6458234371040739,False,False
2024-09-10 00:00:00+00:00,19.08,16.49083333333333,4.74690417996698,0.5454432127771911,False,False
2024-09-11 00:00:00+00:00,17.69,16.603833333333334,4.726103885639397,0.22982285048093462,False,False
2024-09-12 00:00:00+00:00,17.07,16.690666666666665,4.696823256262437,0.08076380835228508,False,False
2024-09-13 00:00:00+00:00,16.56,16.753833333333333,4.675614014483242,-0.04145623071812886,False,False
2024-09-16 00:00:00+00:00,17.14,16.809833333333334,4.652391946000656,0.07096707897761896,False,False
2024-09-17 00:00:00+00:00,17.61,16.873333333333335,4.6300384984552645,0.1591059484521438,False,False
2024-09-18 00:00:00+00:00,18.23,16.952833333333334,4.600467585545242,0.27761670806670796,False,False
2024-09-19 00:00:00+00:00,16.33,17.0475,4.566648299893262,-0.15711742023504888,False,False
2024-09-20 00:00:00+00:00,16.15,17.115666666666666,4.523996795495383,-0.21345432154775118,False,False
2024-09-23 00:00:00+00:00,15.89,17.177500000000002,4.484186007799538,-0.28712011450028996,False,False
2024-09-24 00:00:00+00:00,15.39,17.238666666666667,4.440231886854823,-0.41634462203192363,False,False
2024-09-25 00:00:00+00:00,15.41,17.294666666666668,4.39437832963408,-0.42888129452968704,False,False
2024-09-26 00:00:00+00:00,15.37,17.35,4.348393040411724,-0.45534062390379676,False,False
2024-09-27 00:00:00+00:00,16.96,17.401833333333336,4.3050106760502675,-0.10263234323467588,False,False
2024-09-30 00:00:00+00:00,16.73,17.4765,4.256779567717646,-0.17536731421595583,False,False
2024-10-01 00:00:00+00:00,19.26,17.549166666666668,4.20502979358941,0.4068540336959105,False,False
2024-10-02 00:00:00+00:00,18.9,17.66166666666667,4.157958742454963,0.29782241961405004,False,False
2024-10-03 00:00:00+00:00,20.49,17.7625,4.1124035715863405,0.6632374358501685,False,False
2024-10-04 00:00:00+00:00,19.21,17.888666666666666,4.077292000396841,0.32407130350358293,False,False
2024-10-07 00:00:00+00:00,22.64,18.001166666666666,4.017652612425222,1.154612850047566,False,False
2024-10-08 00:00:00+00:00,21.42,18.159833333333335,4.009592097123306,0.8130918526614422,False,False
2024-10-09 00:00:00+00:00,20.86,18.297,3.977337197981036,0.6444009829744939,False,False
2024-10-10 00:00:00+00:00,20.93,18.403333333333332,3.9588016791026863,0.638240273566664,False,False
2024-10-11 00:00:00+00:00,20.46,18.486666666666665,3.9584805622340635,0.49850777395750007,False,False
2024-10-14 00:00:00+00:00,19.7,18.55233333333333,3.9579828652465032,0.28996251518516686,False,False
2024-10-15 00:00:00+00:00,20.64,18.632166666666667,3.9314900317894117,0.5107054366406397,False,False
2024-10-16 00:00:00+00:00,19.58,18.730833333333337,3.90584624467076,0.21740913837181564,False,False
2024-10-17 00:00:00+00:00,19.11,18.756500000000003,3.9062895069192503,0.09049508475340567,False,False
2024-10-18 00:00:00+00:00,18.03,18.767333333333333,3.906354608543194,-0.1887522785875058,False,False
2024-10-21 00:00:00+00:00,18.37,18.794666666666664,3.8951597372295415,-0.10902419805990048,False,False
2024-10-22 00:00:00+00:00,18.2,18.824166666666667,3.884945865586046,-0.16066289937157505,False,False
2024-10-23 00:00:00+00:00,19.24,18.832666666666668,3.882979751610285,0.1049022553270868,False,False
2024-10-24 00:00:00+00:00,19.08,18.88066666666667,3.869673426709492,0.05151166813134095,False,False
2024-10-25 00:00:00+00:00,20.33,18.88883333333333,3.8695666518939014,0.37243619152064744,False,False
2024-10-28 00:00:00+00:00,19.8,18.837833333333332,3.829191219498351,0.25127151179269613,False,False
2024-10-29 00:00:00+00:00,19.34,18.525,2.8248146781877024,0.288514501957656,False,False
2024-10-30 00:00:00+00:00,20.35,18.3855,2.557565993979882,0.7681131218604458,False,False
2024-10-31 00:00:00+00:00,23.16,18.260499999999997,2.252202255571857,2.175426291257297,True,False
2024-11-01 00:00:00+00:00,21.88,18.25,2.2273173040418635,1.629763300187503,True,True
2024-11-04 00:00:00+00:00,21.98,18.275166666666667,2.259968870092744,1.6393293652674497,True,True
2024-11-05 00:00:00+00:00,20.49,18.296333333333333,2.2889217109532214,0.9583843152735498,False,True
2024-11-06 00:00:00+00:00,16.27,18.33583333333333,2.3062114296384584,-0.895769271968784,False,False
2024-11-07 00:00:00+00:00,15.2,18.337166666666665,2.3049725846140077,-1.3610429415116092,False,False
2024-11-08 00:00:00+00:00,14.94,18.336666666666666,2.3056611733580143,-1.4731855252260193,False,False
2024-11-11 00:00:00+00:00,14.97,18.339,2.3020894709385997,-1.4634531118490375,False,False
2024-11-12 00:00:00+00:00,14.71,18.344333333333335,2.293753763525324,-1.584447899824976,False,False
2024-11-13 00:00:00+00:00,14.02,18.324833333333334,2.31988346556207,-1.8556248179002144,False,False
2024-11-14 00:00:00+00:00,14.31,18.287333333333333,2.3712778981088363,-1.677295325235972,False,False
2024-11-15 00:00:00+00:00,16.14,18.233333333333334,2.4246444203170716,-0.8633568352507489,False,False
2024-11-18 00:00:00+00:00,15.58,18.238000000000003,2.420264588421906,-1.0982270338191036,False,False
2024-11-19 00:00:00+00:00,16.35,18.2285,2.4296995873458753,-0.7731408482692345,False,False
2024-11-20 00:00:00+00:00,17.16,18.24383333333333,2.414595514196549,-0.44886745086742774,False,False
2024-11-21 00:00:00+00:00,16.87,18.244666666666667,2.414206166099394,-0.5694073215328167,False,False
2024-11-22 00:00:00+00:00,15.24,18.264999999999997,2.397059285946416,-1.2619629467385722,False,False
2024-11-25 00:00:00+00:00,14.6,18.269,2.391712881697453,-1.5340470121129364,False,False
2024-11-26 00:00:00+00:00,14.1,18.25316666666667,2.4130671752136017,-1.7211152301630541,False,False
2024-11-27 00:00:00+00:00,14.1,18.142833333333332,2.449433757925741,-1.650517520733826,False,False
2024-11-28 00:00:00+00:00,13.9,18.0225,2.4679818317882365,-1.6703931718220724,False,False
2024-11-29 00:00:00+00:00,13.51,17.9225,2.5117862001486397,-1.7567179880751322,False,False
2024-12-02 00:00:00+00:00,13.34,17.77466666666667,2.506008688737029,-1.7696134441184395,False,False
2024-12-03 00:00:00+00:00,13.3,17.672833333333337,2.560329753436177,-1.7079180240219556,False,False
2024-12-04 00:00:00+00:00,13.45,17.576500000000003,2.614648321947042,-1.5782237195582522,False,False
2024-12-05 00:00:00+00:00,13.54,17.505833333333335,2.6682764650215987,-1.486290264641387,False,False
2024-12-06 00:00:00+00:00,12.77,17.447000000000003,2.716529628099392,-1.7216819399360814,False,False
2024-12-09 00:00:00+00:00,14.19,17.38383333333333,2.7808077668477953,-1.1485271910592099,False,False
2024-12-10 00:00:00+00:00,14.18,17.33466666666667,2.8111059809550074,-1.1222154867298695,False,False
2024-12-11 00:00:00+00:00,13.58,17.2775,2.8401382307018683,-1.3018732539247768,False,False
2024-12-12 00:00:00+00:00,13.92,17.2,2.876911597353289,-1.140111501172836,False,False
2024-12-13 00:00:00+00:00,13.81,17.15983333333333,2.905941599881818,-1.1527531501216561,False,False
2024-12-16 00:00:00+00:00,14.69,17.120833333333334,2.9352782859248627,-0.8281440792137412,False,False
2024-12-17 00:00:00+00:00,15.87,17.100833333333334,2.9478681131339926,-0.41753337873205876,False,False
2024-12-18 00:00:00+00:00,27.62,17.108833333333333,2.943795020767678,3.5706177204979386,True,False
2024-12-19 00:00:00+00:00,24.09,17.312333333333335,3.2322623481098294,2.0968801219462048,True,True
2024-12-20 00:00:00+00:00,18.36,17.457666666666668,3.3377666168717375,0.27034045123832745,False,True
2024-12-23 00:00:00+00:00,16.78,17.480999999999998,3.3391218271087424,-0.20993543700888997,False,False
2024-12-24 00:00:00+00:00,14.27,17.48183333333333,3.3389374599690784,-0.9619327620958422,False,False
2025-03-27 00:00:00+00:00,18.69,18.4035,3.195320638535963,0.089662363314897,False,False
2025-03-28 00:00:00+00:00,21.65,18.416166666666665,3.194918153200915,1.0121803371061102,False,False
2025-03-31 00:00:00+00:00,22.28,18.508166666666668,3.207422267004003,1.1759703024249866,False,False
2025-04-01 00:00:00+00:00,21.77,18.612166666666667,3.2271407776657526,0.9785235757881776,False,False
2025-04-02 00:00:00+00:00,21.51,18.678,3.250909025415583,0.8711409571475072,False,False
2025-04-03 00:00:00+00:00,30.02,18.7415,3.268643955081041,3.4505134713335175,True,False
2025-04-04 00:00:00+00:00,45.31,18.94066666666667,3.5765990221123287,7.372739625075355,True,True
2025-04-07 00:00:00+00:00,46.98,19.370166666666666,4.937998459428063,5.591300515823004,True,True
2025-04-08 00:00:00+00:00,52.33,19.833333333333332,6.08978713459149,5.336256579819942,True,True
2025-04-09 00:00:00+00:00,33.62,20.393666666666665,7.392137363595405,1.789243446485453,True,True
2025-04-10 00:00:00+00:00,40.72,20.685333333333336,7.563903455242497,2.648720569374898,True,True
2025-04-11 00:00:00+00:00,37.56,21.087333333333333,7.972991669266659,2.066058432014114,True,True
2025-04-14 00:00:00+00:00,30.89,21.447166666666664,8.22144778616081,1.1485608835500345,True,True
2025-04-15 00:00:00+00:00,30.12,21.698500000000003,8.276512985756344,1.017517886396502,True,True
2025-04-16 00:00:00+00:00,32.64,21.9495,8.300103414712304,1.2879960002727933,True,True
2025-04-17 00:00:00+00:00,29.65,22.241833333333332,8.363413967519127,0.8857826116748087,False,True
2025-07-14 00:00:00+00:00,17.2,20.081000000000003,3.7948791097517605,-0.759180969058185,False,False
2025-07-15 00:00:00+00:00,17.38,19.803999999999995,3.3562530560543755,-0.7222339792368517,False,False
2025-07-16 00:00:00+00:00,17.16,19.584166666666665,3.0578353325362477,-0.7927721420682251,False,False
2025-07-17 00:00:00+00:00,16.52,19.396,2.842832915078536,-1.0116669132208036,False,False
2025-07-18 00:00:00+00:00,16.41,19.23016666666667,2.7103070635140454,-1.0405340061395794,False,False
2025-07-21 00:00:00+00:00,16.65,19.089666666666666,2.6319381056729707,-0.9269468234865118,False,False
2025-07-22 00:00:00+00:00,16.5,18.948,2.5268690347240153,-0.968787842329696,False,False
2025-07-23 00:00:00+00:00,15.37,18.82016666666667,2.4510872659523413,-1.4076066220050096,False,False
2025-07-24 00:00:00+00:00,15.39,18.664666666666665,2.366225247288795,-1.3839200940057403,False,False
2025-07-25 00:00:00+00:00,14.93,18.511166666666668,2.271502968183448,-1.576562618155228,False,False
2025-07-28 00:00:00+00:00,15.03,18.382,2.250681102184788,-1.4893269405186451,False,False
2025-07-29 00:00:00+00:00,15.98,18.2385,2.183226367760396,-1.034478161930968,False,False
2025-07-30 00:00:00+00:00,15.48,18.092166666666667,2.0273896481223352,-1.2884383961839414,False,False
2025-07-31 00:00:00+00:00,16.72,17.957666666666668,1.9242355881941555,-0.6431991354178138,False,False
2025-08-01 00:00:00+00:00,20.38,17.861666666666668,1.8364742996051375,1.3712870002454163,False,False
2025-08-04 00:00:00+00:00,17.52,17.836333333333336,1.7897116202390404,-0.17675100823845888,False,False
2025-08-05 00:00:00+00:00,17.85,17.821833333333334,1.788673868831984,0.01574723439385871,False,False
2025-08-06 00:00:00+00:00,16.77,17.81566666666667,1.7879155239850635,-0.5848523896341563,False,False
2025-08-07 00:00:00+00:00,16.57,17.784833333333335,1.7897604154287223,-0.6787686904128626,False,False
2025-08-08 00:00:00+00:00,15.15,17.76383333333333,1.7966004542171352,-1.454877364189637,False,False
2025-08-11 00:00:00+00:00,16.25,17.728999999999996,1.8269338024807806,-0.8095531419866838,False,False
2025-08-12 00:00:00+00:00,14.73,17.697499999999998,1.835998435249905,-1.6162867805473262,False,False
2025-08-13 00:00:00+00:00,14.49,17.6415,1.8746586807988082,-1.6811060233413366,False,False
2025-08-14 00:00:00+00:00,14.83,17.535166666666665,1.8693636111621648,-1.4471056623301284,False,False
2025-08-15 00:00:00+00:00,15.09,17.444333333333336,1.8661365570933668,-1.261608280693225,False,False
2025-08-18 00:00:00+00:00,14.99,17.324333333333335,1.7787058394460808,-1.3123773934763074,False,False
2025-08-19 00:00:00+00:00,15.57,17.231333333333332,1.7518014618057194,-0.9483570881490558,False,False
2025-08-20 00:00:00+00:00,15.69,17.174833333333332,1.7497694682709264,-0.8485879770211122,False,False
2025-08-21 00:00:00+00:00,16.6,17.114500000000003,1.737264970081968,-0.2961551685323664,False,False
2025-08-22 00:00:00+00:00,14.22,17.0715,1.7170864414642424,-1.6606618811621319,False,False
2025-08-25 00:00:00+00:00,14.79,16.999000000000002,1.7443610845301025,-1.2663662469832417,False,False
2025-08-26 00:00:00+00:00,14.62,16.9395,1.757983653344483,-1.319409310540094,False,False
2025-08-27 00:00:00+00:00,14.85,16.888333333333332,1.7803048364640088,-1.1449350086481886,False,False
2025-08-28 00:00:00+00:00,14.43,16.842333333333336,1.7969214414295738,-1.3424812447082608,False,False
2025-08-29 00:00:00+00:00,15.36,16.774833333333333,1.8103782652472096,-0.7815125493346202,False,False
2025-09-01 00:00:00+00:00,16.12,16.751333333333335,1.8195701361114511,-0.34696839698772897,False,False
2025-09-02 00:00:00+00:00,17.17,16.733999999999998,1.8205644496300841,0.23948616600120542,False,False
2025-09-03 00:00:00+00:00,16.35,16.737666666666666,1.8212282749235982,-0.2128600088217537,False,False
2025-09-04 00:00:00+00:00,15.3,16.7225,1.8205937055478958,-0.781338524715984,False,False
2025-09-05 00:00:00+00:00,15.18,16.67716666666667,1.821602099538259,-0.8218955539446137,False,False
2025-09-08 00:00:00+00:00,15.11,16.583166666666667,1.7482392999015166,-0.8426573334380799,False,False
2025-09-09 00:00:00+00:00,15.04,16.5165,1.7263794042620664,-0.8552581178591651,False,False
2025-09-10 00:00:00+00:00,15.35,16.407166666666665,1.602242170133471,-0.6598045453881674,False,False
2025-09-11 00:00:00+00:00,14.71,16.327333333333332,1.5308398787808823,-1.0565006541515822,False,False
2025-09-12 00:00:00+00:00,14.76,16.203,1.3392146699487573,-1.0774971573864356,False,False
2025-09-15 00:00:00+00:00,15.69,16.105333333333334,1.220004816144175,-0.3404358145453848,False,False
2025-09-16 00:00:00+00:00,16.36,16.03633333333333,1.118640165205765,0.2893393932508511,False,False
2025-09-17 00:00:00+00:00,15.72,16.017666666666667,1.1033821144091556,-0.26977659215190586,False,False
2025-09-18 00:00:00+00:00,15.7,16.000333333333334,1.0996855739639657,-0.27310836883195827,False,False
2025-09-19 00:00:00+00:00,15.45,15.9855,1.0975974146964342,-0.48788380223007866,False,False
2025-09-22 00:00:00+00:00,16.1,15.971,1.0988494753577747,0.1173955149389321,False,False
2025-09-23 00:00:00+00:00,16.64,15.9605,1.0944752244576768,0.6208454835847927,False,False
2025-09-24 00:00:00+00:00,16.18,15.957333333333333,1.092189321558686,0.20387185835958807,False,False
2025-09-25 00:00:00+00:00,16.74,15.949666666666667,1.0889257132798709,0.725791781473162,False,False
2025-09-26 00:00:00+00:00,15.29,15.955666666666666,1.0923235484350804,-0.6094042993216939,False,False
2025-09-29 00:00:00+00:00,16.12,15.919166666666666,1.0770066673816108,0.18647362120941735,False,False
2025-09-30 00:00:00+00:00,16.28,15.891333333333334,1.04905521120707,0.37049209852306775,False,False
2025-10-01 00:00:00+00:00,16.29,15.8825,1.0434048323015919,0.39054831584507427,False,False
2025-10-02 00:00:00+00:00,16.63,15.888333333333332,1.0447092964680706,0.7099263586282585,False,False
2025-10-03 00:00:00+00:00,16.65,15.9025,1.0489698336305606,0.7126039053123645,False,False
2025-10-06 00:00:00+00:00,16.37,15.906666666666666,1.051473004992762,0.44065166783480486,False,False
2025-10-07 00:00:00+00:00,17.24,15.892833333333332,1.0395616606677074,1.2958987596766365,False,False
2025-10-08 00:00:00+00:00,16.3,15.8905,1.0363191462497803,0.39514854230175633,False,False
2025-10-09 00:00:00+00:00,16.43,15.876166666666668,1.0243411965786424,0.5406727125523861,False,False
2025-10-10 00:00:00+00:00,21.66,15.874666666666666,1.0234479223292356,5.652787217708802,True,False
2025-10-13 00:00:00+00:00,19.03,15.962166666666665,1.2657376648266105,2.4237513179744,True,True
2025-10-14 00:00:00+00:00,20.81,16.001833333333334,1.3236281566881527,3.632566021183146,True,True
2025-10-15 00:00:00+00:00,20.64,16.073666666666664,1.4609504297527132,3.125590875869932,True,True
2025-10-16 00:00:00+00:00,25.31,16.1615,1.5721170278179368,5.819223275444012,True,True
2025-10-17 00:00:00+00:00,20.78,16.326833333333333,1.9627086883903104,2.2688882425638384,True,True
2025-10-20 00:00:00+00:00,18.23,16.424333333333333,2.036074960049471,0.886837028152831,False,True
2025-10-21 00:00:00+00:00,17.87,16.477666666666668,2.0408376202170047,0.6822362149445701,False,False
2025-10-22 00:00:00+00:00,18.6,16.50916666666667,2.0476007387460453,1.0211137814951965,False,False
2025-10-23 00:00:00+00:00,17.3,16.56116666666667,2.0605973230319017,0.35855299095809495,False,False
2025-10-24 00:00:00+00:00,16.37,16.570833333333333,2.0627144298743016,-0.09736361486818625,False,False
2025-10-27 00:00:00+00:00,15.79,16.504,2.0012506259335,-0.35677690277645807,False,False
2025-10-28 00:00:00+00:00,16.42,16.475166666666667,1.9988254955309457,-0.027599541225589056,False,False
2025-10-29 00:00:00+00:00,16.92,16.451333333333334,1.9906633479758342,0.23543240857035003,False,False
2025-10-30 00:00:00+00:00,16.91,16.453833333333332,1.9911644592944624,0.2290954243067916,False,False
2025-10-31 00:00:00+00:00,17.44,16.4595,1.9919842972976904,0.4922227556362473,False,False
2025-11-03 00:00:00+00:00,17.17,16.497666666666667,1.988403981962126,0.33812713082071294,False,False
2025-11-04 00:00:00+00:00,19.0,16.512999999999998,1.9900083468019922,1.2497435018283674,False,False
2025-11-05 00:00:00+00:00,18.01,16.584166666666665,2.0014827483875597,0.7123885202018457,False,False
2025-11-06 00:00:00+00:00,19.5,16.642833333333332,1.9906179022532164,1.4353164730572299,False,False
2025-11-07 00:00:00+00:00,19.08,16.720666666666666,2.0097414174401633,1.1739487044748518,False,False
2025-11-10 00:00:00+00:00,17.6,16.787166666666668,2.020851550387415,0.40222317823271403,False,False
2025-11-11 00:00:00+00:00,17.28,16.830666666666666,2.0095702101148873,0.22359673280967224,False,False
2025-11-12 00:00:00+00:00,17.51,16.859166666666667,2.0035048033827634,0.3248474035272852,False,False
2025-11-13 00:00:00+00:00,20.0,16.8895,1.9992765004937154,1.5558128149017254,False,False
2025-11-14 00:00:00+00:00,19.83,16.946166666666667,2.0387268307446575,1.414526600545103,False,False
2025-11-17 00:00:00+00:00,22.38,17.039666666666665,2.0402226254957103,2.617524806654764,True,False
2025-11-18 00:00:00+00:00,24.69,17.166166666666665,2.1316263319849815,3.5296211256346712,True,True
2025-11-19 00:00:00+00:00,23.66,17.334,2.3161958876211743,2.7312025005350713,True,True
2025-11-20 00:00:00+00:00,26.42,17.480833333333337,2.432392483151752,3.675051098284852,True,True
2025-11-21 00:00:00+00:00,23.43,17.68066666666667,2.659427022950293,2.161869186000517,True,True
2025-11-24 00:00:00+00:00,20.52,17.815166666666663,2.7428319471667013,0.9861462114466705,False,True
2025-11-25 00:00:00+00:00,18.56,17.8885,2.7555317706362703,0.24369161958344776,False,False
2025-11-26 00:00:00+00:00,17.19,17.91166666666667,2.755231797851102,-0.2619259356797202,False,False
2025-11-27 00:00:00+00:00,17.21,17.925666666666665,2.7492898107110584,-0.260309649378713,False,False
2025-11-28 00:00:00+00:00,16.35,17.9575,2.7293580452161033,-0.588966333243655,False,False
2025-12-01 00:00:00+00:00,17.24,17.977,2.7133101305250014,-0.2716239443875879,False,False
2025-12-02 00:00:00+00:00,16.59,18.0125,2.68898861019632,-0.529009306549701,False,False
2025-12-03 00:00:00+00:00,16.08,18.038333333333334,2.667305608482533,-0.7341990835641284,False,False
2025-12-04 00:00:00+00:00,15.78,18.0505,2.6564781228069583,-0.8547030673833987,False,False
2025-12-05 00:00:00+00:00,15.41,18.06833333333333,2.637194301774817,-1.0080157277544122,False,False
2025-12-08 00:00:00+00:00,16.66,18.079166666666666,2.624679022614812,-0.5407010359890918,False,False
2025-12-09 00:00:00+00:00,16.93,18.095333333333333,2.6126734581407014,-0.4460309916274947,False,False
2025-12-10 00:00:00+00:00,15.77,18.104833333333332,2.607287369927098,-0.8955028740842694,False,False
2025-12-11 00:00:00+00:00,14.85,18.105666666666664,2.6065200950026366,-1.249047215445838,False,False
2025-12-12 00:00:00+00:00,15.74,18.0915,2.6220801840386683,-0.8968070520170338,False,False
2025-12-15 00:00:00+00:00,16.5,18.096333333333334,2.6173916157234345,-0.6098947225717749,False,False
2025-12-16 00:00:00+00:00,16.48,18.103,2.6127258964867184,-0.6211903063319492,False,False
2025-12-17 00:00:00+00:00,17.62,18.10033333333333,2.614325571173803,-0.18373126079995702,False,False
2025-12-18 00:00:00+00:00,16.87,18.124333333333333,2.602982882580769,-0.48188305106705226,False,False
2025-12-19 00:00:00+00:00,14.91,18.126500000000004,2.6018649276428154,-1.2362286626900432,False,False
2025-12-22 00:00:00+00:00,14.08,18.120166666666666,2.609338179398392,-1.5483491938933593,False,False
2025-12-23 00:00:00+00:00,14.0,18.086166666666667,2.6488341481934277,-1.5426283557441816,False,False
2025-12-24 00:00:00+00:00,13.47,18.048166666666667,2.6912000295171086,-1.7011617926773517,False,False
2026-03-27 00:00:00+00:00,31.05,20.002000000000002,4.062254446295037,2.7196720801367533,True,False
2026-03-30 00:00:00+00:00,30.61,20.27766666666667,4.2405417653031074,2.4365597381623223,True,True
2026-03-31 00:00:00+00:00,25.25,20.539499999999997,4.3854031471137365,1.0741315774127242,True,True
2026-04-01 00:00:00+00:00,24.54,20.714499999999997,4.359884318555903,0.8774315372814979,False,True
2026-04-02 00:00:00+00:00,23.87,20.86716666666667,4.330197510533353,0.6934633642065604,False,False
2026-06-29 00:00:00+00:00,17.65,18.157833333333333,1.9125996964531822,-0.2655199278108665,False,False
2026-06-30 00:00:00+00:00,16.45,18.049166666666668,1.7429152392116414,-0.9175240600856797,False,False
2026-07-01 00:00:00+00:00,16.59,17.893666666666665,1.4295204442636238,-0.9119608410624802,False,False
2026-07-02 00:00:00+00:00,16.15,17.8195,1.3780253927462767,-1.211516136631448,False,False
2026-07-03 00:00:00+00:00,15.81,17.76383333333333,1.3768609492062005,-1.4190491308942785,False,False
2026-07-06 00:00:00+00:00,15.57,17.706833333333336,1.3858968725145455,-1.5418415148425184,False,False
2026-07-07 00:00:00+00:00,16.13,17.64766666666667,1.4002473954141927,-1.0838560897431595,False,False
2026-07-08 00:00:00+00:00,16.9,17.6105,1.4105767843011672,-0.503694664414882,False,False
2026-07-09 00:00:00+00:00,15.84,17.589333333333336,1.4115670660381465,-1.2392846046225774,False,False
2026-07-10 00:00:00+00:00,15.03,17.554333333333332,1.4286563162843355,-1.7669283399793771,False,False
2026-07-13 00:00:00+00:00,17.16,17.5135,1.4653579709591338,-0.24123798212161146,False,False
2026-07-14 00:00:00+00:00,16.5,17.485,1.4551212891385759,-0.6769195168487393,False,False
2026-07-15 00:00:00+00:00,15.67,17.435,1.43612767951426,-1.2289993606954035,False,False
2026-07-16 00:00:00+00:00,16.73,17.380833333333335,1.4404522496835548,-0.45182569118574584,False,False
2026-07-17 00:00:00+00:00,18.77,17.337833333333332,1.4202543239277092,1.0083874715522883,False,False
2026-07-20 00:00:00+00:00,18.65,17.338833333333334,1.4212576093351204,0.9225397690430259,False,False
2026-07-21 00:00:00+00:00,17.05,17.349333333333334,1.4286830093640528,-0.2095169686847294,False,False
2026-07-22 00:00:00+00:00,16.64,17.336333333333332,1.4277835930921572,-0.4877022937525704,False,False
2026-07-23 00:00:00+00:00,18.7,17.300166666666666,1.4172669947705179,0.98769909868676,False,False
2026-07-24 00:00:00+00:00,18.58,17.330333333333332,1.4276138283655133,0.8753534337065225,False,False
2026-07-27 00:00:00+00:00,18.67,17.356833333333334,1.435922300512787,0.9145109496507702,False,False
