entry_time,exit_time,entry_price,exit_price,gross_return,capital_at_entry,capital_at_exit,trade_return,note,asset
2018-02-20 00:00:00+00:00,2018-02-26 00:00:00+00:00,11147.11,9590.0,-0.1396873270291583,9985.0,8577.336706554433,-0.1409777960386146,,BTC
2018-03-04 00:00:00+00:00,2018-03-09 00:00:00+00:00,11464.47,9267.07,-0.19167043919169396,8564.470701494602,6912.530468433694,-0.19288293353290642,,BTC
2018-04-16 00:00:00+00:00,2018-05-11 00:00:00+00:00,8355.07,9002.21,0.07745476698579419,6902.161672731044,7425.61184629552,0.07583858483531558,,BTC
2018-07-18 00:00:00+00:00,2018-08-03 00:00:00+00:00,7317.44,7525.71,0.028462139764726523,7414.473428526077,7614.066949719342,0.026919446555079496,,BTC
2018-08-28 00:00:00+00:00,2018-09-07 00:00:00+00:00,6907.26,6516.84,-0.05652313652591622,7602.645849294763,7162.16107930689,-0.057938351821127276,,BTC
2018-10-16 00:00:00+00:00,2018-10-26 00:00:00+00:00,6752.5,6528.13,-0.033227693446871515,7151.41783768793,6903.422028989647,-0.03467785190670125,,BTC
2019-02-10 00:00:00+00:00,2019-03-05 00:00:00+00:00,3665.18,3716.1,0.013892905669025825,6893.066895946163,6978.3483766656755,0.012372066310522456,,BTC
2019-03-17 00:00:00+00:00,2019-06-05 00:00:00+00:00,4005.98,7687.04,0.918891257569933,6967.880854100677,13350.549746240624,0.9160129206835781,,BTC
2019-06-16 00:00:00+00:00,2019-07-15 00:00:00+00:00,8810.77,10174.18,0.15474356951776064,13330.523921621263,15370.246771629641,0.15301145416348394,,BTC
2019-08-05 00:00:00+00:00,2019-08-15 00:00:00+00:00,10929.99,10055.16,-0.08003941449168754,15347.191401472197,14097.632970825092,-0.08141935536994993,,BTC
2019-10-26 00:00:00+00:00,2019-11-09 00:00:00+00:00,8655.88,8773.74,0.01361617767344286,14076.486521368855,14246.752231167346,0.012095753406932808,,BTC
2020-01-07 00:00:00+00:00,2020-01-26 00:00:00+00:00,7758.9,8340.01,0.07489592596888742,14225.382102820595,15267.869059771076,0.07328358207993424,,BTC
2020-01-29 00:00:00+00:00,2020-02-18 00:00:00+00:00,9375.34,9706.0,0.03526912090654844,15244.96725618142,15758.969883781723,0.033716217225188805,,BTC
2020-04-03 00:00:00+00:00,2020-04-16 00:00:00+00:00,6793.86,6621.25,-0.025406764343097986,15735.331428956051,15312.544250122803,-0.02686865419658324,,BTC
2020-04-24 00:00:00+00:00,2020-05-12 00:00:00+00:00,7483.96,8562.04,0.14405207938043507,15289.57543374762,17465.832461971244,0.14233600126136414,,BTC
2020-06-02 00:00:00+00:00,2020-06-12 00:00:00+00:00,10202.71,9278.88,-0.09054751139648191,17439.633713278286,15836.727503453441,-0.09191169012938705,,BTC
2020-07-23 00:00:00+00:00,2020-08-26 00:00:00+00:00,9518.16,11318.42,0.18913949754994666,15812.972412198262,18775.62432390909,0.18735578830362187,,BTC
2020-10-11 00:00:00+00:00,2020-11-28 00:00:00+00:00,11293.22,17139.53,0.5176831762774479,18747.46088742323,28410.026927781564,0.5154066515130316,,BTC
2020-12-01 00:00:00+00:00,2020-12-11 00:00:00+00:00,19695.87,18254.81,-0.07316559258362275,28367.411887389895,26252.455546505433,-0.07455584419474726,,BTC
2020-12-17 00:00:00+00:00,2021-01-22 00:00:00+00:00,21335.52,30851.99,0.4460388122717422,26213.076863185677,37848.26884342906,0.44386975405333473,,BTC
2021-02-06 00:00:00+00:00,2021-02-26 00:00:00+00:00,38289.32,47073.73,0.22942193802344893,37791.49644016392,46392.0022520812,0.2275778051164139,,BTC
2021-03-12 00:00:00+00:00,2021-03-23 00:00:00+00:00,57773.15,54083.25,-0.06386876948894082,46322.41424870308,43298.81286290511,-0.06527296633470736,,BTC
2021-04-06 00:00:00+00:00,2021-04-19 00:00:00+00:00,59129.99,56150.01,-0.050397099678183545,43233.86464361076,40993.42075280708,-0.05182150402866614,,BTC
2021-05-09 00:00:00+00:00,2021-05-13 00:00:00+00:00,58866.53,49537.15,-0.15848360689852106,40931.93062167787,34393.22328350519,-0.15974588148817315,,BTC
2021-06-15 00:00:00+00:00,2021-06-20 00:00:00+00:00,40516.28,35483.72,-0.12421081106162751,34341.63344857994,30030.91725779358,-0.12552449484503514,,BTC
2021-07-26 00:00:00+00:00,2021-09-08 00:00:00+00:00,35381.02,46868.57,0.32468114260131575,29985.87088190689,39662.13512518733,0.32269412088741367,,BTC
2021-10-05 00:00:00+00:00,2021-10-27 00:00:00+00:00,49224.93,60328.81,0.22557431772884182,39602.64192249955,48463.176883145374,0.2237359562522485,,BTC
2021-11-09 00:00:00+00:00,2021-11-17 00:00:00+00:00,67525.82,60058.87,-0.11057918289626106,48390.482117820655,42974.942892058,-0.11191331412191663,,BTC
2022-02-07 00:00:00+00:00,2022-02-18 00:00:00+00:00,42380.87,40515.71,-0.04400947880494203,42910.48047771992,40960.47957773089,-0.04544346458673454,,BTC
2022-03-24 00:00:00+00:00,2022-04-07 00:00:00+00:00,42882.76,43170.47,0.006709223007101201,40899.03885836429,41111.6794713949,0.005199159172590617,,BTC
2022-05-31 00:00:00+00:00,2022-06-11 00:00:00+00:00,31734.23,29091.87,-0.08326529428947861,41050.01195218781,37575.52267046268,-0.08464039634804432,,BTC
2022-07-08 00:00:00+00:00,2022-08-20 00:00:00+00:00,21624.99,20834.39,-0.036559554478406794,37519.15938645699,36093.25442143147,-0.038004715146688905,,BTC
2022-09-11 00:00:00+00:00,2022-09-21 00:00:00+00:00,21647.21,18874.31,-0.12809502933634395,36039.114539799324,31375.54908090952,-0.12940288679233936,,BTC
2022-10-05 00:00:00+00:00,2022-10-21 00:00:00+00:00,20337.82,19041.92,-0.06371872698253803,31328.48575728816,29288.27611475337,-0.06512314889206416,,BTC
2022-10-27 00:00:00+00:00,2022-11-09 00:00:00+00:00,20771.61,18545.38,-0.10717657417985411,29244.34370058124,26070.870075921823,-0.1085158093185844,,BTC
2022-12-09 00:00:00+00:00,2022-12-17 00:00:00+00:00,17224.1,16631.5,-0.03440528097259065,26031.763770807942,25098.429423625097,-0.03585367305113174,,BTC
2023-01-07 00:00:00+00:00,2023-02-07 00:00:00+00:00,16950.31,22762.52,0.3428969735656751,25060.781779489662,33603.56693485618,0.34088262810532655,,BTC
2023-02-16 00:00:00+00:00,2023-02-26 00:00:00+00:00,24322.87,23157.07,-0.047930199026677334,33553.1615844539,31897.034443929155,-0.04935830372813721,,BTC
2023-03-15 00:00:00+00:00,2023-04-21 00:00:00+00:00,24670.41,28243.65,0.1448391007688969,31849.188892263264,36407.50347647996,0.1431218421177436,,BTC
2023-05-29 00:00:00+00:00,2023-06-06 00:00:00+00:00,28065.01,25728.2,-0.08326417842003256,36352.89222126524,33276.009519493695,-0.08463928215240246,,BTC
2023-06-21 00:00:00+00:00,2023-07-07 00:00:00+00:00,28308.0,29895.42,0.056076727426875736,33226.095505214456,35036.67224701023,0.054492612335735435,,BTC
2023-07-14 00:00:00+00:00,2023-07-18 00:00:00+00:00,31454.23,30138.01,-0.041845564173721664,34984.117238639716,33469.90683499571,-0.043282795827461196,,BTC
2023-10-02 00:00:00+00:00,2023-10-12 00:00:00+00:00,27992.58,26875.52,-0.039905574977369046,33419.70197474322,32037.94044754098,-0.04134571661490283,,BTC
2023-10-17 00:00:00+00:00,2023-12-30 00:00:00+00:00,28500.77,42066.94,0.47599310474769635,31989.88353686967,47146.02225081833,0.4737791150905748,,BTC
2024-01-02 00:00:00+00:00,2024-01-13 00:00:00+00:00,44179.55,42782.74,-0.031616664271139135,47075.3032174421,45518.558751413926,-0.03306923927473249,,BTC
2024-02-08 00:00:00+00:00,2024-03-17 00:00:00+00:00,44349.6,65300.64,0.47240651550408574,45450.280913286806,66820.90781359216,0.47019790573082965,,BTC
2024-04-09 00:00:00+00:00,2024-04-14 00:00:00+00:00,71620.0,63924.52,-0.1074487573303547,66720.67645187177,59462.29524485918,-0.10878758419435897,,BTC
2024-05-16 00:00:00+00:00,2024-06-01 00:00:00+00:00,66206.51,67540.01,0.020141523847126214,59373.1018019919,60478.11309799286,0.018611311561355537,,BTC
2024-07-16 00:00:00+00:00,2024-08-01 00:00:00+00:00,64724.06,64628.01,-0.0014839921970283638,60387.39592834587,60207.33483173336,-0.0029817662087328056,,BTC
2024-08-24 00:00:00+00:00,2024-09-01 00:00:00+00:00,64037.24,58974.0,-0.07906711782081798,60117.02382948576,55280.69840728791,-0.08044851714408663,,BTC
2024-09-19 00:00:00+00:00,2024-10-02 00:00:00+00:00,61759.98,60804.92,-0.015464059411936418,55197.777359676984,54262.67935770334,-0.01694086332281841,,BTC
2024-10-15 00:00:00+00:00,2024-12-22 00:00:00+00:00,66084.0,97292.0,0.47224744264875007,54181.285338666785,79648.60639110548,0.4700390714847771,,BTC
2025-01-18 00:00:00+00:00,2025-02-02 00:00:00+00:00,104077.47,100635.66,-0.03306969318143492,79529.13348151883,76783.78074414216,-0.034520088641662894,,BTC
2025-04-22 00:00:00+00:00,2025-05-31 00:00:00+00:00,87516.22,103985.47,0.18818511585623784,76668.60507302594,90959.85065812763,0.1864028381824534,,BTC
2025-07-03 00:00:00+00:00,2025-08-01 00:00:00+00:00,108849.59,115764.07,0.06352325259102962,90823.41088214044,96447.92013875634,0.06192796771214315,,BTC
2025-08-13 00:00:00+00:00,2025-08-19 00:00:00+00:00,120134.09,116227.05,-0.032522325677915354,96303.2482585482,93031.48579086032,-0.03397354218939841,,BTC
2025-09-13 00:00:00+00:00,2025-09-22 00:00:00+00:00,116029.41,115232.29,-0.006869982360506788,92891.93856217404,92115.3919239444,-0.00835967738696608,,BTC
2025-10-02 00:00:00+00:00,2025-10-11 00:00:00+00:00,118594.99,112774.49,-0.049078801726784575,91977.21883605848,87331.89251869837,-0.05050518352419431,,BTC
2026-01-04 00:00:00+00:00,2026-01-21 00:00:00+00:00,90628.01,88427.66,-0.024278917742980247,87200.89467992033,84956.12570387595,-0.025742499366365745,,BTC
2026-03-05 00:00:00+00:00,2026-03-22 00:00:00+00:00,72666.77,68918.12,-0.05158685324805284,84828.69151532014,80331.96728551264,-0.053009472968180704,,BTC
2026-04-08 00:00:00+00:00,2026-05-16 00:00:00+00:00,71924.22,79113.2,0.09995214407608446,80211.46933458437,88096.43450755808,0.09830221585997045,,BTC
2026-07-15 00:00:00+00:00,2026-07-27 00:00:00+00:00,65043.99,63755.86,-0.01980398188979485,87964.28985579674,86092.91328256507,-0.021274275916960073,forced_close_at_sample_end,BTC
2018-04-16 00:00:00+00:00,2018-05-18 00:00:00+00:00,533.88,667.62,0.2505057316250843,9985.0,12467.570280681053,0.2486299730276469,,ETH
2018-07-18 00:00:00+00:00,2018-08-01 00:00:00+00:00,498.89,432.2,-0.13367676241255588,12448.868925260032,10768.567314985548,-0.13497624726893698,,ETH
2018-11-07 00:00:00+00:00,2018-11-15 00:00:00+00:00,220.77,187.43,-0.15101689541151425,10752.41446401307,9114.925286159736,-0.15229037006839696,,ETH
2018-12-24 00:00:00+00:00,2019-01-11 00:00:00+00:00,129.03,124.96,-0.031543052003410114,9101.252898230498,8800.950347358279,-0.03299573742540485,,ETH
2019-02-11 00:00:00+00:00,2019-03-04 00:00:00+00:00,125.12,130.6,0.04379795396419429,8787.748921837243,9158.875393047922,0.042232257033248066,,ETH
2019-03-17 00:00:00+00:00,2019-03-26 00:00:00+00:00,140.94,133.97,-0.04945366822761458,9145.137079958351,8679.83719015267,-0.050879487725273176,,ETH
2019-03-30 00:00:00+00:00,2019-04-16 00:00:00+00:00,143.25,159.91,0.11630017452006979,8666.817434367442,9660.257659796182,0.11462572425828954,,ETH
2019-05-12 00:00:00+00:00,2019-06-05 00:00:00+00:00,190.2,241.46,0.2695057833859097,9645.767273306488,12226.989302649137,0.26760152471083076,,ETH
2019-06-18 00:00:00+00:00,2019-07-03 00:00:00+00:00,273.14,291.47,0.06710844255693066,12208.648818695165,13008.410298302346,0.06550777989309542,,ETH
2019-08-06 00:00:00+00:00,2019-08-11 00:00:00+00:00,233.53,206.48,-0.11583094249132879,12988.897682854893,11467.154850192885,-0.11715719607759179,,ETH
2019-09-16 00:00:00+00:00,2019-09-25 00:00:00+00:00,189.05,165.72,-0.12340650621528702,11449.954117917596,10021.899850974196,-0.12472139645596414,,ETH
2019-11-07 00:00:00+00:00,2019-11-16 00:00:00+00:00,191.16,179.99,-0.05843272651182249,10006.867001197736,9408.005270758853,-0.05984507742205469,,ETH
2020-01-06 00:00:00+00:00,2020-01-25 00:00:00+00:00,135.37,162.51,0.20048755263352283,9393.893262852715,11260.33605492336,0.1986868213045725,,ETH
2020-01-29 00:00:00+00:00,2020-02-26 00:00:00+00:00,175.58,246.67,0.40488666135095097,11243.445550840976,15772.07303197918,0.40277933135892474,,ETH
2020-04-03 00:00:00+00:00,2020-05-11 00:00:00+00:00,141.27,187.62,0.32809513697175613,15748.414922431211,20884.02018358409,0.32610299426629874,,ETH
2020-05-29 00:00:00+00:00,2020-06-12 00:00:00+00:00,220.24,230.46,0.04640392299309843,20852.694153308716,21787.61045554699,0.044834317108608746,,ETH
2020-07-09 00:00:00+00:00,2020-07-17 00:00:00+00:00,246.94,233.58,-0.05410221106341616,21754.92903986367,20547.072368363402,-0.055521057746821145,,ETH
2020-07-23 00:00:00+00:00,2020-08-26 00:00:00+00:00,263.75,382.91,0.4517914691943129,20516.251759810857,29740.641305809106,0.44961378199052127,,ETH
2020-09-02 00:00:00+00:00,2020-09-04 00:00:00+00:00,475.4,381.35,-0.19783340344972647,29696.030343850394,23785.43184659215,-0.1990366533445519,,ETH
2020-10-12 00:00:00+00:00,2020-12-12 00:00:00+00:00,374.17,544.46,0.45511398562150895,23749.753698822264,34506.76086407911,0.4529313146430769,,ETH
2020-12-17 00:00:00+00:00,2020-12-24 00:00:00+00:00,637.18,585.48,-0.08113876769515668,34455.00072278299,31611.875376565844,-0.08251705954361399,,ETH
2020-12-28 00:00:00+00:00,2021-02-23 00:00:00+00:00,685.1,1777.42,1.5943949788352068,31564.457563500997,81767.83420708535,1.5905033863669544,,ETH
2021-04-02 00:00:00+00:00,2021-05-18 00:00:00+00:00,1968.05,3282.25,0.6677675872056097,81645.18245577473,135960.94116780238,0.6652659358248014,,ETH
2021-07-29 00:00:00+00:00,2021-08-18 00:00:00+00:00,2300.9,3011.73,0.3089356338823938,135756.99975605067,177430.62876786367,0.30697223043157007,,ETH
2021-09-01 00:00:00+00:00,2021-09-11 00:00:00+00:00,3429.19,3208.85,-0.0642542407973895,177164.4828247119,165532.24211432107,-0.06565785943619329,,ETH
2021-10-07 00:00:00+00:00,2021-11-17 00:00:00+00:00,3574.88,4209.59,0.177547218368169,165283.9437511496,194337.7037327795,0.17578089754061677,,ETH
2022-02-10 00:00:00+00:00,2022-02-19 00:00:00+00:00,3243.6,2779.3,-0.14314342089036863,194046.19717718035,166020.35606141808,-0.144428705759033,,ETH
2022-03-23 00:00:00+00:00,2022-04-07 00:00:00+00:00,2969.64,3168.52,0.06697108066971084,165771.32552732597,176607.9005264285,0.06537062404870642,,ETH
2022-07-17 00:00:00+00:00,2022-08-20 00:00:00+00:00,1355.84,1609.0,0.18671819683738503,176342.9886756389,208955.5293957505,0.1849381195421289,,ETH
2022-09-10 00:00:00+00:00,2022-09-16 00:00:00+00:00,1718.24,1472.76,-0.14286711984356087,208642.09610165688,178565.74975235946,-0.14415281916379563,,ETH
2022-10-24 00:00:00+00:00,2022-11-09 00:00:00+00:00,1364.19,1334.78,-0.02155858054963024,178297.90112773093,174192.3703872421,-0.02302624267880571,,ETH
2022-12-03 00:00:00+00:00,2022-12-17 00:00:00+00:00,1295.58,1166.82,-0.09938405964896031,173931.08183166123,156410.13716286508,-0.10073498355948685,,ETH
2023-01-07 00:00:00+00:00,2023-02-10 00:00:00+00:00,1269.13,1545.35,0.2176451584944015,156175.5219571208,189881.1186341446,0.21581869075665994,,ETH
2023-02-16 00:00:00+00:00,2023-02-26 00:00:00+00:00,1674.92,1594.58,-0.04796647004036022,189596.2969561934,180231.2788106932,-0.04939452033529956,,ETH
2023-03-14 00:00:00+00:00,2023-03-28 00:00:00+00:00,1673.44,1715.21,0.024960560283009837,179960.93189247718,184176.17829519365,0.02342311944258535,,ETH
2023-04-01 00:00:00+00:00,2023-04-22 00:00:00+00:00,1821.52,1848.77,0.014960033378716677,183899.91402775087,186371.08628562925,0.0134375933286488,,ETH
2023-05-29 00:00:00+00:00,2023-06-06 00:00:00+00:00,1908.64,1810.49,-0.05142405063291144,186091.52965620082,176257.1664886852,-0.052846914556962,,ETH
2023-06-24 00:00:00+00:00,2023-07-23 00:00:00+00:00,1892.63,1866.52,-0.013795617738279604,175992.7807389522,173304.504333764,-0.0152749243116721,,ETH
2023-09-29 00:00:00+00:00,2023-10-10 00:00:00+00:00,1653.0,1580.13,-0.044083484573502654,173044.54757726335,165168.01672221193,-0.04551735934664214,,ETH
2023-10-23 00:00:00+00:00,2023-11-22 00:00:00+00:00,1663.69,1933.01,0.161881119679748,164920.26469712862,191330.31519147396,0.16013829800022839,,ETH
2023-12-02 00:00:00+00:00,2023-12-18 00:00:00+00:00,2087.24,2196.53,0.05236101262911808,191043.31971868675,200744.9715830928,0.05078247111017453,,ETH
2023-12-28 00:00:00+00:00,2024-01-04 00:00:00+00:00,2378.35,2209.72,-0.07090209599091812,200443.85412571815,185952.61679259734,-0.07229574284693174,,ETH
2024-01-11 00:00:00+00:00,2024-01-22 00:00:00+00:00,2584.37,2457.06,-0.04926152215046605,185673.68786740844,176262.32870069973,-0.0506876298672404,,ETH
2024-02-10 00:00:00+00:00,2024-03-17 00:00:00+00:00,2486.56,3523.09,0.41685300173734,175997.9352076487,248989.15799433313,0.41472772223473386,,ETH
2024-04-09 00:00:00+00:00,2024-04-13 00:00:00+00:00,3694.61,3237.42,-0.12374513142117843,248615.67425734166,217523.91893054254,-0.12505951372404656,,ETH
2024-05-21 00:00:00+00:00,2024-06-08 00:00:00+00:00,3661.79,3678.31,0.004511454780312356,217197.63305214673,217850.24408652433,0.0030046875981419863,,ETH
2024-07-16 00:00:00+00:00,2024-07-26 00:00:00+00:00,3483.2,3175.47,-0.08834692237023428,217523.46872039457,198008.48080607632,-0.0897144019866789,,ETH
2024-08-25 00:00:00+00:00,2024-08-28 00:00:00+00:00,2768.01,2457.33,-0.11223947890361677,197711.4680848672,175257.15527985204,-0.11357111968526123,,ETH
2024-09-21 00:00:00+00:00,2024-10-02 00:00:00+00:00,2561.4,2447.78,-0.044358553915827235,174994.26954693228,166980.92914106447,-0.045792016084953535,,ETH
2024-10-21 00:00:00+00:00,2024-10-26 00:00:00+00:00,2746.91,2440.63,-0.1114998307188804,166730.4577473529,147917.82987294235,-0.11283258097280202,,ETH
2024-11-08 00:00:00+00:00,2024-12-19 00:00:00+00:00,2895.47,3626.8,0.25257730178520255,147695.95312813294,184723.0975561498,0.25069843583252505,,ETH
2025-04-27 00:00:00+00:00,2025-06-06 00:00:00+00:00,1820.87,2414.02,0.32575087732787084,184446.0129098156,244162.66923966358,0.32376225101187894,,ETH
2025-06-11 00:00:00+00:00,2025-06-21 00:00:00+00:00,2816.41,2406.49,-0.14554699067252286,243796.42523580408,208000.12032220507,-0.14682867018651402,,ETH
2025-07-04 00:00:00+00:00,2025-08-02 00:00:00+00:00,2591.26,3488.21,0.346144346765666,207688.12014172177,279158.8215359385,0.3441251302455175,,ETH
2025-08-08 00:00:00+00:00,2025-08-20 00:00:00+00:00,3910.3,4075.58,0.042267856686187696,278740.0833036346,290086.0464536125,0.04070445490115837,,ETH
2025-08-23 00:00:00+00:00,2025-09-02 00:00:00+00:00,4832.07,4314.5,-0.10711144499148392,289650.9173839321,258238.05009621047,-0.1084507778239967,,ETH
2025-10-07 00:00:00+00:00,2025-10-11 00:00:00+00:00,4684.02,3829.72,-0.18238607008509797,257850.69302106617,210506.08497455655,-0.18361249097997034,,ETH
2025-12-10 00:00:00+00:00,2025-12-16 00:00:00+00:00,3318.04,2964.85,-0.10644537136381721,210190.32584709473,187534.8137473862,-0.1077857033067714,,ETH
2026-01-03 00:00:00+00:00,2026-01-21 00:00:00+00:00,3125.46,2939.88,-0.059376859726248274,187253.51152676513,175870.7835605336,-0.060787794436658826,,ETH
2026-03-05 00:00:00+00:00,2026-03-23 00:00:00+00:00,2127.28,2053.9,-0.0344947538640894,175606.97738519282,169295.13373658867,-0.035943011733293284,,ETH
2026-04-08 00:00:00+00:00,2026-04-30 00:00:00+00:00,2240.01,2252.9,0.005754438596256209,169041.1910359838,169758.90729775335,0.004245806938361962,,ETH
2026-07-07 00:00:00+00:00,2026-07-27 00:00:00+00:00,1799.56,1892.53,0.051662628642557086,169504.26893680674,177993.91307866276,0.05008513469959319,forced_close_at_sample_end,ETH
2020-09-01 00:00:00+00:00,2020-09-06 00:00:00+00:00,4.7432,2.6119,-0.449337999662675,9985.0,5490.112533258139,-0.45016399266318086,,SOL
2020-11-09 00:00:00+00:00,2020-11-27 00:00:00+00:00,2.1515,1.9117,-0.11145712293748548,5481.877364458252,4863.576760491931,-0.11278993725307906,,SOL
2021-01-02 00:00:00+00:00,2021-01-22 00:00:00+00:00,1.8421,2.9893,0.6227674936214104,4856.281395351193,7868.794664871961,0.6203333423809785,,SOL
2021-01-27 00:00:00+00:00,2021-03-05 00:00:00+00:00,4.0418,13.0649,2.2324459399277545,7856.9914728746535,25359.20423626085,2.227597271017863,,SOL
2021-03-28 00:00:00+00:00,2021-04-18 00:00:00+00:00,16.4516,24.8517,0.5105947141919328,25321.16542990646,38192.643627612815,0.5083288221206452,,SOL
2021-04-19 00:00:00+00:00,2021-05-14 00:00:00+00:00,32.3324,41.051,0.26965520654204456,38135.3546621714,48346.12347275313,0.26775072373223163,,SOL
2021-05-19 00:00:00+00:00,2021-05-20 00:00:00+00:00,55.969,34.987,-0.3748860976612053,48273.604287543996,30131.236404411186,-0.37582376851471344,,SOL
2021-07-31 00:00:00+00:00,2021-09-17 00:00:00+00:00,32.354,152.3,3.7073004883476544,30086.03954980457,141411.592622244,3.700239537615132,,SOL
2021-10-04 00:00:00+00:00,2021-10-12 00:00:00+00:00,172.99,144.79,-0.163015203190936,141199.47523331066,118004.54136656746,-0.16427068038614945,,SOL
2021-10-21 00:00:00+00:00,2021-11-17 00:00:00+00:00,176.72,219.09,0.23975780896333185,117827.53455451761,145858.48966574774,0.23789817224988696,,SOL
2021-12-27 00:00:00+00:00,2021-12-30 00:00:00+00:00,197.85,170.65,-0.1374778872883497,145639.70193124912,125429.03720932936,-0.13877167045741712,,SOL
2022-03-25 00:00:00+00:00,2022-04-09 00:00:00+00:00,102.32,109.92,0.07427677873338555,125240.89365351536,134341.56872408933,0.07266536356528563,,SOL
2022-07-17 00:00:00+00:00,2022-07-26 00:00:00+00:00,39.59,36.66,-0.07400858802727978,134140.05637100321,124026.22139078393,-0.07539757514523882,,SOL
2022-08-13 00:00:00+00:00,2022-08-19 00:00:00+00:00,45.49,39.51,-0.13145746317872067,123840.18205869777,107399.12518684195,-0.13276027698395254,,SOL
2022-09-13 00:00:00+00:00,2022-09-19 00:00:00+00:00,37.44,31.1,-0.16933760683760674,107238.02649906169,88944.97783612815,-0.1705836004273502,,SOL
2022-10-31 00:00:00+00:00,2022-11-08 00:00:00+00:00,32.93,29.62,-0.10051624658366227,88811.56036937397,79764.72883430446,-0.10186547221378672,,SOL
2023-01-07 00:00:00+00:00,2023-02-06 00:00:00+00:00,13.51,23.46,0.7364914877868247,79645.08174105301,138095.5519776933,0.7338867505551447,,SOL
2023-02-21 00:00:00+00:00,2023-03-01 00:00:00+00:00,26.26,21.88,-0.16679360243716687,137888.40864972677,114717.16998035558,-0.16804341203351103,,SOL
2023-03-22 00:00:00+00:00,2023-03-28 00:00:00+00:00,22.52,19.91,-0.1158969804618117,114545.09422538505,101117.75918243229,-0.11722313499111903,,SOL
2023-04-12 00:00:00+00:00,2023-04-22 00:00:00+00:00,22.99,21.26,-0.07525010874293157,100966.08254365865,93228.32129212118,-0.07663723357981711,,SOL
2023-05-31 00:00:00+00:00,2023-06-08 00:00:00+00:00,21.25,18.64,-0.12282352941176468,93088.478810183,81532.54076020134,-0.12413929411764701,,SOL
2023-06-30 00:00:00+00:00,2023-07-25 00:00:00+00:00,18.0,23.36,0.29777777777777775,81410.24194906105,105493.92428067618,0.29583111111111116,,SOL
2023-08-15 00:00:00+00:00,2023-08-17 00:00:00+00:00,25.19,22.82,-0.09408495434696311,105335.68339425516,95282.04266035401,-0.09544382691544262,,SOL
2023-09-21 00:00:00+00:00,2023-10-12 00:00:00+00:00,20.29,22.01,0.08477082306554966,95139.11959636348,103049.33485867358,0.08314366683095153,,SOL
2023-10-17 00:00:00+00:00,2024-01-04 00:00:00+00:00,23.95,98.52,3.11356993736952,102894.76085638558,422629.89777919627,3.107399582463466,,SOL
2024-02-09 00:00:00+00:00,2024-02-22 00:00:00+00:00,102.77,105.04,0.02208815802276939,421995.9529325275,430670.0906265316,0.020555025785735426,,SOL
2024-02-29 00:00:00+00:00,2024-04-06 00:00:00+00:00,119.03,174.37,0.46492480887171306,430024.0854905918,629008.0218206672,0.46272742165840564,,SOL
2024-05-16 00:00:00+00:00,2024-06-03 00:00:00+00:00,158.52,163.14,0.029144587433762147,628064.5097879362,645399.6370212825,0.0276008705526114,,SOL
2024-07-16 00:00:00+00:00,2024-08-01 00:00:00+00:00,159.37,171.7,0.07736713308652811,644431.5375657505,693247.9240606093,0.07575108238689832,,SOL
2024-09-20 00:00:00+00:00,2024-10-03 00:00:00+00:00,142.88,140.18,-0.01889697648376252,692208.0521745185,678108.7217713695,-0.020368631019036854,,SOL
2024-10-20 00:00:00+00:00,2024-11-04 00:00:00+00:00,159.79,162.52,0.01708492396270116,677091.5586887124,687626.6270599688,0.015559296576757031,,SOL
2024-11-07 00:00:00+00:00,2024-12-03 00:00:00+00:00,186.59,225.73,0.20976472479768468,686595.1871193788,829372.7096365008,0.20795007771048812,,SOL
2025-01-18 00:00:00+00:00,2025-01-29 00:00:00+00:00,219.52,227.06,0.034347667638483924,828128.650572046,855288.0788164652,0.032796146137026305,,SOL
2025-04-18 00:00:00+00:00,2025-05-05 00:00:00+00:00,134.84,143.94,0.06748739246514383,854005.1466982405,910272.2676099164,0.0658861613764461,,SOL
2025-05-09 00:00:00+00:00,2025-05-30 00:00:00+00:00,164.46,166.71,0.013681138270704121,908906.8592085015,919959.7270150876,0.012160616563297921,,SOL
2025-07-10 00:00:00+00:00,2025-07-31 00:00:00+00:00,157.06,177.77,0.13186043550235585,918579.7874245651,1038144.5620606727,0.13016264484910245,,SOL
2025-08-13 00:00:00+00:00,2025-09-23 00:00:00+00:00,191.77,220.39,0.14924127861500744,1036587.3452175817,1189502.032564969,0.14751741669708518,,SOL
2026-01-04 00:00:00+00:00,2026-01-20 00:00:00+00:00,133.37,133.44,0.0005248556646921585,1187717.7795161216,1186558.6481808752,-0.0009759316188048262,,SOL
2026-03-05 00:00:00+00:00,2026-03-09 00:00:00+00:00,90.86,81.6,-0.10191503411842401,1184778.810208604,1062435.9892873932,-0.10326216156724644,,SOL
2026-03-16 00:00:00+00:00,2026-03-23 00:00:00+00:00,92.31,86.21,-0.06608168129130114,1060842.335303462,989253.9800663168,-0.06748255876936404,,SOL
2026-04-17 00:00:00+00:00,2026-04-30 00:00:00+00:00,89.06,83.05,-0.06748259600269486,987770.0990962173,919731.1393425323,-0.06888137210869094,,SOL
2026-05-07 00:00:00+00:00,2026-05-17 00:00:00+00:00,89.16,86.53,-0.02949753252579627,918351.5426335185,889925.5444773693,-0.030953286227007548,,SOL
2026-06-30 00:00:00+00:00,2026-07-12 00:00:00+00:00,75.17,76.79,0.02155115072502334,888590.6561606533,906379.1961134324,0.020018823998935842,,SOL
2018-07-18 00:00:00+00:00,2018-08-01 00:00:00+00:00,0.50651,0.4353,-0.1405895243924108,9985.0,8568.341778543367,-0.14187864010582207,,XRP
2018-09-21 00:00:00+00:00,2018-10-07 00:00:00+00:00,0.44877,0.4893,0.0903135236312588,8555.489265875553,9314.173399394387,0.08867805334581202,,XRP
2018-11-06 00:00:00+00:00,2018-11-17 00:00:00+00:00,0.5022,0.47805,-0.04808841099163681,9300.202139295296,8839.690741220791,-0.04951627837514927,,XRP
2018-12-21 00:00:00+00:00,2019-01-11 00:00:00+00:00,0.37228,0.32464,-0.12796819598151932,8826.43120510896,7685.383333745925,-0.1292762436875471,,XRP
2019-02-19 00:00:00+00:00,2019-02-25 00:00:00+00:00,0.32188,0.29757,-0.07552504038772213,7673.855258745306,7083.645599853435,-0.07691175282714047,,XRP
2019-04-03 00:00:00+00:00,2019-04-13 00:00:00+00:00,0.3505,0.32314,-0.07805991440798858,7073.020131453655,6511.119434208324,-0.07944282453637652,,XRP
2019-05-14 00:00:00+00:00,2019-06-10 00:00:00+00:00,0.32385,0.38528,0.18968658329473514,6501.352755057012,7722.9702877386535,0.18790205341979305,,XRP
2019-06-23 00:00:00+00:00,2019-06-28 00:00:00+00:00,0.47714,0.41061,-0.13943496667644723,7711.385832307046,6626.194782241462,-0.14072581422643238,,XRP
2019-09-18 00:00:00+00:00,2019-09-25 00:00:00+00:00,0.28553,0.23282,-0.18460406962490808,6616.255490068101,5386.775499222004,-0.18582716352047057,,XRP
2019-10-15 00:00:00+00:00,2019-10-24 00:00:00+00:00,0.29722,0.27307,-0.08125294394724449,5378.6953359731715,4934.248014572044,-0.08263106453132352,,XRP
2019-10-30 00:00:00+00:00,2019-11-09 00:00:00+00:00,0.30192,0.27546,-0.08763910969793336,4926.846642550186,4488.319595895067,-0.08900765103338637,,XRP
2020-01-07 00:00:00+00:00,2020-01-25 00:00:00+00:00,0.2231,0.22219,-0.004078888390856092,4481.587116501225,4456.612262004859,-0.005572770058269838,,XRP
2020-01-31 00:00:00+00:00,2020-02-21 00:00:00+00:00,0.24376,0.27094,0.1115031178208074,4449.927343611852,4938.688954325887,0.10983586314407634,,XRP
2020-04-03 00:00:00+00:00,2020-05-11 00:00:00+00:00,0.17828,0.19708,0.10545209782364826,4931.280920894398,5443.117896702004,0.10379391967691287,,XRP
2020-05-31 00:00:00+00:00,2020-06-10 00:00:00+00:00,0.207,0.20135,-0.02729468599033811,5434.953219856951,5278.677966531255,-0.028753743961352662,,XRP
2020-07-09 00:00:00+00:00,2020-08-12 00:00:00+00:00,0.20544,0.28308,0.37792056074766345,5270.759949581458,7251.794472535669,0.37585367990654195,,XRP
2020-08-18 00:00:00+00:00,2020-08-22 00:00:00+00:00,0.31535,0.27935,-0.11415887109560816,7240.916780826866,6404.68044258728,-0.11548763278896479,,XRP
2020-10-09 00:00:00+00:00,2020-10-17 00:00:00+00:00,0.25141,0.24014,-0.04482717473449755,6395.073421923399,6099.2377476766,-0.046259933972395806,,XRP
2020-10-23 00:00:00+00:00,2020-10-30 00:00:00+00:00,0.25703,0.24232,-0.057230673462241664,6090.088891055085,5732.936678871524,-0.05864482745204813,,XRP
2020-11-07 00:00:00+00:00,2020-12-12 00:00:00+00:00,0.2586,0.54847,1.1209203402938903,5724.337273853217,12122.65206377954,1.1177389597834497,,XRP
2021-01-31 00:00:00+00:00,2021-02-24 00:00:00+00:00,0.44369,0.4758,0.07237034866686207,12104.468085683871,12961.001952479512,0.070761793143862,,XRP
2021-03-21 00:00:00+00:00,2021-04-22 00:00:00+00:00,0.52584,1.2911,1.45530959987829,12941.560449550792,31727.874302773478,1.4516266354784726,,XRP
2021-07-29 00:00:00+00:00,2021-08-27 00:00:00+00:00,0.7327,1.0713,0.46212638187525573,31680.282491319318,46251.095950595,0.459933192302443,,XRP
2021-09-04 00:00:00+00:00,2021-09-09 00:00:00+00:00,1.2906,1.0999,-0.1477607314427397,46181.71930666911,39298.83787060845,-0.1490390903455754,,XRP
2021-10-10 00:00:00+00:00,2021-10-25 00:00:00+00:00,1.1604,1.0821,-0.0674767321613237,39239.88961380254,36537.22192715364,-0.0688755170630817,,XRP
2021-11-04 00:00:00+00:00,2021-11-17 00:00:00+00:00,1.21,1.0877,-0.10107438016528932,36482.41609426291,32745.786032852207,-0.1024227685950414,,XRP
2021-12-24 00:00:00+00:00,2021-12-30 00:00:00+00:00,0.9941,0.8172,-0.17794990443617337,32696.66735380293,26837.98107502813,-0.17918297957951923,,XRP
2022-02-08 00:00:00+00:00,2022-02-22 00:00:00+00:00,0.8314,0.7018,-0.15588164541736835,26797.72410341559,22586.520100569396,-0.15714782294924212,,XRP
2022-03-20 00:00:00+00:00,2022-04-01 00:00:00+00:00,0.8195,0.8149,-0.005613178767541243,22552.640320418544,22392.409246142048,-0.007104758999389893,,XRP
2022-07-19 00:00:00+00:00,2022-08-10 00:00:00+00:00,0.3652,0.3672,0.005476451259583794,22358.820632272837,22447.545722251725,0.003968236582694518,,XRP
2022-09-10 00:00:00+00:00,2022-10-17 00:00:00+00:00,0.3568,0.4765,0.335482062780269,22413.87440366835,29888.427232673617,0.3334788396860986,,XRP
2022-11-05 00:00:00+00:00,2022-11-09 00:00:00+00:00,0.5063,0.4059,-0.198301402330634,29843.594591824607,23889.679581778346,-0.19950395022713796,,XRP
2023-01-12 00:00:00+00:00,2023-01-31 00:00:00+00:00,0.3728,0.3933,0.05498927038626599,23853.84506240568,25127.802272396963,0.05340678648068664,,XRP
2023-03-22 00:00:00+00:00,2023-04-20 00:00:00+00:00,0.4696,0.4911,0.04578364565587726,25090.11056898837,26199.4690597946,0.04421497018739351,,XRP
2023-05-28 00:00:00+00:00,2023-06-15 00:00:00+00:00,0.4714,0.4802,0.018667798048366633,26160.16985620491,26608.549840055526,0.017139796351294256,,XRP
2023-07-14 00:00:00+00:00,2023-07-25 00:00:00+00:00,0.8151,0.702,-0.13875598086124413,26568.637015295444,22847.75660650263,-0.1400478468899523,,XRP
2023-09-21 00:00:00+00:00,2023-10-10 00:00:00+00:00,0.5213,0.5027,-0.03568003069249943,22813.484971592876,21966.49987891216,-0.037126510646460775,,XRP
2023-10-24 00:00:00+00:00,2023-11-17 00:00:00+00:00,0.5475,0.6118,0.11744292237442927,21933.550129093794,24472.726118769162,0.11576675799086789,,XRP
2023-12-07 00:00:00+00:00,2023-12-16 00:00:00+00:00,0.64,0.6156,-0.038124999999999964,24436.01702959101,23469.137289517348,-0.039567812499999966,,XRP
2024-02-15 00:00:00+00:00,2024-03-17 00:00:00+00:00,0.5378,0.603,0.12123465972480484,23433.93358358307,26235.526139781043,0.11955280773521793,,XRP
2024-05-26 00:00:00+00:00,2024-05-31 00:00:00+00:00,0.5416,0.5185,-0.042651403249630744,26196.172850571373,25041.25101474654,-0.04408742614475614,,XRP
2024-07-14 00:00:00+00:00,2024-08-03 00:00:00+00:00,0.5257,0.5606,0.06638767357808645,25003.68913822442,26623.630452144338,0.0647880920677193,,XRP
2024-09-22 00:00:00+00:00,2024-10-03 00:00:00+00:00,0.5977,0.5383,-0.09938096034800069,26583.69500646612,23905.86919432448,-0.10073188890747864,,XRP
2024-11-08 00:00:00+00:00,2024-12-22 00:00:00+00:00,0.5556,2.2379,3.027897768178545,23870.010390532996,96001.7426360589,3.021855921526278,,XRP
2025-01-12 00:00:00+00:00,2025-02-02 00:00:00+00:00,2.5764,2.8779,0.11702375407545407,95857.74002210482,106914.75955775542,0.11534821844434107,,XRP
2025-03-03 00:00:00+00:00,2025-03-10 00:00:00+00:00,2.9395,2.1388,-0.2723932641605715,106754.38741841879,77558.69854900437,-0.27348467426433054,,XRP
2025-04-23 00:00:00+00:00,2025-05-05 00:00:00+00:00,2.2138,2.1561,-0.026063781732767227,77442.36050118087,75310.78384062751,-0.027524686060168002,,XRP
2025-05-09 00:00:00+00:00,2025-05-24 00:00:00+00:00,2.3272,2.2965,-0.013191818494327927,75197.81766486657,74094.5129705075,-0.014672030766586408,,XRP
2025-07-04 00:00:00+00:00,2025-07-29 00:00:00+00:00,2.2569,3.1235,0.38397802295183664,73983.37120105173,102237.77276643421,0.3819020559174089,,XRP
2025-09-13 00:00:00+00:00,2025-09-21 00:00:00+00:00,3.1054,2.975,-0.04199136987183611,102084.41610728456,97651.05500492458,-0.04342838281702843,,XRP
2026-01-04 00:00:00+00:00,2026-01-19 00:00:00+00:00,2.0182,1.9914,-0.013279159647210461,97504.5784224172,96065.48485987315,-0.014759240907739613,,XRP
2026-03-16 00:00:00+00:00,2026-03-27 00:00:00+00:00,1.4488,1.3608,-0.06073992269464389,95921.38663258334,89959.98633022155,-0.062148812810601806,,XRP
2026-04-16 00:00:00+00:00,2026-04-29 00:00:00+00:00,1.3922,1.3806,-0.008332136187329446,89825.04635072623,88942.99691375156,-0.009819637983048413,,XRP
2026-05-11 00:00:00+00:00,2026-05-19 00:00:00+00:00,1.4735,1.3901,-0.05659993213437403,88809.58241838093,83657.29163149756,-0.058015032236172326,,XRP
