,trend_following,mean_reversion,breakout,grid,contrarian,momentum,statistical_arbitrage,dca,funding_arbitrage
trend_following,1,-0.414327,0.333232,-0.0474342,-0.232872,0.000200668,-0.139151,-0.0706644,0.00551246
mean_reversion,-0.414327,1,-0.728705,0.359196,0.21643,-0.00291792,0.1397,0.14372,-0.00868111
breakout,0.333232,-0.728705,1,-0.457224,-0.133724,0.0154791,-0.0418753,-0.110393,0.021997
grid,-0.0474342,0.359196,-0.457224,1,0.0809416,0.0729652,0.065125,-0.00939659,-0.0694072
contrarian,-0.232872,0.21643,-0.133724,0.0809416,1,-0.188772,0.231893,-0.203835,-0.0802175
momentum,0.000200668,-0.00291792,0.0154791,0.0729652,-0.188772,1,-0.197586,-0.122486,0.0080083
statistical_arbitrage,-0.139151,0.1397,-0.0418753,0.065125,0.231893,-0.197586,1,-0.0868992,-0.015493
dca,-0.0706644,0.14372,-0.110393,-0.00939659,-0.203835,-0.122486,-0.0868992,1,0.0508114
funding_arbitrage,0.00551246,-0.00868111,0.021997,-0.0694072,-0.0802175,0.0080083,-0.015493,0.0508114,1
