strategy,final_usd_value,final_cash_usd,final_xrp_units,final_xrp_equivalent,final_xrp_close,event_count,gross_spent_usd,total_costs_usd,avg_trade_return_pct,win_rate,unused_cash_usd,total_return_on_committed_capital,max_drawdown,excess_xrp_vs_daily,excess_xrp_vs_weekly,check
xrp_etf_spread_d80_l50_h48,9744.4870737286456,9744.4870737286456,0,9140.3124225951087,1.0661,9,8513.3784597838094,51.080270758702859,-0.029757356746427585,0,9744.4870737286456,-0.025551292627135402,0.10552984828100331,3871.2725020272846,3838.6281277562448,nearby_parameters
xrp_etf_spread_d80_l50_h72,9741.0054503289866,9741.0054503289866,0,9137.0466657245906,1.0661,9,8531.3238439786528,51.187943063871913,-0.022309292385516832,0.22222222222222221,9741.0054503289866,-0.025899454967101332,0.10575521893912676,3868.0067451567666,3835.3623708857267,nearby_parameters
xrp_etf_spread_d80_l50_h96,9720.6464887801194,9720.6464887801194,0,9117.9499941657614,1.0661,8,8288.0524042275138,49.728314425365078,-0.038638773872700302,0.125,9720.6464887801194,-0.027935351121988083,0.17699000533972853,3848.9100735979373,3816.2656993268974,nearby_parameters
xrp_etf_spread_d80_l55_h48,9851.3021438805772,9851.3021438805772,0,9240.5047780513796,1.0661,4,5835.7621329274334,35.014572797564604,-0.023367147687062904,0,9851.3021438805772,-0.014869785611942299,0.051719747279014405,3971.4648574835555,3938.8204832125157,nearby_parameters
xrp_etf_spread_d80_l55_h72,9846.7194027855294,9846.7194027855294,0,9236.2061746417112,1.0661,4,5802.8854812089457,34.817312887253678,-0.032417384834556133,0,9846.7194027855294,-0.015328059721447018,0.051719747279014405,3967.1662540738871,3934.5218798028473,nearby_parameters
xrp_etf_spread_d80_l55_h96,9821.9091791990359,9821.9091791990359,0,9212.9342268070868,1.0661,4,5765.0130141630543,34.59007808497833,-0.042985215793413384,0,9821.9091791990359,-0.017809082080096461,0.082039914662679791,3943.8943062392627,3911.2499319682229,nearby_parameters
xrp_etf_spread_d80_l60_h48,9894.1418431727834,9894.1418431727834,0,9280.6883436570515,1.0661,2,3462.197571229256,20.773185427375537,-0.032218850666631098,0,9894.1418431727834,-0.010585815682721655,0.051719747279014405,4011.6484230892274,3979.0040488181876,nearby_parameters
xrp_etf_spread_d80_l60_h72,9896.7493879402773,9896.7493879402773,0,9283.1342162463898,1.0661,2,3458.7938793036774,20.752763275822065,-0.036696957953746105,0,9896.7493879402773,-0.010325061205972319,0.051719747279014405,4014.0942956785657,3981.4499214075258,nearby_parameters
xrp_etf_spread_d80_l60_h96,9894.1969098224399,9894.1969098224399,0,9280.7399960814546,1.0661,2,3463.5282125461799,20.781169275277083,-0.030297042286986257,0,9894.1969098224399,-0.010580309017755973,0.051719747279014405,4011.7000755136305,3979.0557012425907,nearby_parameters
xrp_etf_spread_d100_l50_h48,9751.2377014277627,9751.2377014277627,0,9146.6444999791402,1.0661,7,8375.4800076013853,50.252880045608308,-0.029027382708453949,0,9751.2377014277627,-0.024876229857223708,0.10565285451823314,3877.6045794113161,3844.9602051402762,nearby_parameters
xrp_etf_spread_d100_l50_h72,9743.6681349088722,9743.6681349088722,0,9139.544259364855,1.0661,7,8352.9710095258561,50.117826057155135,-0.028676399440057013,0.14285714285714285,9743.6681349088722,-0.025633186509112837,0.10580385716805052,3870.5043387970309,3837.859964525991,nearby_parameters
xrp_etf_spread_d100_l50_h96,9789.0525584577463,9789.0525584577463,0,9182.1147720267763,1.0661,6,8045.9121351166268,48.275472810699767,-0.019101015949051923,0.33333333333333331,9789.0525584577463,-0.021094744154225409,0.10619350629535607,3913.0748514589523,3880.4304771879124,nearby_parameters
xrp_etf_spread_d100_l55_h48,9858.2839538421449,9858.2839538421449,0,9247.053704007265,1.0661,4,5857.7275242880569,35.146365145728339,-0.017467427819442903,0,9858.2839538421449,-0.014171604615785482,0.044411493830022075,3978.0137834394409,3945.369409168401,nearby_parameters
xrp_etf_spread_d100_l55_h72,9854.7775561527378,9854.7775561527378,0,9243.7647088947924,1.0661,4,5828.3954122337382,34.970372473402428,-0.025428804837902573,0,9854.7775561527378,-0.014522244384726268,0.049673318226202468,3974.7247883269683,3942.0804140559285,nearby_parameters
xrp_etf_spread_d100_l55_h96,9830.1243495003346,9830.1243495003346,0,9220.640042679237,1.0661,4,5791.6036173103967,34.749621703862381,-0.035407434965836398,0.25,9830.1243495003346,-0.016987565049966569,0.082235590656491886,3951.6001221114129,3918.9557478403731,nearby_parameters
xrp_etf_spread_d100_l60_h48,9901.3311411250306,9901.3311411250306,0,9287.4318929978708,1.0661,2,3469.6108317958988,20.817664990775395,-0.020419410931391095,0,9901.3311411250306,-0.0098668858874969567,0.035752615320346015,4018.3919724300467,3985.7475981590069,nearby_parameters
xrp_etf_spread_d100_l60_h72,9905.2820515017011,9905.2820515017011,0,9291.1378402604823,1.0661,2,3467.5753410795769,20.805452046477463,-0.022719797960438985,0,9905.2820515017011,-0.009471794849829851,0.038012901929405207,4022.0979196926583,3989.4535454216184,nearby_parameters
xrp_etf_spread_d100_l60_h96,9903.4273292138951,9903.4273292138951,0,9289.398113886029,1.0661,2,3473.0500313871144,20.838300188322687,-0.015141480631832287,0.5,9903.4273292138951,-0.0096572670786104764,0.038012901929405207,4020.3581933182049,3987.7138190471651,nearby_parameters
xrp_etf_spread_d120_l50_h48,9751.2377014277627,9751.2377014277627,0,9146.6444999791402,1.0661,7,8375.4800076013853,50.252880045608308,-0.029027382708453949,0,9751.2377014277627,-0.024876229857223708,0.10565285451823314,3877.6045794113161,3844.9602051402762,nearby_parameters
xrp_etf_spread_d120_l50_h72,9743.6681349088722,9743.6681349088722,0,9139.544259364855,1.0661,7,8352.9710095258561,50.117826057155135,-0.028676399440057013,0.14285714285714285,9743.6681349088722,-0.025633186509112837,0.10580385716805052,3870.5043387970309,3837.859964525991,nearby_parameters
xrp_etf_spread_d120_l50_h96,9789.0525584577463,9789.0525584577463,0,9182.1147720267763,1.0661,6,8045.9121351166268,48.275472810699767,-0.019101015949051923,0.33333333333333331,9789.0525584577463,-0.021094744154225409,0.10619350629535607,3913.0748514589523,3880.4304771879124,nearby_parameters
xrp_etf_spread_d120_l55_h48,9858.2839538421449,9858.2839538421449,0,9247.053704007265,1.0661,4,5857.7275242880569,35.146365145728339,-0.017467427819442903,0,9858.2839538421449,-0.014171604615785482,0.044411493830022075,3978.0137834394409,3945.369409168401,nearby_parameters
xrp_etf_spread_d120_l55_h72,9854.7775561527378,9854.7775561527378,0,9243.7647088947924,1.0661,4,5828.3954122337382,34.970372473402428,-0.025428804837902573,0,9854.7775561527378,-0.014522244384726268,0.049673318226202468,3974.7247883269683,3942.0804140559285,nearby_parameters
xrp_etf_spread_d120_l55_h96,9830.1243495003346,9830.1243495003346,0,9220.640042679237,1.0661,4,5791.6036173103967,34.749621703862381,-0.035407434965836398,0.25,9830.1243495003346,-0.016987565049966569,0.082235590656491886,3951.6001221114129,3918.9557478403731,nearby_parameters
xrp_etf_spread_d120_l60_h48,9901.3311411250306,9901.3311411250306,0,9287.4318929978708,1.0661,2,3469.6108317958988,20.817664990775395,-0.020419410931391095,0,9901.3311411250306,-0.0098668858874969567,0.035752615320346015,4018.3919724300467,3985.7475981590069,nearby_parameters
xrp_etf_spread_d120_l60_h72,9905.2820515017011,9905.2820515017011,0,9291.1378402604823,1.0661,2,3467.5753410795769,20.805452046477463,-0.022719797960438985,0,9905.2820515017011,-0.009471794849829851,0.038012901929405207,4022.0979196926583,3989.4535454216184,nearby_parameters
xrp_etf_spread_d120_l60_h96,9903.4273292138951,9903.4273292138951,0,9289.398113886029,1.0661,2,3473.0500313871144,20.838300188322687,-0.015141480631832287,0.5,9903.4273292138951,-0.0096572670786104764,0.038012901929405207,4020.3581933182049,3987.7138190471651,nearby_parameters
xrp_etf_spread_doubled_cost,9820.5576216431637,9820.5576216431637,0,9211.6664681016446,1.0661,4,5805.5407872133055,69.66648944655968,-0.031428804837902571,0,9820.5576216431637,-0.017944237835683663,0.0499583106890924,3942.6265475338205,3909.9821732627806,doubled_cost_primary
